0
SECTION
2
HEADER
9
$INSUNITS
70
4
9
$ACADVER
1
AC1014
9
$HANDSEED
5
FFFF
0
ENDSEC
0
SECTION
2
TABLES
0
TABLE
2
VPORT
5
8
100
AcDbSymbolTable
0
ENDTAB
0
TABLE
2
LTYPE
5
5
100
AcDbSymbolTable
0
LTYPE
5
14
100
AcDbSymbolTableRecord
100
AcDbLinetypeTableRecord
2
BYBLOCK
70
0
0
LTYPE
5
15
100
AcDbSymbolTableRecord
100
AcDbLinetypeTableRecord
2
BYLAYER
70
0
0
LTYPE
5
16
100
AcDbSymbolTableRecord
100
AcDbLinetypeTableRecord
2
DASHED
70
0
3
Dashed __ __ __ __ __ __ __ __ __ __ __ __ __ _
72
65
73
2
40
0.75
49
0.5
74
0
49
-0.25
74
0
0
ENDTAB
0
TABLE
2
LAYER
5
2
100
AcDbSymbolTable
70
3
0
LAYER
5
50
100
AcDbSymbolTableRecord
100
AcDbLayerTableRecord
2
1
70
0
62
7
6
DASHED
0
LAYER
5
51
100
AcDbSymbolTableRecord
100
AcDbLayerTableRecord
2
0
70
0
62
7
6
CONTINUOUS
0
ENDTAB
0
TABLE
2
STYLE
5
3
100
AcDbSymbolTable
70
1
0
STYLE
5
11
100
AcDbSymbolTableRecord
100
AcDbTextStyleTableRecord
2
STANDARD
70
0
0
ENDTAB
0
TABLE
2
VIEW
5
6
100
AcDbSymbolTable
70
0
0
ENDTAB
0
TABLE
2
UCS
5
7
100
AcDbSymbolTable
70
0
0
ENDTAB
0
TABLE
2
APPID
5
9
100
AcDbSymbolTable
70
2
0
APPID
5
12
100
AcDbSymbolTableRecord
100
AcDbRegAppTableRecord
2
ACAD
70
0
0
ENDTAB
0
TABLE
2
DIMSTYLE
5
A
100
AcDbSymbolTable
70
1
0
ENDTAB
0
TABLE
2
BLOCK_RECORD
5
1
100
AcDbSymbolTable
70
1
0
BLOCK_RECORD
5
1F
100
AcDbSymbolTableRecord
100
AcDbBlockTableRecord
2
*MODEL_SPACE
0
BLOCK_RECORD
5
1B
100
AcDbSymbolTableRecord
100
AcDbBlockTableRecord
2
*PAPER_SPACE
0
ENDTAB
0
ENDSEC
0
SECTION
2
BLOCKS
0
BLOCK
5
20
100
AcDbEntity
100
AcDbBlockBegin
2
*MODEL_SPACE
0
ENDBLK
5
21
100
AcDbEntity
100
AcDbBlockEnd
0
BLOCK
5
1C
100
AcDbEntity
100
AcDbBlockBegin
2
*PAPER_SPACE
0
ENDBLK
5
1D
100
AcDbEntity
100
AcDbBlockEnd
0
ENDSEC
0
SECTION
2
ENTITIES
0
POINT
5
100
100
AcDbEntity
8
0
100
AcDbPoint
10
0
20
0
30
0
0
POINT
5
101
100
AcDbEntity
8
0
100
AcDbPoint
10
0
20
60
30
0
0
SPLINE
5
102
100
AcDbEntity
8
0
100
AcDbSpline
70
4
71
5
72
26
73
20
74
0
42
0.000000001
43
0.0000000001
44
0.0000000001
40
0
40
0
40
0
40
0
40
0
40
0
40
0.066666666666666666
40
0.13333333333333333
40
0.20000000000000001
40
0.26666666666666666
40
0.33333333333333331
40
0.39999999999999997
40
0.46666666666666662
40
0.53333333333333333
40
0.59999999999999998
40
0.66666666666666663
40
0.73333333333333328
40
0.79999999999999993
40
0.86666666666666659
40
0.93333333333333324
40
1
40
1
40
1
40
1
40
1
40
1
41
1
41
1
41
1
41
1
41
1
41
1
41
1
41
1
41
1
41
1
41
1
41
1
41
1
41
1
41
1
41
1
41
1
41
1
41
1
41
1
10
12.971060128377818
20
-10.654799391167495
30
0
10
13.239652364812951
20
-10.312015473829563
30
0
10
13.746889091698067
20
-9.612270587092782
30
0
10
14.417900794015047
20
-8.520121442849808
30
0
10
15.131591398211357
20
-6.9782460776737532
30
0
10
15.715095536812056
20
-4.9081295684259203
30
0
10
15.982996799493092
20
-2.7020405365225617
30
0
10
15.932363466703709
20
-0.3788532381237194
30
0
10
15.570029672458382
20
2.0236235240210489
30
0
10
14.917196732685131
20
4.4438566888976716
30
0
10
14.002936987037245
20
6.8074065644482529
30
0
10
12.860055995506258
20
9.0352766985201285
30
0
10
11.521045201226588
20
11.053587920842062
30
0
10
10.015017653200893
20
12.802115636080311
30
0
10
8.3644791221795174
20
14.24698477310587
30
0
10
6.5851937400524658
20
15.375781370947054
30
0
10
5.0667418607651316
20
16.025502135574051
30
0
10
3.8767114990496281
20
16.372404719242237
30
0
10
3.0607716791899504
20
16.54172505679599
30
0
10
2.6471551282403638
20
16.610898429708328
30
0
0
SPLINE
5
103
100
AcDbEntity
8
0
100
AcDbSpline
70
4
71
5
72
31
73
25
74
0
42
0.000000001
43
0.0000000001
44
0.0000000001
40
0
40
0
40
0
40
0
40
0
40
0
40
0.050000000000000003
40
0.10000000000000001
40
0.15000000000000002
40
0.20000000000000001
40
0.25
40
0.29999999999999999
40
0.34999999999999998
40
0.39999999999999997
40
0.44999999999999996
40
0.49999999999999994
40
0.54999999999999993
40
0.59999999999999998
40
0.65000000000000002
40
0.70000000000000007
40
0.75000000000000011
40
0.80000000000000016
40
0.8500000000000002
40
0.90000000000000024
40
0.95000000000000029
40
1
40
1
40
1
40
1
40
1
40
1
41
1
41
1
41
1
41
1
41
1
41
1
41
1
41
1
41
1
41
1
41
1
41
1
41
1
41
1
41
1
41
1
41
1
41
1
41
1
41
1
41
1
41
1
41
1
41
1
41
1
10
-12.706344615553782
20
-11.316588173227586
30
0
10
-12.770312441688471
20
-11.133194154936607
30
0
10
-12.902866390198067
20
-10.747659449280185
30
0
10
-13.115554387214978
20
-10.113116091284633
30
0
10
-13.426946844814152
20
-9.1541278179286625
30
0
10
-13.858353496539266
20
-7.7676885777035674
30
0
10
-14.317801506721377
20
-6.2000761763434218
30
0
10
-14.776585592080282
20
-4.4677831833419281
30
0
10
-15.184061800885244
20
-2.6030684420143935
30
0
10
-15.475020652023874
20
-0.65056655186655876
30
0
10
-15.581345562007481
20
1.338678443539373
30
0
10
-15.442390755462117
20
3.3121355917964102
30
0
10
-15.01583565146163
20
5.2209299997921699
30
0
10
-14.289600666498181
20
7.0251844406671005
30
0
10
-13.291890697004366
20
8.6987155576812984
30
0
10
-12.077499258629166
20
10.225764340881296
30
0
10
-10.716924779865089
20
11.598665848641257
30
0
10
-9.284544163833031
20
12.815433725663317
30
0
10
-7.8484862562666624
20
13.877718670990955
30
0
10
-6.4573874816392154
20
14.788709600398169
30
0
10
-5.1381926124762209
20
15.551857734948625
30
0
10
-4.1506705168786597
20
16.046622245369544
30
0
10
-3.4497148386003169
20
16.353588870710595
30
0
10
-2.9999848532893281
20
16.529857843342302
30
0
10
-2.7795128846523909
20
16.610898429708328
30
0
0
SPLINE
5
104
100
AcDbEntity
8
0
100
AcDbSpline
70
4
71
5
72
26
73
20
74
0
42
0.000000001
43
0.0000000001
44
0.0000000001
40
0
40
0
40
0
40
0
40
0
40
0
40
0.066666666666666666
40
0.13333333333333333
40
0.20000000000000001
40
0.26666666666666666
40
0.33333333333333331
40
0.39999999999999997
40
0.46666666666666662
40
0.53333333333333333
40
0.59999999999999998
40
0.66666666666666663
40
0.73333333333333328
40
0.79999999999999993
40
0.86666666666666659
40
0.93333333333333324
40
1
40
1
40
1
40
1
40
1
40
1
41
1
41
1
41
1
41
1
41
1
41
1
41
1
41
1
41
1
41
1
41
1
41
1
41
1
41
1
41
1
41
1
41
1
41
1
41
1
41
1
10
-12.706344615553782
20
-11.316588173227586
30
0
10
-12.873653019162726
20
-11.508766669089091
30
0
10
-13.202300003261485
20
-11.899308510423268
30
0
10
-13.677361181410978
20
-12.503675331722494
30
0
10
-14.274695666644055
20
-13.346879940790814
30
0
10
-14.959296219442741
20
-14.463716984851143
30
0
10
-15.578750315671243
20
-15.642167636747216
30
0
10
-16.129126648254161
20
-16.877310345540394
30
0
10
-16.606012625507105
20
-18.15872189198263
30
0
10
-17.005200243988881
20
-19.467484149039748
30
0
10
-17.32305207604281
20
-20.775983893862943
30
0
10
-17.556250918271932
20
-22.052532755138884
30
0
10
-17.701939473785725
20
-23.264697969772566
30
0
10
-17.758022500567414
20
-24.383244371719798
30
0
10
-17.723687306034389
20
-25.385921485902557
30
0
10
-17.600284207154814
20
-26.262196584254657
30
0
10
-17.432123878193462
20
-26.859891688664757
30
0
10
-17.267862271678037
20
-27.250502146725864
30
0
10
-17.141525938293931
20
-27.485468957290415
30
0
10
-17.074150577150391
20
-27.596592211905879
30
0
0
SPLINE
5
105
100
AcDbEntity
8
0
100
AcDbSpline
70
4
71
5
72
26
73
20
74
0
42
0.000000001
43
0.0000000001
44
0.0000000001
40
0
40
0
40
0
40
0
40
0
40
0
40
0.066666666666666666
40
0.13333333333333333
40
0.20000000000000001
40
0.26666666666666666
40
0.33333333333333331
40
0.39999999999999997
40
0.46666666666666662
40
0.53333333333333333
40
0.59999999999999998
40
0.66666666666666663
40
0.73333333333333328
40
0.79999999999999993
40
0.86666666666666659
40
0.93333333333333324
40
1
40
1
40
1
40
1
40
1
40
1
41
1
41
1
41
1
41
1
41
1
41
1
41
1
41
1
41
1
41
1
41
1
41
1
41
1
41
1
41
1
41
1
41
1
41
1
41
1
41
1
10
12.971060128377818
20
-10.654799391167495
30
0
10
13.118904555497419
20
-10.801072369123597
30
0
10
13.412185019452529
20
-11.100868533529496
30
0
10
13.844880837562009
20
-11.572313747225598
30
0
10
14.407251326519679
20
-12.244722591132362
30
0
10
15.084425391353555
20
-13.159542892163065
30
0
10
15.732275419742049
20
-14.149106929195849
30
0
10
16.344646405547664
20
-15.211668481079402
30
0
10
16.911901404785972
20
-16.341230141037482
30
0
10
17.420894352655846
20
-17.526772373859998
30
0
10
17.856822011905003
20
-18.754789372064849
30
0
10
18.204857149816448
20
-20.010937516091346
30
0
10
18.452003964021305
20
-21.281791700786545
30
0
10
18.589399737283617
20
-22.556562012779132
30
0
10
18.614263475864213
20
-23.828506274161278
30
0
10
18.527262996253096
20
-25.093788974224971
30
0
10
18.370059799552191
20
-26.099311065750392
30
0
10
18.203963286695423
20
-26.849483676625532
30
0
10
18.071968371288072
20
-27.347847861705361
30
0
10
18.000654872034527
20
-27.596592211905879
30
0
0
SPLINE
5
106
100
AcDbEntity
8
0
100
AcDbSpline
70
4
71
5
72
46
73
40
74
0
42
0.000000001
43
0.0000000001
44
0.0000000001
40
0
40
0
40
0
40
0
40
0
40
0
40
0.028571428571428571
40
0.057142857142857141
40
0.085714285714285715
40
0.11428571428571428
40
0.14285714285714285
40
0.17142857142857143
40
0.20000000000000001
40
0.22857142857142859
40
0.25714285714285717
40
0.28571428571428575
40
0.31428571428571433
40
0.34285714285714292
40
0.3714285714285715
40
0.40000000000000008
40
0.42857142857142866
40
0.45714285714285724
40
0.48571428571428582
40
0.51428571428571435
40
0.54285714285714293
40
0.57142857142857151
40
0.60000000000000009
40
0.62857142857142867
40
0.65714285714285725
40
0.68571428571428583
40
0.71428571428571441
40
0.74285714285714299
40
0.77142857142857157
40
0.80000000000000016
40
0.82857142857142874
40
0.85714285714285732
40
0.8857142857142859
40
0.91428571428571448
40
0.94285714285714306
40
0.97142857142857164
40
1
40
1
40
1
40
1
40
1
40
1
41
1
41
1
41
1
41
1
41
1
41
1
41
1
41
1
41
1
41
1
41
1
41
1
41
1
41
1
41
1
41
1
41
1
41
1
41
1
41
1
41
1
41
1
41
1
41
1
41
1
41
1
41
1
41
1
41
1
41
1
41
1
41
1
41
1
41
1
41
1
41
1
41
1
41
1
41
1
41
1
10
18.000654872034527
20
-27.596592211905879
30
0
10
18.17272339258291
20
-27.441359443351271
30
0
10
18.510349228121356
20
-27.125413163206446
30
0
10
18.997254359403392
20
-26.635051577890859
30
0
10
19.607342051142318
20
-25.948307519636131
30
0
10
20.304371696390788
20
-25.034350313316281
30
0
10
20.935202945458332
20
-24.063357796218213
30
0
10
21.498995078466553
20
-23.03266263409138
30
0
10
21.994714463642747
20
-21.938077366520368
30
0
10
22.42113924559904
20
-20.773711465099826
30
0
10
22.776306121005629
20
-19.53447763689471
30
0
10
23.057050313194488
20
-18.21834467226132
30
0
10
23.258401611009983
20
-16.828899297861184
30
0
10
23.373294439284198
20
-15.377376365184334
30
0
10
23.391507605295292
20
-13.886058122356545
30
0
10
23.301769804046501
20
-12.386260408864295
30
0
10
23.096223966202484
20
-10.912338691460279
30
0
10
22.774055992909034
20
-9.4971221431744759
30
0
10
22.345876345584024
20
-8.1662470028411622
30
0
10
21.837012162093416
20
-6.9341048366224447
30
0
10
21.293439067300433
20
-5.7961061565045133
30
0
10
20.778064842329226
20
-4.7344180616262239
30
0
10
20.359059908197921
20
-3.7341328650393502
30
0
10
20.100164988635328
20
-2.7979112067983074
30
0
10
20.050847803557442
20
-1.9581673964218793
30
0
10
20.234714575131424
20
-1.298419077054159
30
0
10
20.649008453801436
20
-0.92457519115792131
30
0
10
21.26850080532655
20
-0.92063180107367637
30
0
10
22.047300134781477
20
-1.303411968578515
30
0
10
22.926363707356746
20
-2.0349987294698324
30
0
10
23.841859997424621
20
-3.0467078267958176
30
0
10
24.73263728070815
20
-4.2574347674631907
30
0
10
25.549398535685764
20
-5.5972114435161249
30
0
10
26.25840964640744
20
-7.017858852654153
30
0
10
26.8375061717581
20
-8.4866849100329702
30
0
10
27.274041853066159
20
-9.9843208585789629
30
0
10
27.504505579962263
20
-11.197628591438004
30
0
10
27.60985398562687
20
-12.114686803787691
30
0
10
27.650125482971237
20
-12.729198302615423
30
0
10
27.662771090111882
20
-13.037239006583832
30
0
0
SPLINE
5
107
100
AcDbEntity
8
0
100
AcDbSpline
70
4
71
5
72
26
73
20
74
0
42
0.000000001
43
0.0000000001
44
0.0000000001
40
0
40
0
40
0
40
0
40
0
40
0
40
0.066666666666666666
40
0.13333333333333333
40
0.20000000000000001
40
0.26666666666666666
40
0.33333333333333331
40
0.39999999999999997
40
0.46666666666666662
40
0.53333333333333333
40
0.59999999999999998
40
0.66666666666666663
40
0.73333333333333328
40
0.79999999999999993
40
0.86666666666666659
40
0.93333333333333324
40
1
40
1
40
1
40
1
40
1
40
1
41
1
41
1
41
1
41
1
41
1
41
1
41
1
41
1
41
1
41
1
41
1
41
1
41
1
41
1
41
1
41
1
41
1
41
1
41
1
41
1
10
-17.074150577150391
20
-27.596592211905879
30
0
10
-17.31634381148632
20
-27.460593376156215
30
0
10
-17.790815576593634
20
-27.168421682346452
30
0
10
-18.472779469403427
20
-26.669640535472737
30
0
10
-19.322141741062662
20
-25.882685085375599
30
0
10
-20.280135568372778
20
-24.693096488346686
30
0
10
-21.127403176433095
20
-23.299122728312426
30
0
10
-21.853589573706319
20
-21.710942008456403
30
0
10
-22.444850356730193
20
-19.954707138136378
30
0
10
-22.884924335986444
20
-18.069107688460559
30
0
10
-23.156746656270542
20
-16.098530623275916
30
0
10
-23.244515599079492
20
-14.087780788643787
30
0
10
-23.135757415815608
20
-12.077044246309054
30
0
10
-22.825099104359154
20
-10.09564120869104
30
0
10
-22.314368437075967
20
-8.1606781573620513
30
0
10
-21.608574290159844
20
-6.2811947045197822
30
0
10
-20.892684659266834
20
-4.824619382306885
30
0
10
-20.272833585056244
20
-3.7587307457085117
30
0
10
-19.823008436799835
20
-3.0598479084638219
30
0
10
-19.588947948978745
20
-2.7133340064463862
30
0
0
SPLINE
5
108
100
AcDbEntity
8
0
100
AcDbSpline
70
4
71
5
72
31
73
25
74
0
42
0.000000001
43
0.0000000001
44
0.0000000001
40
0
40
0
40
0
40
0
40
0
40
0
40
0.050000000000000003
40
0.10000000000000001
40
0.15000000000000002
40
0.20000000000000001
40
0.25
40
0.29999999999999999
40
0.34999999999999998
40
0.39999999999999997
40
0.44999999999999996
40
0.49999999999999994
40
0.54999999999999993
40
0.59999999999999998
40
0.65000000000000002
40
0.70000000000000007
40
0.75000000000000011
40
0.80000000000000016
40
0.8500000000000002
40
0.90000000000000024
40
0.95000000000000029
40
1
40
1
40
1
40
1
40
1
40
1
41
1
41
1
41
1
41
1
41
1
41
1
41
1
41
1
41
1
41
1
41
1
41
1
41
1
41
1
41
1
41
1
41
1
41
1
41
1
41
1
41
1
41
1
41
1
41
1
41
1
10
-26.868624551639762
20
-14.890247596352095
30
0
10
-26.91968001880398
20
-14.740611210051595
30
0
10
-27.010073836260734
20
-14.430861065418162
30
0
10
-27.110513235434301
20
-13.934803626315555
30
0
10
-27.173842713765758
20
-13.2102736124132
30
0
10
-27.134087510058702
20
-12.199761210709836
30
0
10
-26.974577837540664
20
-11.088139633143129
30
0
10
-26.695964730396973
20
-9.8849873477366739
30
0
10
-26.301603170832749
20
-8.6084891164048756
30
0
10
-25.798786782559887
20
-7.2879800271821757
30
0
10
-25.20039701238084
20
-5.967716636020918
30
0
10
-24.524252515908323
20
-4.7017407123479673
30
0
10
-23.792190437956936
20
-3.5474162504805742
30
0
10
-23.02940722830817
20
-2.5594074390832682
30
0
10
-22.263800379502111
20
-1.7834917653909774
30
0
10
-21.52544948140061
20
-1.2498271440657356
30
0
10
-20.845980453189345
20
-0.96676805411102773
30
0
10
-20.258273496047043
20
-0.91181245252044862
30
0
10
-19.793413049758147
20
-1.0435728389982417
30
0
10
-19.47751010063304
20
-1.3157292759349284
30
0
10
-19.327658142703037
20
-1.6916138590767082
30
0
10
-19.345685439240953
20
-2.060937718474217
30
0
10
-19.437139362489162
20
-2.3733873318151524
30
0
10
-19.532596753043919
20
-2.5974002965478133
30
0
10
-19.588947948978745
20
-2.7133340064463862
30
0
0
SPLINE
5
109
100
AcDbEntity
8
0
100
AcDbSpline
70
4
71
5
72
31
73
25
74
0
42
0.000000001
43
0.0000000001
44
0.0000000001
40
0
40
0
40
0
40
0
40
0
40
0
40
0.050000000000000003
40
0.10000000000000001
40
0.15000000000000002
40
0.20000000000000001
40
0.25
40
0.29999999999999999
40
0.34999999999999998
40
0.39999999999999997
40
0.44999999999999996
40
0.49999999999999994
40
0.54999999999999993
40
0.59999999999999998
40
0.65000000000000002
40
0.70000000000000007
40
0.75000000000000011
40
0.80000000000000016
40
0.8500000000000002
40
0.90000000000000024
40
0.95000000000000029
40
1
40
1
40
1
40
1
40
1
40
1
41
1
41
1
41
1
41
1
41
1
41
1
41
1
41
1
41
1
41
1
41
1
41
1
41
1
41
1
41
1
41
1
41
1
41
1
41
1
41
1
41
1
41
1
41
1
41
1
41
1
10
27.662771090111882
20
-13.037239006583832
30
0
10
27.8393262511456
20
-12.766187561515888
30
0
10
28.16257693945067
20
-12.2176917992209
30
0
10
28.557874151279886
20
-11.375769539313833
30
0
10
28.905047634699102
20
-10.214692725296315
30
0
10
29.03827502217861
20
-8.699845175534799
30
0
10
28.875572686598613
20
-7.1251970224569483
30
0
10
28.432575658347989
20
-5.4994648883605315
30
0
10
27.741292230468218
20
-3.8385289645788601
30
0
10
26.855847640890623
20
-2.1676190496400549
30
0
10
25.859285452219471
20
-0.52387924291589794
30
0
10
24.851845853861001
20
1.0485656029191346
30
0
10
23.938638482667965
20
2.503852111350342
30
0
10
23.218122039759766
20
3.7993355213815478
30
0
10
22.769192481730531
20
4.901227074262847
30
0
10
22.640572615111012
20
5.7892603767626163
30
0
10
22.833044631688754
20
6.4646216001347252
30
0
10
23.309693800089807
20
6.9453643498945459
30
0
10
24.019375289327179
20
7.2559046807947443
30
0
10
24.919024155359608
20
7.417166757855826
30
0
10
25.982973806270572
20
7.442326927709308
30
0
10
26.953760617763013
20
7.3600023810276909
30
0
10
27.746492040297696
20
7.2422568151704949
30
0
10
28.303580354173256
20
7.1389763577898568
30
0
10
28.589275384996
20
7.0811399680429954
30
0
0
LINE
5
110
100
AcDbEntity
8
0
100
AcDbLine
10
28.589275384996
20
7.0811399680429954
30
0
11
28.589275384996
21
9.0000001341104507
31
0
0
LINE
5
111
100
AcDbEntity
8
0
100
AcDbLine
10
25.50000037997961
20
16.000000238418579
30
0
11
24.109231671468031
21
17.567336282662758
31
0
0
LINE
5
112
100
AcDbEntity
8
0
100
AcDbLine
10
15.731612698999442
20
22.443708645945115
30
0
11
12.879047139711739
21
23.696524601037687
31
0
0
LINE
5
113
100
AcDbEntity
8
0
100
AcDbLine
10
-12.656539254811767
20
23.553117254319062
30
0
11
-15.499347308527911
21
22.330048673069093
31
0
0
LINE
5
114
100
AcDbEntity
8
0
100
AcDbLine
10
-23.904984819037935
20
17.546776651058128
30
0
11
-25.00000037252903
21
16.000000238418579
31
0
0
LINE
5
115
100
AcDbEntity
8
0
100
AcDbLine
10
-28.565836909525459
20
8.9833517629630073
30
0
11
-28.565836909525459
21
7.0000001043081284
31
0
0
SPLINE
5
116
100
AcDbEntity
8
0
100
AcDbSpline
70
4
71
5
72
41
73
35
74
0
42
0.000000001
43
0.0000000001
44
0.0000000001
40
0
40
0
40
0
40
0
40
0
40
0
40
0.033333333333333333
40
0.066666666666666666
40
0.10000000000000001
40
0.13333333333333333
40
0.16666666666666666
40
0.19999999999999998
40
0.23333333333333331
40
0.26666666666666666
40
0.29999999999999999
40
0.33333333333333331
40
0.36666666666666664
40
0.39999999999999997
40
0.43333333333333329
40
0.46666666666666662
40
0.49999999999999994
40
0.53333333333333333
40
0.56666666666666665
40
0.59999999999999998
40
0.6333333333333333
40
0.66666666666666663
40
0.69999999999999996
40
0.73333333333333328
40
0.76666666666666661
40
0.79999999999999993
40
0.83333333333333326
40
0.86666666666666659
40
0.89999999999999991
40
0.93333333333333324
40
0.96666666666666656
40
1
40
1
40
1
40
1
40
1
40
1
41
1
41
1
41
1
41
1
41
1
41
1
41
1
41
1
41
1
41
1
41
1
41
1
41
1
41
1
41
1
41
1
41
1
41
1
41
1
41
1
41
1
41
1
41
1
41
1
41
1
41
1
41
1
41
1
41
1
41
1
41
1
41
1
41
1
41
1
41
1
10
-26.868624551639762
20
-14.890247596352095
30
0
10
-26.996962336252906
20
-14.77313793046714
30
0
10
-27.238472655438486
20
-14.522318711562976
30
0
10
-27.555242353102543
20
-14.096290112672293
30
0
10
-27.886445888622454
20
-13.428473012417236
30
0
10
-28.148348284084896
20
-12.428243709983949
30
0
10
-28.259304043807802
20
-11.266935452757885
30
0
10
-28.222902229070272
20
-9.954700816964742
30
0
10
-28.046354842495017
20
-8.509888971038432
30
0
10
-27.741613338246683
20
-6.96123153446384
30
0
10
-27.326806346330134
20
-5.3508303439620288
30
0
10
-26.826928546822209
20
-3.7351091814023372
30
0
10
-26.271202470122592
20
-2.1768710952217143
30
0
10
-25.690971159368488
20
-0.73872538603172933
30
0
10
-25.117406815475064
20
0.52408603079783056
30
0
10
-24.579334317832281
20
1.5705092988561651
30
0
10
-24.100934817374267
20
2.3811498042869594
30
0
10
-23.699599625257886
20
2.9647970358166988
30
0
10
-23.383337312452248
20
3.3676710443648354
30
0
10
-23.149256285375941
20
3.6756167956129437
30
0
10
-22.987617378337625
20
3.9791075580948383
30
0
10
-22.885186078777259
20
4.3434844944801165
30
0
10
-22.828645272761804
20
4.776155706471739
30
0
10
-22.811571108890156
20
5.2488173611808548
30
0
10
-22.840791871910461
20
5.7191056862348466
30
0
10
-22.944714930033623
20
6.1543991995995926
30
0
10
-23.163950574062014
20
6.5321169475297181
30
0
10
-23.540444007164673
20
6.8367961931275056
30
0
10
-24.105170186962447
20
7.0582236816786645
30
0
10
-24.876939518409529
20
7.1900124554887013
30
0
10
-25.866209405997882
20
7.2288142137286213
30
0
10
-26.834970865114766
20
7.1844386854537721
30
0
10
-27.661574405842142
20
7.108700585484879
30
0
10
-28.257019916736738
20
7.0393728649331031
30
0
10
-28.565836909525459
20
7.0000001043081284
30
0
0
SPLINE
5
117
100
AcDbEntity
8
0
100
AcDbSpline
70
4
71
5
72
36
73
30
74
0
42
0.000000001
43
0.0000000001
44
0.0000000001
40
0
40
0
40
0
40
0
40
0
40
0
40
0.040000000000000001
40
0.080000000000000002
40
0.12
40
0.16
40
0.20000000000000001
40
0.24000000000000002
40
0.28000000000000003
40
0.32000000000000001
40
0.35999999999999999
40
0.39999999999999997
40
0.43999999999999995
40
0.47999999999999993
40
0.51999999999999991
40
0.55999999999999994
40
0.59999999999999998
40
0.64000000000000001
40
0.68000000000000005
40
0.72000000000000008
40
0.76000000000000012
40
0.80000000000000016
40
0.84000000000000019
40
0.88000000000000023
40
0.92000000000000026
40
0.9600000000000003
40
1
40
1
40
1
40
1
40
1
40
1
41
1
41
1
41
1
41
1
41
1
41
1
41
1
41
1
41
1
41
1
41
1
41
1
41
1
41
1
41
1
41
1
41
1
41
1
41
1
41
1
41
1
41
1
41
1
41
1
41
1
41
1
41
1
41
1
41
1
41
1
10
-28.565836909525459
20
8.9833517629630073
30
0
10
-28.4148393911832
20
9.0042883085839893
30
0
10
-28.118520214324615
20
9.0417124399218469
30
0
10
-27.691068552779395
20
9.0845026341592998
30
0
10
-27.155280201397225
20
9.114786922323372
30
0
10
-26.541984802161206
20
9.1099696847126648
30
0
10
-25.982875463187312
20
9.0688962390614716
30
0
10
-25.472590345119691
20
9.0052475676725656
30
0
10
-25.001773862390685
20
8.9419259638525777
30
0
10
-24.554954266591427
20
8.9153203409178428
30
0
10
-24.113725870325908
20
8.9696441733260386
30
0
10
-23.663215582832045
20
9.1451902093701758
30
0
10
-23.19713802662671
20
9.4690880404919238
30
0
10
-22.724469682947085
20
9.9433214992544467
30
0
10
-22.272637323790917
20
10.538364443408323
30
0
10
-21.87857946895366
20
11.206210993605044
30
0
10
-21.581997850655984
20
11.889888508407878
30
0
10
-21.417423319650094
20
12.534621133604432
30
0
10
-21.407534873510844
20
13.097260166648439
30
0
10
-21.553780513320532
20
13.559010878127042
30
0
10
-21.835003103776756
20
13.928282651198408
30
0
10
-22.217864949712634
20
14.229062796042983
30
0
10
-22.664247990673111
20
14.492971572655037
30
0
10
-23.139764675772053
20
14.749957419156408
30
0
10
-23.621733115343876
20
15.019648521071412
30
0
10
-24.096727396675881
20
15.313536622021331
30
0
10
-24.46586863553992
20
15.572432080284933
30
0
10
-24.735670602007094
20
15.780734929701229
30
0
10
-24.912411608791277
20
15.925867760580999
30
0
10
-25.00000037252903
20
16.000000238418579
30
0
0
SPLINE
5
118
100
AcDbEntity
8
0
100
AcDbSpline
70
4
71
5
72
41
73
35
74
0
42
0.000000001
43
0.0000000001
44
0.0000000001
40
0
40
0
40
0
40
0
40
0
40
0
40
0.033333333333333333
40
0.066666666666666666
40
0.10000000000000001
40
0.13333333333333333
40
0.16666666666666666
40
0.19999999999999998
40
0.23333333333333331
40
0.26666666666666666
40
0.29999999999999999
40
0.33333333333333331
40
0.36666666666666664
40
0.39999999999999997
40
0.43333333333333329
40
0.46666666666666662
40
0.49999999999999994
40
0.53333333333333333
40
0.56666666666666665
40
0.59999999999999998
40
0.6333333333333333
40
0.66666666666666663
40
0.69999999999999996
40
0.73333333333333328
40
0.76666666666666661
40
0.79999999999999993
40
0.83333333333333326
40
0.86666666666666659
40
0.89999999999999991
40
0.93333333333333324
40
0.96666666666666656
40
1
40
1
40
1
40
1
40
1
40
1
41
1
41
1
41
1
41
1
41
1
41
1
41
1
41
1
41
1
41
1
41
1
41
1
41
1
41
1
41
1
41
1
41
1
41
1
41
1
41
1
41
1
41
1
41
1
41
1
41
1
41
1
41
1
41
1
41
1
41
1
41
1
41
1
41
1
41
1
41
1
10
-23.904984819037935
20
17.546776651058128
30
0
10
-23.811310868460311
20
17.551544733997385
30
0
10
-23.624486418509704
20
17.556303012638999
30
0
10
-23.345820060119333
20
17.549106651653446
30
0
10
-22.977411554795811
20
17.510793030254284
30
0
10
-22.522291212324372
20
17.416149874666878
30
0
10
-22.072947722948232
20
17.27864789945869
30
0
10
-21.630101544550424
20
17.106462852707903
30
0
10
-21.194939400683033
20
16.913716607295139
30
0
10
-20.769147424724473
20
16.721830165877144
30
0
10
-20.353606756851352
20
16.555477939245304
30
0
10
-19.947049886703262
20
16.438711652611431
30
0
10
-19.544918997630983
20
16.391267591878517
30
0
10
-19.137637176891214
20
16.424178124615413
30
0
10
-18.710617512054565
20
16.537478060490951
30
0
10
-18.24893035104855
20
16.723639934591201
30
0
10
-17.741148122762162
20
16.969885583791402
30
0
10
-17.183437310426207
20
17.260857351178021
30
0
10
-16.58384533894051
20
17.58115391971193
30
0
10
-15.965904800051877
20
17.917740255095605
30
0
10
-15.362620068917145
20
18.259960375077565
30
0
10
-14.811148798208736
20
18.599741863615652
30
0
10
-14.347325731357044
20
18.931734646835611
30
0
10
-14.000096816059562
20
19.253519269360023
30
0
10
-13.786287523018677
20
19.565759712295375
30
0
10
-13.704182440152676
20
19.872536020519327
30
0
10
-13.739206910998238
20
20.180019829082163
30
0
10
-13.87084240963604
20
20.494997677800292
30
0
10
-14.079292864177633
20
20.823389199947098
30
0
10
-14.351459204214503
20
21.168950437108059
30
0
10
-14.67917980118656
20
21.53385506463497
30
0
10
-14.982406498159879
20
21.84204383701725
30
0
10
-15.23219364696304
20
22.08245002712016
30
0
10
-15.408642159530402
20
22.246830788954082
30
0
10
-15.499347308527911
20
22.330048673069093
30
0
0
SPLINE
5
119
100
AcDbEntity
8
0
100
AcDbSpline
70
4
71
5
72
41
73
35
74
0
42
0.000000001
43
0.0000000001
44
0.0000000001
40
0
40
0
40
0
40
0
40
0
40
0
40
0.033333333333333333
40
0.066666666666666666
40
0.10000000000000001
40
0.13333333333333333
40
0.16666666666666666
40
0.19999999999999998
40
0.23333333333333331
40
0.26666666666666666
40
0.29999999999999999
40
0.33333333333333331
40
0.36666666666666664
40
0.39999999999999997
40
0.43333333333333329
40
0.46666666666666662
40
0.49999999999999994
40
0.53333333333333333
40
0.56666666666666665
40
0.59999999999999998
40
0.6333333333333333
40
0.66666666666666663
40
0.69999999999999996
40
0.73333333333333328
40
0.76666666666666661
40
0.79999999999999993
40
0.83333333333333326
40
0.86666666666666659
40
0.89999999999999991
40
0.93333333333333324
40
0.96666666666666656
40
1
40
1
40
1
40
1
40
1
40
1
41
1
41
1
41
1
41
1
41
1
41
1
41
1
41
1
41
1
41
1
41
1
41
1
41
1
41
1
41
1
41
1
41
1
41
1
41
1
41
1
41
1
41
1
41
1
41
1
41
1
41
1
41
1
41
1
41
1
41
1
41
1
41
1
41
1
41
1
41
1
10
-12.656539254811767
20
23.553117254319062
30
0
10
-12.504323257905863
20
23.389682148169261
30
0
10
-12.207597706407755
20
23.075053198257528
30
0
10
-11.785628815750954
20
22.639833641435022
30
0
10
-11.269325289080248
20
22.133120935665879
30
0
10
-10.700732116343117
20
21.622363974760148
30
0
10
-10.206803378580096
20
21.232875715614309
30
0
10
-9.7826642679223834
20
20.960907411955422
30
0
10
-9.419490671416952
20
20.799179566032457
30
0
10
-9.1035629900048534
20
20.735923604578346
30
0
10
-8.8146068314586259
20
20.753339802597971
30
0
10
-8.526208907089595
20
20.827699867185675
30
0
10
-8.2121464388043801
20
20.934101432376945
30
0
10
-7.8510625534505332
20
21.049956195693152
30
0
10
-7.4329881445219783
20
21.159775851852004
30
0
10
-6.9609908132766973
20
21.25659213181105
30
0
10
-6.4466539783551191
20
21.339155944463034
30
0
10
-5.9070992944810747
20
21.410183084640249
30
0
10
-5.361545428172608
20
21.474286989461394
30
0
10
-4.8278539472265543
20
21.535893800893724
30
0
10
-4.3198051745432258
20
21.597689518947334
30
0
10
-3.8487064996204023
20
21.662163500229234
30
0
10
-3.4244248232199217
20
21.732764588062963
30
0
10
-3.0565903217271453
20
21.815165674251794
30
0
10
-2.7557897429335991
20
21.918604804479898
30
0
10
-2.5345288291164265
20
22.05688964345525
30
0
10
-2.4053581573588145
20
22.24537943402904
30
0
10
-2.3793936204106658
20
22.498548093997531
30
0
10
-2.4643010733691542
20
22.826797038644461
30
0
10
-2.6644706667501703
20
23.236443025613035
30
0
10
-2.9820215153380349
20
23.730920968194809
30
0
10
-3.330402479439591
20
24.195429391376329
30
0
10
-3.6446446342928915
20
24.582641670939861
30
0
10
-3.8776326895601803
20
24.858009701055195
30
0
10
-4.0000000596046448
20
25.00000037252903
30
0
0
SPLINE
5
120
100
AcDbEntity
8
0
100
AcDbSpline
70
4
71
5
72
36
73
30
74
0
42
0.000000001
43
0.0000000001
44
0.0000000001
40
0
40
0
40
0
40
0
40
0
40
0
40
0.040000000000000001
40
0.080000000000000002
40
0.12
40
0.16
40
0.20000000000000001
40
0.24000000000000002
40
0.28000000000000003
40
0.32000000000000001
40
0.35999999999999999
40
0.39999999999999997
40
0.43999999999999995
40
0.47999999999999993
40
0.51999999999999991
40
0.55999999999999994
40
0.59999999999999998
40
0.64000000000000001
40
0.68000000000000005
40
0.72000000000000008
40
0.76000000000000012
40
0.80000000000000016
40
0.84000000000000019
40
0.88000000000000023
40
0.92000000000000026
40
0.9600000000000003
40
1
40
1
40
1
40
1
40
1
40
1
41
1
41
1
41
1
41
1
41
1
41
1
41
1
41
1
41
1
41
1
41
1
41
1
41
1
41
1
41
1
41
1
41
1
41
1
41
1
41
1
41
1
41
1
41
1
41
1
41
1
41
1
41
1
41
1
41
1
41
1
10
28.589275384996
20
9.0000001341104507
30
0
10
28.406330195778722
20
9.0445043123963949
30
0
10
28.049331629796054
20
9.1262216989420892
30
0
10
27.540508846439941
20
9.2269255991521035
30
0
10
26.915571031148392
20
9.3173325807667737
30
0
10
26.223159060101715
20
9.3594175418103571
30
0
10
25.616954768888334
20
9.3382014187131084
30
0
10
25.0906289002479
20
9.2700965561000501
30
0
10
24.632764222687747
20
9.183005220522876
30
0
10
24.224616054000016
20
9.1208798471708086
30
0
10
23.840424061290591
20
9.1430662510188974
30
0
10
23.456294400022433
20
9.3062412940024082
30
0
10
23.057037363189785
20
9.6504162584648494
30
0
10
22.645068514978632
20
10.180834573409266
30
0
10
22.244966513347247
20
10.858284573202528
30
0
10
21.893491697122009
20
11.617577477995367
30
0
10
21.632181330010422
20
12.380986559241178
30
0
10
21.498732974518369
20
13.073872824247294
30
0
10
21.519447872224838
20
13.638358111999869
30
0
10
21.699639537818257
20
14.05037957387934
30
0
10
22.019146197983432
20
14.328148929889323
30
0
10
22.44385907203359
20
14.513856307026998
30
0
10
22.934104549121098
20
14.660571790548202
30
0
10
23.454516033076764
20
14.816705442873893
30
0
10
23.982146395236636
20
15.013237897595946
30
0
10
24.503279332211129
20
15.268372612864844
30
0
10
24.909635606085683
20
15.526214094013973
30
0
10
25.207496108757105
20
15.750947596795664
30
0
10
25.403009105463465
20
15.914666532804688
30
0
10
25.50000037997961
20
16.000000238418579
30
0
0
SPLINE
5
121
100
AcDbEntity
8
0
100
AcDbSpline
70
4
71
5
72
41
73
35
74
0
42
0.000000001
43
0.0000000001
44
0.0000000001
40
0
40
0
40
0
40
0
40
0
40
0
40
0.033333333333333333
40
0.066666666666666666
40
0.10000000000000001
40
0.13333333333333333
40
0.16666666666666666
40
0.19999999999999998
40
0.23333333333333331
40
0.26666666666666666
40
0.29999999999999999
40
0.33333333333333331
40
0.36666666666666664
40
0.39999999999999997
40
0.43333333333333329
40
0.46666666666666662
40
0.49999999999999994
40
0.53333333333333333
40
0.56666666666666665
40
0.59999999999999998
40
0.6333333333333333
40
0.66666666666666663
40
0.69999999999999996
40
0.73333333333333328
40
0.76666666666666661
40
0.79999999999999993
40
0.83333333333333326
40
0.86666666666666659
40
0.89999999999999991
40
0.93333333333333324
40
0.96666666666666656
40
1
40
1
40
1
40
1
40
1
40
1
41
1
41
1
41
1
41
1
41
1
41
1
41
1
41
1
41
1
41
1
41
1
41
1
41
1
41
1
41
1
41
1
41
1
41
1
41
1
41
1
41
1
41
1
41
1
41
1
41
1
41
1
41
1
41
1
41
1
41
1
41
1
41
1
41
1
41
1
41
1
10
24.109231671468031
20
17.567336282662758
30
0
10
23.927388210411102
20
17.554176692099073
30
0
10
23.573155055586437
20
17.523700937855757
30
0
10
23.070166716394006
20
17.46551724256333
30
0
10
22.456340311919789
20
17.362956658320272
30
0
10
21.783583422183845
20
17.194333144499211
30
0
10
21.203746239271865
20
16.989452013655857
30
0
10
20.712834694515578
20
16.756919352533778
30
0
10
20.30337160077022
20
16.511662512002314
30
0
10
19.963512718691323
20
16.27601277746248
30
0
10
19.675519192144272
20
16.082912550674262
30
0
10
19.416939415210848
20
15.969690163068675
30
0
10
19.163254463781104
20
15.966528475271673
30
0
10
18.890045237098995
20
16.086796507954681
30
0
10
18.575348527155992
20
16.315788128668597
30
0
10
18.202178020939449
20
16.620517403813484
30
0
10
17.761162033359145
20
16.960275746931693
30
0
10
17.253125972202234
20
17.296683397074183
30
0
10
16.691952722196692
20
17.604262015455522
30
0
10
16.106953402871657
20
17.879936756366185
30
0
10
15.53628946058274
20
18.135673376173941
30
0
10
15.021053082739012
20
18.392233683372336
30
0
10
14.598922595074239
20
18.672399936884251
30
0
10
14.298453313592985
20
18.99489384750067
30
0
10
14.13187425961806
20
19.36692494695377
30
0
10
14.092074514664477
20
19.78062693626924
30
0
10
14.160397970908313
20
20.219444751738259
30
0
10
14.312438264308691
20
20.662695246151372
30
0
10
14.524230138276868
20
21.09054261039072
30
0
10
14.779057962235598
20
21.4894665552589
30
0
10
15.06700358976798
20
21.851740638422807
30
0
10
15.319749220706987
20
22.109247724065529
30
0
10
15.52110355286975
20
22.283721463092746
30
0
10
15.660571045954564
20
22.391759215532634
30
0
10
15.731612698999442
20
22.443708645945115
30
0
0
SPLINE
5
122
100
AcDbEntity
8
0
100
AcDbSpline
70
4
71
5
72
36
73
30
74
0
42
0.000000001
43
0.0000000001
44
0.0000000001
40
0
40
0
40
0
40
0
40
0
40
0
40
0.040000000000000001
40
0.080000000000000002
40
0.12
40
0.16
40
0.20000000000000001
40
0.24000000000000002
40
0.28000000000000003
40
0.32000000000000001
40
0.35999999999999999
40
0.39999999999999997
40
0.43999999999999995
40
0.47999999999999993
40
0.51999999999999991
40
0.55999999999999994
40
0.59999999999999998
40
0.64000000000000001
40
0.68000000000000005
40
0.72000000000000008
40
0.76000000000000012
40
0.80000000000000016
40
0.84000000000000019
40
0.88000000000000023
40
0.92000000000000026
40
0.9600000000000003
40
1
40
1
40
1
40
1
40
1
40
1
41
1
41
1
41
1
41
1
41
1
41
1
41
1
41
1
41
1
41
1
41
1
41
1
41
1
41
1
41
1
41
1
41
1
41
1
41
1
41
1
41
1
41
1
41
1
41
1
41
1
41
1
41
1
41
1
41
1
41
1
10
12.879047139711739
20
23.696524601037687
30
0
10
12.765172087666862
20
23.642500285921578
30
0
10
12.543406046865762
20
23.532148803516893
30
0
10
12.228708731019642
20
23.359713368744121
30
0
10
11.845113356228103
20
23.115943964340268
30
0
10
11.424699942442198
20
22.789110781303634
30
0
10
11.059708387897686
20
22.443390809000881
30
0
10
10.741926856035008
20
22.085660899908397
30
0
10
10.457171710442399
20
21.72749834837937
30
0
10
10.182681239720758
20
21.38716927042627
30
0
10
9.8905928513956134
20
21.086786496722585
30
0
10
9.5538050086622874
20
20.847540482785249
30
0
10
9.1507807164554507
20
20.685814044949918
30
0
10
8.6714872112669212
20
20.60825437538934
30
0
10
8.1210342236700299
20
20.609047193557348
30
0
10
7.515419343487161
20
20.674885950641158
30
0
10
6.8786854409626397
20
20.788532048212922
30
0
10
6.2395819408274669
20
20.93301720452622
30
0
10
5.6286682637604626
20
21.095136789115024
30
0
10
5.0748860507475522
20
21.270263467025412
30
0
10
4.6040763799391593
20
21.462079983820587
30
0
10
4.2387272456213996
20
21.679097323647049
30
0
10
3.9972439531429833
20
21.932109303362338
30
0
10
3.8934310232024099
20
22.231446761466344
30
0
10
3.9355162666445165
20
22.583883562586074
30
0
10
4.1273165117190711
20
22.992956587232669
30
0
10
4.401326189346749
20
23.366677957622613
30
0
10
4.6744398549404327
20
23.673174129851631
30
0
10
4.8864851035820456
20
23.889122111680543
30
0
10
5.000000074505806
20
24.000000357627869
30
0
0
LINE
5
123
100
AcDbEntity
8
0
100
AcDbLine
10
5.000000074505806
20
24.000000357627869
30
0
11
4.8557580967688345
21
24.475334922201579
31
0
0
LINE
5
124
100
AcDbEntity
8
0
100
AcDbLine
10
4.8557580967688345
20
24.475334922201579
30
0
11
4.1518578127924259
21
24.000000357627869
31
0
0
LINE
5
125
100
AcDbEntity
8
0
100
AcDbLine
10
4.1518578127924259
20
24.000000357627869
30
0
11
3.1757091017357011
21
25.445532423094743
31
0
0
LINE
5
126
100
AcDbEntity
8
0
100
AcDbLine
10
3.1757091017357011
20
25.445532423094743
30
0
11
4.9278790856373202
21
30.575804049997121
31
0
0
LINE
5
127
100
AcDbEntity
8
0
100
AcDbLine
10
2.500000037252903
20
27.000000402331352
30
0
11
3.1919937891882326
21
32.538192720476808
31
0
0
LINE
5
128
100
AcDbEntity
8
0
100
AcDbLine
10
3.1919937891882326
20
32.538192720476808
30
0
11
4.9278790856373202
21
30.575804049997121
31
0
0
LINE
5
129
100
AcDbEntity
8
0
100
AcDbLine
10
-4.0000000596046448
20
25.00000037252903
30
0
11
-3.5858942478181306
21
25.606495729222289
31
0
0
LINE
5
130
100
AcDbEntity
8
0
100
AcDbLine
10
-3.5858942478181306
20
25.606495729222289
30
0
11
-2.7540120940278285
21
24.454658900897257
31
0
0
LINE
5
131
100
AcDbEntity
8
0
100
AcDbLine
10
-2.7540120940278285
20
24.454658900897257
30
0
11
-1.6021752657027961
21
25.883789780485724
31
0
0
LINE
5
132
100
AcDbEntity
8
0
100
AcDbLine
10
-1.6021752657027961
20
25.883789780485724
30
0
11
-3.1699531709229793
21
30.277833977429367
31
0
0
LINE
5
133
100
AcDbEntity
8
0
100
AcDbLine
10
-3.1699531709229793
20
30.277833977429367
30
0
11
-1.8425020577662172
21
31.924856654864605
31
0
0
LINE
5
134
100
AcDbEntity
8
0
100
AcDbLine
10
-1.8425020577662172
20
31.924856654864605
30
0
11
-1.0000000149011612
21
27.000000402331352
31
0
0
LINE
5
135
100
AcDbEntity
8
0
100
AcDbLine
10
-1.0000000149011612
20
27.000000402331352
30
0
11
0.16824060005604935
21
27.824848139329763
31
0
0
LINE
5
136
100
AcDbEntity
8
0
100
AcDbLine
10
0.16824060005604935
20
27.824848139329763
30
0
11
0.16824060005604935
21
34.742780289268971
31
0
0
LINE
5
137
100
AcDbEntity
8
0
100
AcDbLine
10
2.500000037252903
20
27.000000402331352
30
0
11
1.3244321100990231
21
27.959741189132664
31
0
0
LINE
5
138
100
AcDbEntity
8
0
100
AcDbLine
10
1.3244321100990231
20
27.959741189132664
30
0
11
1.1111289937425362
21
34.764110600904615
31
0
0
LINE
5
139
100
AcDbEntity
8
0
100
AcDbLine
10
1.1111289937425362
20
34.764110600904615
30
0
11
0.16824060005604935
21
34.742780289268971
31
0
0
SPLINE
5
140
100
AcDbEntity
8
0
100
AcDbSpline
70
4
71
5
72
26
73
20
74
0
42
0.000000001
43
0.0000000001
44
0.0000000001
40
0
40
0
40
0
40
0
40
0
40
0
40
0.066666666666666666
40
0.13333333333333333
40
0.20000000000000001
40
0.26666666666666666
40
0.33333333333333331
40
0.39999999999999997
40
0.46666666666666662
40
0.53333333333333333
40
0.59999999999999998
40
0.66666666666666663
40
0.73333333333333328
40
0.79999999999999993
40
0.86666666666666659
40
0.93333333333333324
40
1
40
1
40
1
40
1
40
1
40
1
41
1
41
1
41
1
41
1
41
1
41
1
41
1
41
1
41
1
41
1
41
1
41
1
41
1
41
1
41
1
41
1
41
1
41
1
41
1
41
1
10
-2.7795128846523909
20
16.610898429708328
30
0
10
-2.705677838659688
20
16.654000440505548
30
0
10
-2.5614649476483704
20
16.726011753279256
30
0
10
-2.3555171650599567
20
16.791450763964534
30
0
10
-2.10181445264856
20
16.792926249418841
30
0
10
-1.8201623548461963
20
16.650369123888254
30
0
10
-1.5743495233720992
20
16.365665274651001
30
0
10
-1.3637976320096576
20
15.948746129989042
30
0
10
-1.186209684832549
20
15.421824144532794
30
0
10
-1.0381932362180792
20
14.815060203582213
30
0
10
-0.91579402976791546
20
14.162589307316216
30
0
10
-0.81494088723067137
20
13.498822697022085
30
0
10
-0.73182163908214914
20
12.854954277039315
30
0
10
-0.66322359337232117
20
12.255193167454806
30
0
10
-0.6068059765059729
20
11.713464888678226
30
0
10
-0.56097396082326212
20
11.236604451206793
30
0
10
-0.5320094568902427
20
10.908697148350281
30
0
10
-0.51441185273787893
20
10.692766890699627
30
0
10
-0.50450054971973457
20
10.562049654579599
30
0
10
-0.5000000074505806
20
10.500000156462193
30
0
0
SPLINE
5
141
100
AcDbEntity
8
0
100
AcDbSpline
70
4
71
5
72
31
73
25
74
0
42
0.000000001
43
0.0000000001
44
0.0000000001
40
0
40
0
40
0
40
0
40
0
40
0
40
0.050000000000000003
40
0.10000000000000001
40
0.15000000000000002
40
0.20000000000000001
40
0.25
40
0.29999999999999999
40
0.34999999999999998
40
0.39999999999999997
40
0.44999999999999996
40
0.49999999999999994
40
0.54999999999999993
40
0.59999999999999998
40
0.65000000000000002
40
0.70000000000000007
40
0.75000000000000011
40
0.80000000000000016
40
0.8500000000000002
40
0.90000000000000024
40
0.95000000000000029
40
1
40
1
40
1
40
1
40
1
40
1
41
1
41
1
41
1
41
1
41
1
41
1
41
1
41
1
41
1
41
1
41
1
41
1
41
1
41
1
41
1
41
1
41
1
41
1
41
1
41
1
41
1
41
1
41
1
41
1
41
1
10
2.7384342744219414
20
3.8855264279830215
30
0
10
2.6667444423790503
20
4.010789499963944
30
0
10
2.5232368259721882
20
4.2502612102784241
30
0
10
2.3075914819732333
20
4.5763062600665885
30
0
10
2.0192939258085816
20
4.9444304417171381
30
0
10
1.6576364050264905
20
5.2942893791095713
30
0
10
1.2947314032802844
20
5.5386729299614457
30
0
10
0.93066325389656479
20
5.6897007379535722
30
0
10
0.56563663918167839
20
5.7693939789982265
30
0
10
0.19988611573211695
20
5.8143673876862767
30
0
10
-0.16542437746019187
20
5.8698911879808913
30
0
10
-0.52684737197707132
20
5.9798793210868535
30
0
10
-0.87759649124553929
20
6.1790686196108364
30
0
10
-1.2058991710926616
20
6.482192521329182
30
0
10
-1.4949674301199667
20
6.8806765792707765
30
0
10
-1.7256682004490542
20
7.3517336922963104
30
0
10
-1.8786521356658303
20
7.8644931009917007
30
0
10
-1.9365779644116281
20
8.3867222598353468
30
0
10
-1.8867952739203209
20
8.8920030458957147
30
0
10
-1.7227162755092036
20
9.3640901002615955
30
0
10
-1.4416319853440405
20
9.7936350798470233
30
0
10
-1.1230372703250795
20
10.0999645284538
30
0
10
-0.83177883185955936
20
10.308281061394588
30
0
10
-0.61445206621498527
20
10.437674558420809
30
0
10
-0.5000000074505806
20
10.500000156462193
30
0
0
SPLINE
5
142
100
AcDbEntity
8
0
100
AcDbSpline
70
4
71
5
72
41
73
35
74
0
42
0.000000001
43
0.0000000001
44
0.0000000001
40
0
40
0
40
0
40
0
40
0
40
0
40
0.033333333333333333
40
0.066666666666666666
40
0.10000000000000001
40
0.13333333333333333
40
0.16666666666666666
40
0.19999999999999998
40
0.23333333333333331
40
0.26666666666666666
40
0.29999999999999999
40
0.33333333333333331
40
0.36666666666666664
40
0.39999999999999997
40
0.43333333333333329
40
0.46666666666666662
40
0.49999999999999994
40
0.53333333333333333
40
0.56666666666666665
40
0.59999999999999998
40
0.6333333333333333
40
0.66666666666666663
40
0.69999999999999996
40
0.73333333333333328
40
0.76666666666666661
40
0.79999999999999993
40
0.83333333333333326
40
0.86666666666666659
40
0.89999999999999991
40
0.93333333333333324
40
0.96666666666666656
40
1
40
1
40
1
40
1
40
1
40
1
41
1
41
1
41
1
41
1
41
1
41
1
41
1
41
1
41
1
41
1
41
1
41
1
41
1
41
1
41
1
41
1
41
1
41
1
41
1
41
1
41
1
41
1
41
1
41
1
41
1
41
1
41
1
41
1
41
1
41
1
41
1
41
1
41
1
41
1
41
1
10
2.6471551282403638
20
16.610898429708328
30
0
10
2.5853690620469805
20
16.553165562657178
30
0
10
2.4638720076270619
20
16.433717991420952
30
0
10
2.2878517207834532
20
16.242601179631443
30
0
10
2.065630605286974
20
15.963844099170529
30
0
10
1.8090477447335727
20
15.575651242210373
30
0
10
1.5746388892691714
20
15.148577680177555
30
0
10
1.3642122875033431
20
14.684712014545113
30
0
10
1.1805920115705797
20
14.187825530534363
30
0
10
1.027977332557116
20
13.663985947636494
30
0
10
0.91089815502983118
20
13.121034637166151
30
0
10
0.83291674833136575
20
12.567872327638632
30
0
10
0.79540644298606478
20
12.01382465260486
30
0
10
0.7962749501507882
20
11.46798248645487
30
0
10
0.8286802090756753
20
10.938551685675773
30
0
10
0.87970645090037725
20
10.432196937249966
30
0
10
0.93409442158346578
20
9.9536604066960894
30
0
10
0.97782857048222827
20
9.5053893598497368
30
0
10
1.0019872381512531
20
9.0870896846393929
30
0
10
1.0060342296959284
20
8.6953962563971885
30
0
10
1.0026541590618738
20
8.3231725167086061
30
0
10
1.0132229732985532
20
7.9610089690776267
30
0
10
1.0602872512120012
20
7.5994440699660384
30
0
10
1.1616497248095019
20
7.2307601921191029
30
0
10
1.3223984253686552
20
6.8513746439963397
30
0
10
1.5323693834434367
20
6.4626023864876716
30
0
10
1.7724752995718873
20
6.0687384422193951
30
0
10
2.0191313855621824
20
5.6757189018536387
30
0
10
2.2490303254124129
20
5.2896727081644501
30
0
10
2.4446368859793406
20
4.9152672496304852
30
0
10
2.5961441351031107
20
4.5550895257612005
30
0
10
2.6782005119384031
20
4.2793454456579347
30
0
10
2.7171069976666962
20
4.0796673800713998
30
0
10
2.7329992867107227
20
3.9497127655423907
30
0
10
2.7384342744219414
20
3.8855264279830215
30
0
0
SPLINE
5
143
100
AcDbEntity
8
0
100
AcDbSpline
70
4
71
5
72
26
73
20
74
0
42
0.000000001
43
0.0000000001
44
0.0000000001
40
0
40
0
40
0
40
0
40
0
40
0
40
0.066666666666666666
40
0.13333333333333333
40
0.20000000000000001
40
0.26666666666666666
40
0.33333333333333331
40
0.39999999999999997
40
0.46666666666666662
40
0.53333333333333333
40
0.59999999999999998
40
0.66666666666666663
40
0.73333333333333328
40
0.79999999999999993
40
0.86666666666666659
40
0.93333333333333324
40
1
40
1
40
1
40
1
40
1
40
1
41
1
41
1
41
1
41
1
41
1
41
1
41
1
41
1
41
1
41
1
41
1
41
1
41
1
41
1
41
1
41
1
41
1
41
1
41
1
41
1
10
-16.531937611915012
20
-28.504507743954996
30
0
10
-16.588471502565387
20
-28.365779581505997
30
0
10
-16.694404191042715
20
-28.078700310508637
30
0
10
-16.831897943452944
20
-27.619211954849945
30
0
10
-16.972101228706013
20
-26.948407398930613
30
0
10
-17.073434455762431
20
-26.012121092925021
30
0
10
-17.097984692997311
20
-24.980058502991838
30
0
10
-17.042646235530036
20
-23.859704762432106
30
0
10
-16.904975423254072
20
-22.667907450195379
30
0
10
-16.683082551754886
20
-21.428180071410562
30
0
10
-16.375473787537608
20
-20.167050226285149
30
0
10
-15.981253345102957
20
-18.910887434122873
30
0
10
-15.500374498141635
20
-17.682982155084826
30
0
10
-14.934483030943166
20
-16.499657130376448
30
0
10
-14.286726198734767
20
-15.36973298770295
30
0
10
-13.560550097584606
20
-14.297286528396889
30
0
10
-12.919348467706069
20
-13.486017521221534
30
0
10
-12.405510710743606
20
-12.903571741413767
30
0
10
-12.048420150634424
20
-12.526747922437714
30
0
10
-11.866241811913573
20
-12.341204436807162
30
0
0
SPLINE
5
144
100
AcDbEntity
8
0
100
AcDbSpline
70
4
71
5
72
31
73
25
74
0
42
0.000000001
43
0.0000000001
44
0.0000000001
40
0
40
0
40
0
40
0
40
0
40
0
40
0.050000000000000003
40
0.10000000000000001
40
0.15000000000000002
40
0.20000000000000001
40
0.25
40
0.29999999999999999
40
0.34999999999999998
40
0.39999999999999997
40
0.44999999999999996
40
0.49999999999999994
40
0.54999999999999993
40
0.59999999999999998
40
0.65000000000000002
40
0.70000000000000007
40
0.75000000000000011
40
0.80000000000000016
40
0.8500000000000002
40
0.90000000000000024
40
0.95000000000000029
40
1
40
1
40
1
40
1
40
1
40
1
41
1
41
1
41
1
41
1
41
1
41
1
41
1
41
1
41
1
41
1
41
1
41
1
41
1
41
1
41
1
41
1
41
1
41
1
41
1
41
1
41
1
41
1
41
1
41
1
41
1
10
-11.866241811913573
20
-12.341204436807162
30
0
10
-11.928985215135281
20
-12.10261113891775
30
0
10
-12.058359335432895
20
-11.613550282662759
30
0
10
-12.264084280532119
20
-10.844335501762622
30
0
10
-12.561791258250887
20
-9.7471842333333196
30
0
10
-12.969599836574375
20
-8.2566256108836527
30
0
10
-13.401747227820556
20
-6.6503878423549532
30
0
10
-13.835174536516989
20
-4.9375486430895288
30
0
10
-14.229230022554242
20
-3.136121326572586
30
0
10
-14.525930929821932
20
-1.273852828020231
30
0
10
-14.662121413908832
20
0.615877329427305
30
0
10
-14.578829371302369
20
2.4968983468481252
30
0
10
-14.232301262701446
20
4.3335620133547579
30
0
10
-13.603883541980014
20
6.0936835600466992
30
0
10
-12.713345408661167
20
7.7521487983519677
30
0
10
-11.609687979490531
20
9.290292445631227
30
0
10
-10.358779792121464
20
10.694693296073572
30
0
10
-9.032300856138324
20
11.956405402581458
30
0
10
-7.6972946019871271
20
13.070183738633672
30
0
10
-6.4035604826456503
20
14.034050959619062
30
0
10
-5.1786705890336728
20
14.848542304388657
30
0
10
-4.2644334071172985
20
15.381987851219893
30
0
10
-3.6172867058658782
20
15.716421298878045
30
0
10
-3.2029187103378289
20
15.910317205039386
30
0
10
-3.0000000447034836
20
16.000000238418579
30
0
0
SPLINE
5
145
100
AcDbEntity
8
0
100
AcDbSpline
70
4
71
5
72
26
73
20
74
0
42
0.000000001
43
0.0000000001
44
0.0000000001
40
0
40
0
40
0
40
0
40
0
40
0
40
0.066666666666666666
40
0.13333333333333333
40
0.20000000000000001
40
0.26666666666666666
40
0.33333333333333331
40
0.39999999999999997
40
0.46666666666666662
40
0.53333333333333333
40
0.59999999999999998
40
0.66666666666666663
40
0.73333333333333328
40
0.79999999999999993
40
0.86666666666666659
40
0.93333333333333324
40
1
40
1
40
1
40
1
40
1
40
1
41
1
41
1
41
1
41
1
41
1
41
1
41
1
41
1
41
1
41
1
41
1
41
1
41
1
41
1
41
1
41
1
41
1
41
1
41
1
41
1
10
-0.97994137662461411
20
10.971040386645559
30
0
10
-0.96315386954380533
20
11.015681014128329
30
0
10
-0.93288170802730452
20
11.111915395207543
30
0
10
-0.89738197790826912
20
11.277126288771866
30
0
10
-0.87001048204960219
20
11.539429969373515
30
0
10
-0.86982200478747584
20
11.937678731137936
30
0
10
-0.90440931881580855
20
12.404057625009957
30
0
10
-0.97403468850904895
20
12.931416071475573
30
0
10
-1.0778805035950136
20
13.505004901059184
30
0
10
-1.2133886672581495
20
14.099674848450018
30
0
10
-1.3769391983357946
20
14.683729181112996
30
0
10
-1.5643887479374947
20
15.222399208654434
30
0
10
-1.7715429542192997
20
15.681345075499857
30
0
10
-1.9945631221745419
20
16.030261512949895
30
0
10
-2.2303326237792591
20
16.246748123971081
30
0
10
-2.4768031537539676
20
16.320699835096704
30
0
10
-2.681595362059503
20
16.263985925429118
30
0
10
-2.8392356045292528
20
16.156910139014705
30
0
10
-2.9461143541527681
20
16.05704967591673
30
0
10
-3.0000000447034836
20
16.000000238418579
30
0
0
SPLINE
5
146
100
AcDbEntity
8
0
100
AcDbSpline
70
4
71
5
72
31
73
25
74
0
42
0.000000001
43
0.0000000001
44
0.0000000001
40
0
40
0
40
0
40
0
40
0
40
0
40
0.050000000000000003
40
0.10000000000000001
40
0.15000000000000002
40
0.20000000000000001
40
0.25
40
0.29999999999999999
40
0.34999999999999998
40
0.39999999999999997
40
0.44999999999999996
40
0.49999999999999994
40
0.54999999999999993
40
0.59999999999999998
40
0.65000000000000002
40
0.70000000000000007
40
0.75000000000000011
40
0.80000000000000016
40
0.8500000000000002
40
0.90000000000000024
40
0.95000000000000029
40
1
40
1
40
1
40
1
40
1
40
1
41
1
41
1
41
1
41
1
41
1
41
1
41
1
41
1
41
1
41
1
41
1
41
1
41
1
41
1
41
1
41
1
41
1
41
1
41
1
41
1
41
1
41
1
41
1
41
1
41
1
10
-0.97994137662461411
20
10.971040386645559
30
0
10
-1.107580307355496
20
10.901449065244936
30
0
10
-1.3501578651916963
20
10.756730050899639
30
0
10
-1.6759236079480699
20
10.523042944055156
30
0
10
-2.0337630515677132
20
10.178102772647513
30
0
10
-2.3524911735646317
20
9.6922557916087211
30
0
10
-2.5426797454546843
20
9.1558441682056575
30
0
10
-2.607006998535752
20
8.5783819019960497
30
0
10
-2.5522444206577983
20
7.9765986075543269
30
0
10
-2.3914927467851625
20
7.3776769935533961
30
0
10
-2.1425507316207599
20
6.8144799827099387
30
0
10
-1.8253702762153843
20
6.3188466287369227
30
0
10
-1.4598764059537821
20
5.9151170141026519
30
0
10
-1.06391991015289
20
5.6143106028400265
30
0
10
-0.65072753065725253
20
5.4054575767088506
30
0
10
-0.22875339483376278
20
5.2581792790450077
30
0
10
0.19688757014532404
20
5.1327141747015919
30
0
10
0.62352552289514862
20
4.9872356398485449
30
0
10
1.0498209122480162
20
4.7866777343723355
30
0
10
1.4748831357114065
20
4.5095379419666068
30
0
10
1.898215025815539
20
4.1439250398112435
30
0
10
2.235311439581416
20
3.776723302788886
30
0
10
2.4872249193690275
20
3.458908078969686
30
0
10
2.6547648796762351
20
3.2282586256478769
30
0
10
2.7384342744219414
20
3.1082406606976765
30
0
0
SPLINE
5
147
100
AcDbEntity
8
0
100
AcDbSpline
70
4
71
5
72
16
73
10
74
0
42
0.000000001
43
0.0000000001
44
0.0000000001
40
0
40
0
40
0
40
0
40
0
40
0
40
0.20000000000000001
40
0.40000000000000002
40
0.60000000000000009
40
0.80000000000000004
40
1
40
1
40
1
40
1
40
1
40
1
41
1
41
1
41
1
41
1
41
1
41
1
41
1
41
1
41
1
41
1
10
2.7384342744219414
20
3.1082406606976765
30
0
10
2.7620944165881061
20
3.0947422920689469
30
0
10
2.8094147009205495
20
3.0677455548116206
30
0
10
2.8803951274195754
20
3.0272504489260559
30
0
10
2.9750356960855799
20
2.9732569744127235
30
0
10
3.093336406918803
20
2.9057651312719193
30
0
10
3.1879769755857064
20
2.8517716567596905
30
0
10
3.2589574020859917
20
2.8112765508756743
30
0
10
3.3062776864195524
20
2.7842798136197211
30
0
10
3.3299378285863428
20
2.7707814449917589
30
0
0
SPLINE
5
148
100
AcDbEntity
8
0
100
AcDbSpline
70
4
71
5
72
46
73
40
74
0
42
0.000000001
43
0.0000000001
44
0.0000000001
40
0
40
0
40
0
40
0
40
0
40
0
40
0.028571428571428571
40
0.057142857142857141
40
0.085714285714285715
40
0.11428571428571428
40
0.14285714285714285
40
0.17142857142857143
40
0.20000000000000001
40
0.22857142857142859
40
0.25714285714285717
40
0.28571428571428575
40
0.31428571428571433
40
0.34285714285714292
40
0.3714285714285715
40
0.40000000000000008
40
0.42857142857142866
40
0.45714285714285724
40
0.48571428571428582
40
0.51428571428571435
40
0.54285714285714293
40
0.57142857142857151
40
0.60000000000000009
40
0.62857142857142867
40
0.65714285714285725
40
0.68571428571428583
40
0.71428571428571441
40
0.74285714285714299
40
0.77142857142857157
40
0.80000000000000016
40
0.82857142857142874
40
0.85714285714285732
40
0.8857142857142859
40
0.91428571428571448
40
0.94285714285714306
40
0.97142857142857164
40
1
40
1
40
1
40
1
40
1
40
1
41
1
41
1
41
1
41
1
41
1
41
1
41
1
41
1
41
1
41
1
41
1
41
1
41
1
41
1
41
1
41
1
41
1
41
1
41
1
41
1
41
1
41
1
41
1
41
1
41
1
41
1
41
1
41
1
41
1
41
1
41
1
41
1
41
1
41
1
41
1
41
1
41
1
41
1
41
1
41
1
10
3.3299378285863428
20
2.7707814449917589
30
0
10
3.3365837148613036
20
2.822338999895373
30
0
10
3.3482940225855584
20
2.9266792023007522
30
0
10
3.3611148725444098
20
3.0868648110799333
30
0
10
3.3687093921862745
20
3.3078057702383354
30
0
10
3.3613673640023718
20
3.5963539011511791
30
0
10
3.3343433860475584
20
3.8974859693606305
30
0
10
3.2819667535590842
20
4.2115594741529243
30
0
10
3.1950156796754854
20
4.5390822950392495
30
0
10
3.0643719231048632
20
4.8802275840665486
30
0
10
2.8847384509495768
20
5.2343205735505087
30
0
10
2.6578675352891894
20
5.5994224391048899
30
0
10
2.3971903784979389
20
5.9716467429841655
30
0
10
2.1279273155044796
20
6.3453321487648644
30
0
10
1.879546011205437
20
6.7146588796340136
30
0
10
1.6799220297207218
20
7.0749521924313967
30
0
10
1.5489677434806646
20
7.4240762583151447
30
0
10
1.4920883480611493
20
7.7638962602037163
30
0
10
1.4946537684628343
20
8.1014674976579801
30
0
10
1.5305378278016328
20
8.446592940702395
30
0
10
1.569995581226894
20
8.8095398951172683
30
0
10
1.5870643546258243
20
9.1988969216551926
30
0
10
1.5688426384497611
20
9.6188926574388773
30
0
10
1.5175600476003628
20
10.068746427134688
30
0
10
1.4448271094548535
20
10.544216927681099
30
0
10
1.3680787801211216
20
11.038532974553521
30
0
10
1.3060544535765719
20
11.543578000536851
30
0
10
1.2749616587359522
20
12.050906284518813
30
0
10
1.2836716672167254
20
12.552950254217274
30
0
10
1.3344802203318309
20
13.043182368871832
30
0
10
1.4251207500897836
20
13.516045783606019
30
0
10
1.5503197846530541
20
13.966969599860914
30
0
10
1.7035215993996145
20
14.392356269597409
30
0
10
1.8785216941320773
20
14.78958848322852
30
0
10
2.0711461033798413
20
15.157037453827943
30
0
10
2.2788531259817004
20
15.493832838492079
30
0
10
2.4560372514290734
20
15.738474928364665
30
0
10
2.5949110758426248
20
15.907996435576798
30
0
10
2.6901504104153688
20
16.01481454580999
30
0
10
2.7384342744219414
20
16.066674543804915
30
0
0
SPLINE
5
149
100
AcDbEntity
8
0
100
AcDbSpline
70
4
71
5
72
26
73
20
74
0
42
0.000000001
43
0.0000000001
44
0.0000000001
40
0
40
0
40
0
40
0
40
0
40
0
40
0.066666666666666666
40
0.13333333333333333
40
0.20000000000000001
40
0.26666666666666666
40
0.33333333333333331
40
0.39999999999999997
40
0.46666666666666662
40
0.53333333333333333
40
0.59999999999999998
40
0.66666666666666663
40
0.73333333333333328
40
0.79999999999999993
40
0.86666666666666659
40
0.93333333333333324
40
1
40
1
40
1
40
1
40
1
40
1
41
1
41
1
41
1
41
1
41
1
41
1
41
1
41
1
41
1
41
1
41
1
41
1
41
1
41
1
41
1
41
1
41
1
41
1
41
1
41
1
10
2.7384342744219414
20
16.066674543804915
30
0
10
3.158690159737402
20
16.005218460388772
30
0
10
3.9851363237315152
20
15.851891300597918
30
0
10
5.1826090331635211
20
15.530654625810907
30
0
10
6.6942304421585224
20
14.918528729469521
30
0
10
8.4368817862975938
20
13.84240460463219
30
0
10
10.0234942611715
20
12.45573924313031
30
0
10
11.440913329460185
20
10.77053765837471
30
0
10
12.672244492660871
20
8.8195422441389564
30
0
10
13.697525991682419
20
6.6618944429268891
30
0
10
14.495233125353353
20
4.3706961846775894
30
0
10
15.044116008196436
20
2.0243628628424006
30
0
10
15.325824239818228
20
-0.30302566909287404
30
0
10
15.32774118667607
20
-2.5500665124021231
30
0
10
15.047786359448507
20
-4.6789352582749437
30
0
10
14.490813967647302
20
-6.6708039194789599
30
0
10
13.829416827148211
20
-8.1492816450064112
30
0
10
13.214872384040797
20
-9.1934459810505622
30
0
10
12.752890680688221
20
-9.8610081079441017
30
0
10
12.508828495787306
20
-10.187652438115482
30
0
0
SPLINE
5
150
100
AcDbEntity
8
0
100
AcDbSpline
70
4
71
5
72
31
73
25
74
0
42
0.000000001
43
0.0000000001
44
0.0000000001
40
0
40
0
40
0
40
0
40
0
40
0
40
0.050000000000000003
40
0.10000000000000001
40
0.15000000000000002
40
0.20000000000000001
40
0.25
40
0.29999999999999999
40
0.34999999999999998
40
0.39999999999999997
40
0.44999999999999996
40
0.49999999999999994
40
0.54999999999999993
40
0.59999999999999998
40
0.65000000000000002
40
0.70000000000000007
40
0.75000000000000011
40
0.80000000000000016
40
0.8500000000000002
40
0.90000000000000024
40
0.95000000000000029
40
1
40
1
40
1
40
1
40
1
40
1
41
1
41
1
41
1
41
1
41
1
41
1
41
1
41
1
41
1
41
1
41
1
41
1
41
1
41
1
41
1
41
1
41
1
41
1
41
1
41
1
41
1
41
1
41
1
41
1
41
1
10
17.00000025331974
20
-29.000000432133675
30
0
10
17.040633279115202
20
-28.742339174782153
30
0
10
17.119029881324931
20
-28.230031511424119
30
0
10
17.228016579865344
20
-27.470614606548622
30
0
10
17.356044313960048
20
-26.476221413514768
30
0
10
17.48599141915841
20
-25.263767586467672
30
0
10
17.582719844795164
20
-24.081880532627594
30
0
10
17.640541215350826
20
-22.930029777316904
30
0
10
17.650373648689847
20
-21.806717120317941
30
0
10
17.599198606839519
20
-20.7091620374208
30
0
10
17.468733408968195
20
-19.632620947788869
30
0
10
17.23912017175142
20
-18.571796674231596
30
0
10
16.893979198108891
20
-17.522785301453712
30
0
10
16.42513411833087
20
-16.48483742196856
30
0
10
15.837714298686469
20
-15.462228469885925
30
0
10
15.155434466867039
20
-14.466145715310761
30
0
10
14.426217365699273
20
-13.516661329262815
30
0
10
13.712646751214624
20
-12.63914335344311
30
0
10
13.082986551684838
20
-11.860839172815435
30
0
10
12.601578392099746
20
-11.20714038691384
30
0
10
12.320658785348662
20
-10.698394611247162
30
0
10
12.278650475759248
20
-10.415653436021049
30
0
10
12.352783929240378
20
-10.274265605574103
30
0
10
12.449014160496645
20
-10.211307523109564
30
0
10
12.508828495787306
20
-10.187652438115482
30
0
0
SPLINE
5
151
100
AcDbEntity
8
0
100
AcDbSpline
70
4
71
5
72
36
73
30
74
0
42
0.000000001
43
0.0000000001
44
0.0000000001
40
0
40
0
40
0
40
0
40
0
40
0
40
0.040000000000000001
40
0.080000000000000002
40
0.12
40
0.16
40
0.20000000000000001
40
0.24000000000000002
40
0.28000000000000003
40
0.32000000000000001
40
0.35999999999999999
40
0.39999999999999997
40
0.43999999999999995
40
0.47999999999999993
40
0.51999999999999991
40
0.55999999999999994
40
0.59999999999999998
40
0.64000000000000001
40
0.68000000000000005
40
0.72000000000000008
40
0.76000000000000012
40
0.80000000000000016
40
0.84000000000000019
40
0.88000000000000023
40
0.92000000000000026
40
0.9600000000000003
40
1
40
1
40
1
40
1
40
1
40
1
41
1
41
1
41
1
41
1
41
1
41
1
41
1
41
1
41
1
41
1
41
1
41
1
41
1
41
1
41
1
41
1
41
1
41
1
41
1
41
1
41
1
41
1
41
1
41
1
41
1
41
1
41
1
41
1
41
1
41
1
10
17.00000025331974
20
-29.000000432133675
30
0
10
17.106867616865628
20
-28.99418447786422
30
0
10
17.324568852703916
20
-28.966337831632529
30
0
10
17.663018410550343
20
-28.875925620914366
30
0
10
18.138157840099925
20
-28.657820573049403
30
0
10
18.770022052820799
20
-28.223165548843404
30
0
10
19.433925546764456
20
-27.630478864354867
30
0
10
20.11694949320961
20
-26.890407741890204
30
0
10
20.800193446143215
20
-26.019257047805247
30
0
10
21.461728011188711
20
-25.036001649628595
30
0
10
22.078981518564053
20
-23.959909659225033
30
0
10
22.63118850295054
20
-22.808207256898363
30
0
10
23.102260211312945
20
-21.593169588953948
30
0
10
23.481165548894257
20
-20.322782764062634
30
0
10
23.761297549368816
20
-19.002921560315155
30
0
10
23.940246599463087
20
-17.639005284136068
30
0
10
24.019512463577264
20
-16.237944449408626
30
0
10
24.004291785934406
20
-14.809852356415675
30
0
10
23.903429227827594
20
-13.370278150410154
30
0
10
23.728363716161432
20
-11.938796946182695
30
0
10
23.491911882511157
20
-10.536953235551536
30
0
10
23.207177108285531
20
-9.1864885139200325
30
0
10
22.886402931707313
20
-7.9073689091093344
30
0
10
22.539960070539578
20
-6.7160470842158393
30
0
10
22.175040990514532
20
-5.6230914020515774
30
0
10
21.79595231470288
20
-4.6339544663555943
30
0
10
21.483135968071224
20
-3.9273870261715311
30
0
10
21.243511749688029
20
-3.4451827773735424
30
0
10
21.081541019495617
20
-3.1448684598482535
30
0
10
21.000000312924385
20
-3.0000000447034836
30
0
0
SPLINE
5
152
100
AcDbEntity
8
0
100
AcDbSpline
70
4
71
5
72
26
73
20
74
0
42
0.000000001
43
0.0000000001
44
0.0000000001
40
0
40
0
40
0
40
0
40
0
40
0
40
0.066666666666666666
40
0.13333333333333333
40
0.20000000000000001
40
0.26666666666666666
40
0.33333333333333331
40
0.39999999999999997
40
0.46666666666666662
40
0.53333333333333333
40
0.59999999999999998
40
0.66666666666666663
40
0.73333333333333328
40
0.79999999999999993
40
0.86666666666666659
40
0.93333333333333324
40
1
40
1
40
1
40
1
40
1
40
1
41
1
41
1
41
1
41
1
41
1
41
1
41
1
41
1
41
1
41
1
41
1
41
1
41
1
41
1
41
1
41
1
41
1
41
1
41
1
41
1
10
27.000000402331352
20
-14.000000208616257
30
0
10
27.04118612977441
20
-13.856153468928635
30
0
10
27.110488695210194
20
-13.55769182182196
30
0
10
27.175236668629424
20
-13.077695822355706
30
0
10
27.182578614717947
20
-12.372615841483299
30
0
10
27.057807721880856
20
-11.382463793228654
30
0
10
26.798118522810057
20
-10.287398916532073
30
0
10
26.406683080599738
20
-9.0995994878483124
30
0
10
25.893470988468955
20
-7.8432319810837239
30
0
10
25.279763747407557
20
-6.5605824500173746
30
0
10
24.598453796411938
20
-5.3120653423116879
30
0
10
23.888420508056708
20
-4.1676465954910284
30
0
10
23.190845379161416
20
-3.2007353617579319
30
0
10
22.544870719035654
20
-2.4807104291359283
30
0
10
21.983769749616147
20
-2.0659537522142015
30
0
10
21.530006694121241
20
-1.9943365248786604
30
0
10
21.259640787668506
20
-2.2204972840211692
30
0
10
21.109505044123779
20
-2.5489443560431635
30
0
10
21.032631984513529
20
-2.837970523835653
30
0
10
21.000000312924385
20
-3.0000000447034836
30
0
0
SPLINE
5
153
100
AcDbEntity
8
0
100
AcDbSpline
70
4
71
5
72
21
73
15
74
0
42
0.000000001
43
0.0000000001
44
0.0000000001
40
0
40
0
40
0
40
0
40
0
40
0
40
0.10000000000000001
40
0.20000000000000001
40
0.30000000000000004
40
0.40000000000000002
40
0.5
40
0.59999999999999998
40
0.69999999999999996
40
0.79999999999999993
40
0.89999999999999991
40
1
40
1
40
1
40
1
40
1
40
1
41
1
41
1
41
1
41
1
41
1
41
1
41
1
41
1
41
1
41
1
41
1
41
1
41
1
41
1
41
1
10
27.000000402331352
20
-14.000000208616257
30
0
10
27.105306051047577
20
-14.016356894872768
30
0
10
27.310446471382527
20
-14.031588405904504
30
0
10
27.601746452669033
20
-14.001996421615623
30
0
10
27.956767821022481
20
-13.855881095575262
30
0
10
28.34198538314924
20
-13.486114672077667
30
0
10
28.665673616098147
20
-12.919734946849026
30
0
10
28.927770599131833
20
-12.156544055882296
30
0
10
29.132917381996577
20
-11.211372196856255
30
0
10
29.287159903777059
20
-10.103538807537982
30
0
10
29.396505941476665
20
-8.8522413810375262
30
0
10
29.45185685746808
20
-7.7485469971589342
30
0
10
29.476615734574764
20
-6.8672388112653229
30
0
10
29.485796243963861
20
-6.2562921141276595
30
0
10
29.488555119979566
20
-5.9449667042175269
30
0
0
SPLINE
5
154
100
AcDbEntity
8
0
100
AcDbSpline
70
4
71
5
72
31
73
25
74
0
42
0.000000001
43
0.0000000001
44
0.0000000001
40
0
40
0
40
0
40
0
40
0
40
0
40
0.050000000000000003
40
0.10000000000000001
40
0.15000000000000002
40
0.20000000000000001
40
0.25
40
0.29999999999999999
40
0.34999999999999998
40
0.39999999999999997
40
0.44999999999999996
40
0.49999999999999994
40
0.54999999999999993
40
0.59999999999999998
40
0.65000000000000002
40
0.70000000000000007
40
0.75000000000000011
40
0.80000000000000016
40
0.8500000000000002
40
0.90000000000000024
40
0.95000000000000029
40
1
40
1
40
1
40
1
40
1
40
1
41
1
41
1
41
1
41
1
41
1
41
1
41
1
41
1
41
1
41
1
41
1
41
1
41
1
41
1
41
1
41
1
41
1
41
1
41
1
41
1
41
1
41
1
41
1
41
1
41
1
10
29.488555119979566
20
-5.9449667042175269
30
0
10
29.455111677253356
20
-5.8008623717679342
30
0
10
29.375962934665264
20
-5.5053623273489762
30
0
10
29.22045498271001
20
-5.040238505190457
30
0
10
28.939234721192548
20
-4.3761440174959541
30
0
10
28.465629403095019
20
-3.4732926693202106
30
0
10
27.876102788425165
20
-2.5009562585344067
30
0
10
27.185691070753435
20
-1.467227864435158
30
0
10
26.421583963625778
20
-0.38688347720516719
30
0
10
25.628264638976542
20
0.71580831991495941
30
0
10
24.867773003764384
20
1.8067707237248822
30
0
10
24.208503118246306
20
2.847669648758087
30
0
10
23.716671611310389
20
3.8000945430188917
30
0
10
23.446121555120456
20
4.6305367116634057
30
0
10
23.429694750710823
20
5.3146432110949959
30
0
10
23.666510721726794
20
5.843326152759424
30
0
10
24.120017958289711
20
6.2240899788343871
30
0
10
24.737815069873264
20
6.4727662195009561
30
0
10
25.465186839382888
20
6.6080018234808087
30
0
10
26.263352045363433
20
6.643963263371405
30
0
10
27.109452511626117
20
6.5898043360547032
30
0
10
27.815160445303984
20
6.4787365883279966
30
0
10
28.358796555976021
20
6.3584419727155588
30
0
10
28.727570243908367
20
6.2618724105933321
30
0
10
28.913544756500752
20
6.2094942406322424
30
0
0
SPLINE
5
155
100
AcDbEntity
8
0
100
AcDbSpline
70
4
71
5
72
36
73
30
74
0
42
0.000000001
43
0.0000000001
44
0.0000000001
40
0
40
0
40
0
40
0
40
0
40
0
40
0.040000000000000001
40
0.080000000000000002
40
0.12
40
0.16
40
0.20000000000000001
40
0.24000000000000002
40
0.28000000000000003
40
0.32000000000000001
40
0.35999999999999999
40
0.39999999999999997
40
0.43999999999999995
40
0.47999999999999993
40
0.51999999999999991
40
0.55999999999999994
40
0.59999999999999998
40
0.64000000000000001
40
0.68000000000000005
40
0.72000000000000008
40
0.76000000000000012
40
0.80000000000000016
40
0.84000000000000019
40
0.88000000000000023
40
0.92000000000000026
40
0.9600000000000003
40
1
40
1
40
1
40
1
40
1
40
1
41
1
41
1
41
1
41
1
41
1
41
1
41
1
41
1
41
1
41
1
41
1
41
1
41
1
41
1
41
1
41
1
41
1
41
1
41
1
41
1
41
1
41
1
41
1
41
1
41
1
41
1
41
1
41
1
41
1
41
1
10
29.488555119979566
20
9.3734112147302451
30
0
10
29.278493871931872
20
9.4314185394898846
30
0
10
28.869621297380178
20
9.540946305499757
30
0
10
28.29006240029079
20
9.6857769903523572
30
0
10
27.584991512551056
20
9.8398637840017447
30
0
10
26.816486461345086
20
9.9684440965234753
30
0
10
26.159105722117694
20
10.037115701841753
30
0
10
25.608084072556498
20
10.054861977093395
30
0
10
25.154003327308416
20
10.037677453389906
30
0
10
24.781666303935278
20
10.010001102915622
30
0
10
24.46758494109179
20
10.00812604902584
30
0
10
24.181786231707989
20
10.077306319553319
30
0
10
23.897690844657017
20
10.257057868573455
30
0
10
23.599040453291753
20
10.570774263284491
30
0
10
23.290606138929672
20
11.009638022625079
30
0
10
22.99646724002438
20
11.535221679645812
30
0
10
22.750112644316967
20
12.094397134355916
30
0
10
22.586817744669364
20
12.630757702606903
30
0
10
22.535624478937248
20
13.096632378322187
30
0
10
22.610188957933168
20
13.466696399060998
30
0
10
22.803817295191983
20
13.745448927445858
30
0
10
23.098505245403118
20
13.954231465701021
30
0
10
23.47099669048206
20
14.122566477613036
30
0
10
23.900666627946642
20
14.276829970253427
30
0
10
24.374134358344381
20
14.433623133579008
30
0
10
24.883028317967959
20
14.602985948879121
30
0
10
25.31505859945899
20
14.752358997270196
30
0
10
25.652372824442793
20
14.872885632897519
30
0
10
25.883142356736464
20
14.95700120101035
30
0
10
26.000000387430191
20
15.000000223517418
30
0
0
LINE
5
156
100
AcDbEntity
8
0
100
AcDbLine
10
28.913544756500752
20
6.2094942406322424
30
0
11
29.488555119979566
21
9.3734112147302451
31
0
0
SPLINE
5
157
100
AcDbEntity
8
0
100
AcDbSpline
70
4
71
5
72
41
73
35
74
0
42
0.000000001
43
0.0000000001
44
0.0000000001
40
0
40
0
40
0
40
0
40
0
40
0
40
0.033333333333333333
40
0.066666666666666666
40
0.10000000000000001
40
0.13333333333333333
40
0.16666666666666666
40
0.19999999999999998
40
0.23333333333333331
40
0.26666666666666666
40
0.29999999999999999
40
0.33333333333333331
40
0.36666666666666664
40
0.39999999999999997
40
0.43333333333333329
40
0.46666666666666662
40
0.49999999999999994
40
0.53333333333333333
40
0.56666666666666665
40
0.59999999999999998
40
0.6333333333333333
40
0.66666666666666663
40
0.69999999999999996
40
0.73333333333333328
40
0.76666666666666661
40
0.79999999999999993
40
0.83333333333333326
40
0.86666666666666659
40
0.89999999999999991
40
0.93333333333333324
40
0.96666666666666656
40
1
40
1
40
1
40
1
40
1
40
1
41
1
41
1
41
1
41
1
41
1
41
1
41
1
41
1
41
1
41
1
41
1
41
1
41
1
41
1
41
1
41
1
41
1
41
1
41
1
41
1
41
1
41
1
41
1
41
1
41
1
41
1
41
1
41
1
41
1
41
1
41
1
41
1
41
1
41
1
41
1
10
24.109231671468031
20
18.460950159868968
30
0
10
23.926280917890608
20
18.392939919134982
30
0
10
23.570757773629246
20
18.259299484206768
30
0
10
23.068608364726767
20
18.06597888847406
30
0
10
22.461457311985221
20
17.822524774431322
30
0
10
21.805760670533004
20
17.542693091710412
30
0
10
21.249938266220433
20
17.289025508965238
30
0
10
20.786421597336261
20
17.06466278813204
30
0
10
20.401605934812554
20
16.874720899075403
30
0
10
20.074517589782413
20
16.726618617285048
30
0
10
19.774106867240633
20
16.630871978323547
30
0
10
19.460702098987252
20
16.600429302977059
30
0
10
19.096110506927076
20
16.646973092287965
30
0
10
18.651675222797891
20
16.777936041870799
30
0
10
18.117662514077729
20
16.99300342887657
30
0
10
17.51094864819558
20
17.281292123627438
30
0
10
16.866620449555324
20
17.625152869839749
30
0
10
16.230758753879915
20
18.003497734786148
30
0
10
15.653011916689742
20
18.39517140076207
30
0
10
15.179008591470192
20
18.782491820272483
30
0
10
14.843504575489494
20
19.154254605672495
30
0
10
14.661444575037264
20
19.510178934297407
30
0
10
14.625774596346933
20
19.860622286614134
30
0
10
14.715301297070519
20
20.219178020235251
30
0
10
14.899927143221829
20
20.597178824944415
30
0
10
15.147003506379093
20
20.997068230442125
30
0
10
15.42667547874454
20
21.407216910309597
30
0
10
15.712343483568073
20
21.807321967745132
30
0
10
15.981503237392205
20
22.17292503946943
30
0
10
16.216446824783414
20
22.48016043360267
30
0
10
16.405116237712647
20
22.710555096137341
30
0
10
16.514447168263967
20
22.826448818783032
30
0
10
16.572265591305438
20
22.873704769594116
30
0
10
16.600084988790119
20
22.887614594105116
30
0
10
16.611313080359661
20
22.890170822205494
30
0
0
SPLINE
5
158
100
AcDbEntity
8
0
100
AcDbSpline
70
4
71
5
72
36
73
30
74
0
42
0.000000001
43
0.0000000001
44
0.0000000001
40
0
40
0
40
0
40
0
40
0
40
0
40
0.040000000000000001
40
0.080000000000000002
40
0.12
40
0.16
40
0.20000000000000001
40
0.24000000000000002
40
0.28000000000000003
40
0.32000000000000001
40
0.35999999999999999
40
0.39999999999999997
40
0.43999999999999995
40
0.47999999999999993
40
0.51999999999999991
40
0.55999999999999994
40
0.59999999999999998
40
0.64000000000000001
40
0.68000000000000005
40
0.72000000000000008
40
0.76000000000000012
40
0.80000000000000016
40
0.84000000000000019
40
0.88000000000000023
40
0.92000000000000026
40
0.9600000000000003
40
1
40
1
40
1
40
1
40
1
40
1
41
1
41
1
41
1
41
1
41
1
41
1
41
1
41
1
41
1
41
1
41
1
41
1
41
1
41
1
41
1
41
1
41
1
41
1
41
1
41
1
41
1
41
1
41
1
41
1
41
1
41
1
41
1
41
1
41
1
41
1
10
13.000000193715096
20
25.00000037252903
30
0
10
12.896607929498566
20
24.898837237783905
30
0
10
12.693457462693585
20
24.699141906869148
30
0
10
12.399633962997452
20
24.407491712962074
30
0
10
12.029730460208112
20
24.034451681418982
30
0
10
11.603489921734369
20
23.595028447595986
30
0
10
11.211910590128424
20
23.183561535389153
30
0
10
10.851581144201042
20
22.801889374760414
30
0
10
10.516353063863189
20
22.452791485021915
30
0
10
10.196564255200194
20
22.14015162722108
30
0
10
9.8780699251236275
20
21.869164886060179
30
0
10
9.5449613358545626
20
21.645385146516038
30
0
10
9.1825720935324249
20
21.473648921404461
30
0
10
8.7801904941526754
20
21.357118572940163
30
0
10
8.3344078147107581
20
21.296004680857092
30
0
10
7.8507617016652667
20
21.287128635522954
30
0
10
7.3413723817713148
20
21.325466241880562
30
0
10
6.8234541321365576
20
21.405270960395384
30
0
10
6.3175540371213863
20
21.521302762561202
30
0
10
5.8459499799953596
20
21.670060642664168
30
0
10
5.4310236432885404
20
21.85081905659661
30
0
10
5.0940725757540397
20
22.06467219503746
30
0
10
4.8539587676107914
20
22.31372159407438
30
0
10
4.7259485781624679
20
22.600278678427657
30
0
10
4.719948770821043
20
22.925876356680725
30
0
10
4.8408178503963466
20
23.291089892915355
30
0
10
5.0403604798626951
20
23.61500761704751
30
0
10
5.2478042951704946
20
23.875715035871032
30
0
10
5.4117175698307927
20
24.057397300487459
30
0
10
5.5000784877740747
20
24.150207734766745
30
0
0
LINE
5
159
100
AcDbEntity
8
0
100
AcDbLine
10
13.000000193715096
20
25.00000037252903
30
0
11
16.611313080359661
21
22.890170822205494
31
0
0
LINE
5
160
100
AcDbEntity
8
0
100
AcDbLine
10
24.109231671468031
20
18.460950159868968
30
0
11
26.500693697128277
21
15.52086403055938
31
0
0
LINE
5
161
100
AcDbEntity
8
0
100
AcDbLine
10
26.500693697128277
20
15.52086403055938
30
0
11
26.000000387430191
21
15.000000223517418
31
0
0
LINE
5
162
100
AcDbEntity
8
0
100
AcDbLine
10
5.5000784877740747
20
24.150207734766745
30
0
11
5.2370728442852856
21
25.016915713883208
31
0
0
LINE
5
163
100
AcDbEntity
8
0
100
AcDbLine
10
5.2370728442852856
20
25.016915713883208
30
0
11
4.3027260946480004
21
24.58356172432498
31
0
0
LINE
5
164
100
AcDbEntity
8
0
100
AcDbLine
10
4.3027260946480004
20
24.58356172432498
30
0
11
3.6637834572640635
21
25.961174463169137
31
0
0
LINE
5
165
100
AcDbEntity
8
0
100
AcDbLine
10
3.6637834572640635
20
25.961174463169137
30
0
11
5.3685756660296802
21
30.95272618403548
31
0
0
LINE
5
166
100
AcDbEntity
8
0
100
AcDbLine
10
5.3685756660296802
20
30.95272618403548
30
0
11
3.1757091017357011
21
33.47520892560879
31
0
0
LINE
5
167
100
AcDbEntity
8
0
100
AcDbLine
10
3.1757091017357011
20
33.47520892560879
30
0
11
2.0946876378716359
21
28.010668236545932
31
0
0
LINE
5
168
100
AcDbEntity
8
0
100
AcDbLine
10
2.0946876378716359
20
28.010668236545932
30
0
11
1.912216073675963
21
28.50141517981692
31
0
0
LINE
5
169
100
AcDbEntity
8
0
100
AcDbLine
10
1.912216073675963
20
28.50141517981692
30
0
11
1.7022195718534616
21
35.200303587954735
31
0
0
LINE
5
170
100
AcDbEntity
8
0
100
AcDbLine
10
1.7022195718534616
20
35.200303587954735
30
0
11
-0.17248153011620665
21
35.141535528331865
31
0
0
LINE
5
171
100
AcDbEntity
8
0
100
AcDbLine
10
-0.17248153011620665
20
35.141535528331865
30
0
11
-0.17248153011620665
21
28.61490461405716
31
0
0
LINE
5
172
100
AcDbEntity
8
0
100
AcDbLine
10
-0.17248153011620665
20
28.61490461405716
30
0
11
-0.73930477181373688
21
28.256041708181424
31
0
0
LINE
5
173
100
AcDbEntity
8
0
100
AcDbLine
10
-0.73930477181373688
20
28.256041708181424
30
0
11
-1.8425020577662172
21
32.58703481246566
31
0
0
LINE
5
174
100
AcDbEntity
8
0
100
AcDbLine
10
-1.8425020577662172
20
32.58703481246566
30
0
11
-3.5878276371046409
21
30.421538260323544
31
0
0
LINE
5
175
100
AcDbEntity
8
0
100
AcDbLine
10
-3.5878276371046409
20
30.421538260323544
30
0
11
-2.0895480547032204
21
26.222278478354937
31
0
0
LINE
5
176
100
AcDbEntity
8
0
100
AcDbLine
10
-2.0895480547032204
20
26.222278478354937
30
0
11
-2.7540120940278285
21
25.742387783287164
31
0
0
LINE
5
177
100
AcDbEntity
8
0
100
AcDbLine
10
-2.7540120940278285
20
25.742387783287164
30
0
11
-3.3494320305008092
21
26.222278478354937
31
0
0
LINE
5
178
100
AcDbEntity
8
0
100
AcDbLine
10
-3.3494320305008092
20
26.222278478354937
30
0
11
-4.9994797950633343
21
25.030577315059777
31
0
0
LINE
5
179
100
AcDbEntity
8
0
100
AcDbLine
10
-16.000000238418579
20
23.000000342726707
30
0
11
-12.640396445791671
21
24.198693928930972
31
0
0
SPLINE
5
180
100
AcDbEntity
8
0
100
AcDbSpline
70
4
71
5
72
31
73
25
74
0
42
0.000000001
43
0.0000000001
44
0.0000000001
40
0
40
0
40
0
40
0
40
0
40
0
40
0.050000000000000003
40
0.10000000000000001
40
0.15000000000000002
40
0.20000000000000001
40
0.25
40
0.29999999999999999
40
0.34999999999999998
40
0.39999999999999997
40
0.44999999999999996
40
0.49999999999999994
40
0.54999999999999993
40
0.59999999999999998
40
0.65000000000000002
40
0.70000000000000007
40
0.75000000000000011
40
0.80000000000000016
40
0.8500000000000002
40
0.90000000000000024
40
0.95000000000000029
40
1
40
1
40
1
40
1
40
1
40
1
41
1
41
1
41
1
41
1
41
1
41
1
41
1
41
1
41
1
41
1
41
1
41
1
41
1
41
1
41
1
41
1
41
1
41
1
41
1
41
1
41
1
41
1
41
1
41
1
41
1
10
-12.640396445791671
20
24.198693928930972
30
0
10
-12.516169500867749
20
24.148105072539849
30
0
10
-12.27213213692189
20
24.047558981432438
30
0
10
-11.919325318661762
20
23.898634757212946
30
0
10
-11.475525900942774
20
23.703873983250283
30
0
10
-10.964173565644423
20
23.467308820535131
30
0
10
-10.492280875343315
20
23.239100619525853
30
0
10
-10.050949015112078
20
23.022097111168055
30
0
10
-9.6245904855569222
20
22.82092883738185
30
0
10
-9.1882176202789623
20
22.642566837642853
30
0
10
-8.7136389387113624
20
22.495475116473422
30
0
10
-8.1768747688872434
20
22.388568823773891
30
0
10
-7.5651164129223734
20
22.330233110486294
30
0
10
-6.8843124502472577
20
22.327245806269381
30
0
10
-6.1662333249276546
20
22.383737425030713
30
0
10
-5.45957840486607
20
22.501831221628358
30
0
10
-4.8221667785121616
20
22.682141008121171
30
0
10
-4.3125565769500058
20
22.924229100232271
30
0
10
-3.982710948943077
20
23.226992108862447
30
0
10
-3.8680257771598558
20
23.588993831466397
30
0
10
-3.9860071398088714
20
24.008749859753138
30
0
10
-4.2718368761859411
20
24.389726969327228
30
0
10
-4.593931547821974
20
24.700466792439535
30
0
10
-4.8563492829022881
20
24.918695642754027
30
0
10
-4.9994797950633343
20
25.030577315059777
30
0
0
LINE
5
181
100
AcDbEntity
8
0
100
AcDbLine
10
-26.000000387430191
20
16.000000238418579
30
0
11
-24.452492595783482
21
18.185949600383061
31
0
0
SPLINE
5
182
100
AcDbEntity
8
0
100
AcDbSpline
70
4
71
5
72
31
73
25
74
0
42
0.000000001
43
0.0000000001
44
0.0000000001
40
0
40
0
40
0
40
0
40
0
40
0
40
0.050000000000000003
40
0.10000000000000001
40
0.15000000000000002
40
0.20000000000000001
40
0.25
40
0.29999999999999999
40
0.34999999999999998
40
0.39999999999999997
40
0.44999999999999996
40
0.49999999999999994
40
0.54999999999999993
40
0.59999999999999998
40
0.65000000000000002
40
0.70000000000000007
40
0.75000000000000011
40
0.80000000000000016
40
0.8500000000000002
40
0.90000000000000024
40
0.95000000000000029
40
1
40
1
40
1
40
1
40
1
40
1
41
1
41
1
41
1
41
1
41
1
41
1
41
1
41
1
41
1
41
1
41
1
41
1
41
1
41
1
41
1
41
1
41
1
41
1
41
1
41
1
41
1
41
1
41
1
41
1
41
1
10
-24.452492595783482
20
18.185949600383061
30
0
10
-24.314104215912913
20
18.147128206045117
30
0
10
-24.034727231351781
20
18.072152117940249
30
0
10
-23.607861310805696
20
17.967688173175425
30
0
10
-23.023040172230871
20
17.844467811300714
30
0
10
-22.266394509854756
20
17.718037315130374
30
0
10
-21.486235653237227
20
17.620979012523566
30
0
10
-20.687383123596035
20
17.556362750844418
30
0
10
-19.878295896484868
20
17.528773974067843
30
0
10
-19.072598557354112
20
17.544783679391681
30
0
10
-18.288756122041935
20
17.612513328999128
30
0
10
-17.547618550466606
20
17.740170090278703
30
0
10
-16.870523680762421
20
17.934782913983241
30
0
10
-16.277200261662014
20
18.20083192855007
30
0
10
-15.783557038697584
20
18.538691171437915
30
0
10
-15.399722023087756
20
18.943365525104653
30
0
10
-15.131505767333111
20
19.406722314335546
30
0
10
-14.981407890721849
20
19.9193496908429
30
0
10
-14.949616039348319
20
20.472388906453155
30
0
10
-15.034830560004464
20
21.059509900328514
30
0
10
-15.235020561823312
20
21.676681248141605
30
0
10
-15.485462183735789
20
22.192630502803397
30
0
10
-15.723345691564912
20
22.591646919291026
30
0
10
-15.904089569794021
20
22.862993284210059
30
0
10
-16.000000238418579
20
23.000000342726707
30
0
0
LINE
5
183
100
AcDbEntity
8
0
100
AcDbLine
10
-29.255183855578466
20
6.4242838621819986
30
0
11
-29.255183855578466
21
9.0000001341104507
31
0
0
SPLINE
5
184
100
AcDbEntity
8
0
100
AcDbSpline
70
4
71
5
72
36
73
30
74
0
42
0.000000001
43
0.0000000001
44
0.0000000001
40
0
40
0
40
0
40
0
40
0
40
0
40
0.040000000000000001
40
0.080000000000000002
40
0.12
40
0.16
40
0.20000000000000001
40
0.24000000000000002
40
0.28000000000000003
40
0.32000000000000001
40
0.35999999999999999
40
0.39999999999999997
40
0.43999999999999995
40
0.47999999999999993
40
0.51999999999999991
40
0.55999999999999994
40
0.59999999999999998
40
0.64000000000000001
40
0.68000000000000005
40
0.72000000000000008
40
0.76000000000000012
40
0.80000000000000016
40
0.84000000000000019
40
0.88000000000000023
40
0.92000000000000026
40
0.9600000000000003
40
1
40
1
40
1
40
1
40
1
40
1
41
1
41
1
41
1
41
1
41
1
41
1
41
1
41
1
41
1
41
1
41
1
41
1
41
1
41
1
41
1
41
1
41
1
41
1
41
1
41
1
41
1
41
1
41
1
41
1
41
1
41
1
41
1
41
1
41
1
41
1
10
-29.255183855578466
20
9.0000001341104507
30
0
10
-29.27821685878552
20
9.0808200861388304
30
0
10
-29.30662941764627
20
9.2314541260618519
30
0
10
-29.296292505557005
20
9.4243912756843944
30
0
10
-29.17628218490162
20
9.6154086883646688
30
0
10
-28.85282966355696
20
9.746884117439917
30
0
10
-28.368872999381768
20
9.7815269445147255
30
0
10
-27.753968894900854
20
9.7428316680996563
30
0
10
-27.054367446168474
20
9.6671662330146972
30
0
10
-26.323881473766097
20
9.5961990003326676
30
0
10
-25.617348408385826
20
9.5714026171571902
30
0
10
-24.982790298332031
20
9.6274732269896983
30
0
10
-24.454774704104231
20
9.7867447716161298
30
0
10
-24.045426822447631
20
10.051579655546055
30
0
10
-23.741582971568675
20
10.402032575525846
30
0
10
-23.517090558655394
20
10.806557888119526
30
0
10
-23.342518593343456
20
11.230474171854919
30
0
10
-23.194776451403332
20
11.64437736405549
30
0
10
-23.069286811651221
20
12.034696810772923
30
0
10
-22.979930865595325
20
12.403999812998261
30
0
10
-22.950054289393588
20
12.763836698745351
30
0
10
-23.006653031652462
20
13.130223462198533
30
0
10
-23.172318155286607
20
13.517408112830351
30
0
10
-23.461348146619656
20
13.934734828406137
30
0
10
-23.882393899575611
20
14.388237688594947
30
0
10
-24.439591093106657
20
14.881175147934499
30
0
10
-24.995267983916776
20
15.308187702771722
30
0
10
-25.473708377347734
20
15.646926034857939
30
0
10
-25.82001244022964
20
15.88094353149614
30
0
10
-26.000000387430191
20
16.000000238418579
30
0
0
SPLINE
5
185
100
AcDbEntity
8
0
100
AcDbSpline
70
4
71
5
72
26
73
20
74
0
42
0.000000001
43
0.0000000001
44
0.0000000001
40
0
40
0
40
0
40
0
40
0
40
0
40
0.066666666666666666
40
0.13333333333333333
40
0.20000000000000001
40
0.26666666666666666
40
0.33333333333333331
40
0.39999999999999997
40
0.46666666666666662
40
0.53333333333333333
40
0.59999999999999998
40
0.66666666666666663
40
0.73333333333333328
40
0.79999999999999993
40
0.86666666666666659
40
0.93333333333333324
40
1
40
1
40
1
40
1
40
1
40
1
41
1
41
1
41
1
41
1
41
1
41
1
41
1
41
1
41
1
41
1
41
1
41
1
41
1
41
1
41
1
41
1
41
1
41
1
41
1
41
1
10
-29.255183855578466
20
6.4242838621819986
30
0
10
-29.040237565123764
20
6.4593103782602848
30
0
10
-28.620371978938213
20
6.5242444218345081
30
0
10
-28.020654553826777
20
6.6062885390983155
30
0
10
-27.281630798590161
20
6.684743391689226
30
0
10
-26.461509953234611
20
6.7298760098787449
30
0
10
-25.74840149737549
20
6.7203121114127518
30
0
10
-25.145308649401954
20
6.6544211195469174
30
0
10
-24.653410207552167
20
6.5314354537221728
30
0
10
-24.270641841350976
20
6.3521597486655734
30
0
10
-23.98904274910533
20
6.1202959069014495
30
0
10
-23.794808410294088
20
5.8424332885301649
30
0
10
-23.672086905969969
20
5.5261956821900498
30
0
10
-23.605302889241017
20
5.1791175136527627
30
0
10
-23.582199624308906
20
4.8071890389166718
30
0
10
-23.595061132886876
20
4.4142595133725742
30
0
10
-23.630566420005263
20
4.0849306711512794
30
0
10
-23.670526243331924
20
3.8299589599609281
30
0
10
-23.703046611418671
20
3.6564596663277182
30
0
10
-23.720777010380981
20
3.5688304371178154
30
0
0
SPLINE
5
186
100
AcDbEntity
8
0
100
AcDbSpline
70
4
71
5
72
31
73
25
74
0
42
0.000000001
43
0.0000000001
44
0.0000000001
40
0
40
0
40
0
40
0
40
0
40
0
40
0.050000000000000003
40
0.10000000000000001
40
0.15000000000000002
40
0.20000000000000001
40
0.25
40
0.29999999999999999
40
0.34999999999999998
40
0.39999999999999997
40
0.44999999999999996
40
0.49999999999999994
40
0.54999999999999993
40
0.59999999999999998
40
0.65000000000000002
40
0.70000000000000007
40
0.75000000000000011
40
0.80000000000000016
40
0.8500000000000002
40
0.90000000000000024
40
0.95000000000000029
40
1
40
1
40
1
40
1
40
1
40
1
41
1
41
1
41
1
41
1
41
1
41
1
41
1
41
1
41
1
41
1
41
1
41
1
41
1
41
1
41
1
41
1
41
1
41
1
41
1
41
1
41
1
41
1
41
1
41
1
41
1
10
-23.720777010380981
20
3.5688304371178154
30
0
10
-23.844200125594298
20
3.4245840142481039
30
0
10
-24.087854329142345
20
3.1320834634313339
30
0
10
-24.443759394382806
20
2.6813096618486605
30
0
10
-24.899070234102616
20
2.0561326587012783
30
0
10
-25.435834493363949
20
1.2336607170110518
30
0
10
-25.940082679674163
20
0.36890130429734613
30
0
10
-26.412118536095697
20
-0.53989792137882553
30
0
10
-26.853174242526215
20
-1.4949895445216717
30
0
10
-27.265349180040047
20
-2.4987530214891382
30
0
10
-27.650125501915859
20
-3.5523403096499164
30
0
10
-28.007165276831127
20
-4.6544345129938032
30
0
10
-28.33302703572582
20
-5.799905336434616
30
0
10
-28.619840424421305
20
-6.9783215217402024
30
0
10
-28.854135872851266
20
-8.1726018243120357
30
0
10
-29.019084706996026
20
-9.3617312032057463
30
0
10
-29.096493641488301
20
-10.523130330360345
30
0
10
-29.0690420006406
20
-11.635235687572887
30
0
10
-28.922255284438503
20
-12.679750403686832
30
0
10
-28.647386679578382
20
-13.644803420851998
30
0
10
-28.240924396456464
20
-14.524537336043323
30
0
10
-27.810061138577016
20
-15.158367633109231
30
0
10
-27.427891669418976
20
-15.594415912704576
30
0
10
-27.146985235877224
20
-15.867706741491258
30
0
10
-27.000000402331352
20
-16.000000238418579
30
0
0
SPLINE
5
187
100
AcDbEntity
8
0
100
AcDbSpline
70
4
71
5
72
26
73
20
74
0
42
0.000000001
43
0.0000000001
44
0.0000000001
40
0
40
0
40
0
40
0
40
0
40
0
40
0.066666666666666666
40
0.13333333333333333
40
0.20000000000000001
40
0.26666666666666666
40
0.33333333333333331
40
0.39999999999999997
40
0.46666666666666662
40
0.53333333333333333
40
0.59999999999999998
40
0.66666666666666663
40
0.73333333333333328
40
0.79999999999999993
40
0.86666666666666659
40
0.93333333333333324
40
1
40
1
40
1
40
1
40
1
40
1
41
1
41
1
41
1
41
1
41
1
41
1
41
1
41
1
41
1
41
1
41
1
41
1
41
1
41
1
41
1
41
1
41
1
41
1
41
1
41
1
10
-27.000000402331352
20
-16.000000238418579
30
0
10
-26.875021398121785
20
-16.053570626224829
30
0
10
-26.644630199482137
20
-16.142666084885736
30
0
10
-26.357746351751352
20
-16.222172960824341
30
0
10
-26.093472698057347
20
-16.219125487910723
30
0
10
-25.955041045779947
20
-16.030697518996867
30
0
10
-25.983383939120341
20
-15.657514017503164
30
0
10
-26.12133522152735
20
-15.105909666425001
30
0
10
-26.294967089560487
20
-14.386213833615685
30
0
10
-26.426887565309528
20
-13.51112201363264
30
0
10
-26.449889409557827
20
-12.494412543388647
30
0
10
-26.32067966274418
20
-11.35012159076431
30
0
10
-26.014126293143981
20
-10.091505856255887
30
0
10
-25.518266935526039
20
-8.7303147729188808
30
0
10
-24.830040368648586
20
-7.2763089177555482
30
0
10
-23.951674383271996
20
-5.7369915459873431
30
0
10
-23.100465809143316
20
-4.441415120271345
30
0
10
-22.3804345015755
20
-3.4349628500771026
30
0
10
-21.864398660612864
20
-2.7486532594062223
30
0
10
-21.597376942906337
20
-2.4016630880163836
30
0
0
SPLINE
5
188
100
AcDbEntity
8
0
100
AcDbSpline
70
4
71
5
72
21
73
15
74
0
42
0.000000001
43
0.0000000001
44
0.0000000001
40
0
40
0
40
0
40
0
40
0
40
0
40
0.10000000000000001
40
0.20000000000000001
40
0.30000000000000004
40
0.40000000000000002
40
0.5
40
0.59999999999999998
40
0.69999999999999996
40
0.79999999999999993
40
0.89999999999999991
40
1
40
1
40
1
40
1
40
1
40
1
41
1
41
1
41
1
41
1
41
1
41
1
41
1
41
1
41
1
41
1
41
1
41
1
41
1
41
1
41
1
10
-21.597376942906337
20
-2.4016630880163836
30
0
10
-21.494605490573129
20
-2.3499843014346067
30
0
10
-21.296235261475253
20
-2.2532238220987195
30
0
10
-21.020197341816825
20
-2.1278738302266613
30
0
10
-20.695894844321362
20
-2.0009779431696506
30
0
10
-20.368368826317681
20
-1.9139628333646654
30
0
10
-20.125614217408586
20
-1.9049165281307248
30
0
10
-19.974489174921221
20
-1.9801468420227339
30
0
10
-19.918628264701695
20
-2.1429966798833888
30
0
10
-19.954130403814247
20
-2.3898780068274754
30
0
10
-20.074047259044541
20
-2.7144000687048262
30
0
10
-20.231944600201409
20
-3.0310091957108694
30
0
10
-20.383003003180121
20
-3.2984825633571373
30
0
10
-20.497976444151881
20
-3.489921037365014
30
0
10
-20.55903024288299
20
-3.5889211072528484
30
0
0
SPLINE
5
189
100
AcDbEntity
8
0
100
AcDbSpline
70
4
71
5
72
31
73
25
74
0
42
0.000000001
43
0.0000000001
44
0.0000000001
40
0
40
0
40
0
40
0
40
0
40
0
40
0.050000000000000003
40
0.10000000000000001
40
0.15000000000000002
40
0.20000000000000001
40
0.25
40
0.29999999999999999
40
0.34999999999999998
40
0.39999999999999997
40
0.44999999999999996
40
0.49999999999999994
40
0.54999999999999993
40
0.59999999999999998
40
0.65000000000000002
40
0.70000000000000007
40
0.75000000000000011
40
0.80000000000000016
40
0.8500000000000002
40
0.90000000000000024
40
0.95000000000000029
40
1
40
1
40
1
40
1
40
1
40
1
41
1
41
1
41
1
41
1
41
1
41
1
41
1
41
1
41
1
41
1
41
1
41
1
41
1
41
1
41
1
41
1
41
1
41
1
41
1
41
1
41
1
41
1
41
1
41
1
41
1
10
-20.55903024288299
20
-3.5889211072528484
30
0
10
-20.766447822759591
20
-3.8630880397127045
30
0
10
-21.166298031671367
20
-4.415439625084697
30
0
10
-21.72111874291388
20
-5.2560199984209639
30
0
10
-22.370601460092768
20
-6.4009996467291455
30
0
10
-23.030140288307027
20
-7.8723986178444152
30
0
10
-23.535565701889652
20
-9.3824676881813911
30
0
10
-23.886308410834076
20
-10.927334564498656
30
0
10
-24.084171740423429
20
-12.499816225282759
30
0
10
-24.135028086135058
20
-14.088055700189223
30
0
10
-24.049418292953028
20
-15.675189173164112
30
0
10
-23.840513706364462
20
-17.241408262112877
30
0
10
-23.52280366855064
20
-18.765462728055081
30
0
10
-23.110631651912968
20
-20.226416693016589
30
0
10
-22.616996149284688
20
-21.605227924474409
30
0
10
-22.052151746282426
20
-22.886765019096845
30
0
10
-21.423764497689646
20
-24.059624772741778
30
0
10
-20.737435685482044
20
-25.115544142719809
30
0
10
-19.997131818462908
20
-26.049111762807634
30
0
10
-19.205693174644512
20
-26.857538149650324
30
0
10
-18.365338992822036
20
-27.540563166327992
30
0
10
-17.655173730013342
20
-27.987531527796051
30
0
10
-17.101650206279668
20
-28.267443299381959
30
0
10
-16.723383628381864
20
-28.429566964710617
30
0
10
-16.531937611915012
20
-28.504507743954996
30
0
0
LINE
5
190
100
AcDbEntity
8
0
100
AcDbLine
10
15.731612698999442
20
22.443708645945115
30
0
11
12.879047139711739
21
23.696524601037687
31
0
0
LINE
5
191
100
AcDbEntity
8
0
100
AcDbLine
10
-3.1699531709229793
20
30.277833977429367
30
0
11
-1.8425020577662172
21
31.924856654864605
31
0
0
LINE
5
192
100
AcDbEntity
8
0
100
AcDbLine
10
-0.17248153011620665
20
28.61490461405716
30
0
11
-0.73930477181373688
21
28.256041708181424
31
0
0
LINE
5
193
100
AcDbEntity
8
0
100
AcDbLine
10
13.000000193715096
20
25.00000037252903
30
0
11
16.611313080359661
21
22.890170822205494
31
0
0
LINE
5
194
100
AcDbEntity
8
0
100
AcDbLine
10
-12.656539254811767
20
23.553117254319062
30
0
11
-15.499347308527911
21
22.330048673069093
31
0
0
LINE
5
195
100
AcDbEntity
8
0
100
AcDbLine
10
-1.0000000149011612
20
27.000000402331352
30
0
11
0.16824060005604935
21
27.824848139329763
31
0
0
SPLINE
5
196
100
AcDbEntity
8
0
100
AcDbSpline
70
4
71
5
72
36
73
30
74
0
42
0.000000001
43
0.0000000001
44
0.0000000001
40
0
40
0
40
0
40
0
40
0
40
0
40
0.040000000000000001
40
0.080000000000000002
40
0.12
40
0.16
40
0.20000000000000001
40
0.24000000000000002
40
0.28000000000000003
40
0.32000000000000001
40
0.35999999999999999
40
0.39999999999999997
40
0.43999999999999995
40
0.47999999999999993
40
0.51999999999999991
40
0.55999999999999994
40
0.59999999999999998
40
0.64000000000000001
40
0.68000000000000005
40
0.72000000000000008
40
0.76000000000000012
40
0.80000000000000016
40
0.84000000000000019
40
0.88000000000000023
40
0.92000000000000026
40
0.9600000000000003
40
1
40
1
40
1
40
1
40
1
40
1
41
1
41
1
41
1
41
1
41
1
41
1
41
1
41
1
41
1
41
1
41
1
41
1
41
1
41
1
41
1
41
1
41
1
41
1
41
1
41
1
41
1
41
1
41
1
41
1
41
1
41
1
41
1
41
1
41
1
41
1
10
13.000000193715096
20
25.00000037252903
30
0
10
12.896607929498566
20
24.898837237783905
30
0
10
12.693457462693585
20
24.699141906869148
30
0
10
12.399633962997452
20
24.407491712962074
30
0
10
12.029730460208112
20
24.034451681418982
30
0
10
11.603489921734369
20
23.595028447595986
30
0
10
11.211910590128424
20
23.183561535389153
30
0
10
10.851581144201042
20
22.801889374760414
30
0
10
10.516353063863189
20
22.452791485021915
30
0
10
10.196564255200194
20
22.14015162722108
30
0
10
9.8780699251236275
20
21.869164886060179
30
0
10
9.5449613358545626
20
21.645385146516038
30
0
10
9.1825720935324249
20
21.473648921404461
30
0
10
8.7801904941526754
20
21.357118572940163
30
0
10
8.3344078147107581
20
21.296004680857092
30
0
10
7.8507617016652667
20
21.287128635522954
30
0
10
7.3413723817713148
20
21.325466241880562
30
0
10
6.8234541321365576
20
21.405270960395384
30
0
10
6.3175540371213863
20
21.521302762561202
30
0
10
5.8459499799953596
20
21.670060642664168
30
0
10
5.4310236432885404
20
21.85081905659661
30
0
10
5.0940725757540397
20
22.06467219503746
30
0
10
4.8539587676107914
20
22.31372159407438
30
0
10
4.7259485781624679
20
22.600278678427657
30
0
10
4.719948770821043
20
22.925876356680725
30
0
10
4.8408178503963466
20
23.291089892915355
30
0
10
5.0403604798626951
20
23.61500761704751
30
0
10
5.2478042951704946
20
23.875715035871032
30
0
10
5.4117175698307927
20
24.057397300487459
30
0
10
5.5000784877740747
20
24.150207734766745
30
0
0
LINE
5
197
100
AcDbEntity
8
0
100
AcDbLine
10
-0.17248153011620665
20
35.141535528331865
30
0
11
-0.17248153011620665
21
28.61490461405716
31
0
0
LINE
5
198
100
AcDbEntity
8
0
100
AcDbLine
10
2.500000037252903
20
27.000000402331352
30
0
11
3.1919937891882326
21
32.538192720476808
31
0
0
LINE
5
199
100
AcDbEntity
8
0
100
AcDbLine
10
3.1919937891882326
20
32.538192720476808
30
0
11
4.9278790856373202
21
30.575804049997121
31
0
0
LINE
5
200
100
AcDbEntity
8
0
100
AcDbLine
10
2.500000037252903
20
27.000000402331352
30
0
11
1.3244321100990231
21
27.959741189132664
31
0
0
LINE
5
201
100
AcDbEntity
8
0
100
AcDbLine
10
-4.0000000596046448
20
25.00000037252903
30
0
11
-3.5858942478181306
21
25.606495729222289
31
0
0
LINE
5
202
100
AcDbEntity
8
0
100
AcDbLine
10
-23.904984819037935
20
17.546776651058128
30
0
11
-25.00000037252903
21
16.000000238418579
31
0
0
LINE
5
203
100
AcDbEntity
8
0
100
AcDbLine
10
5.2370728442852856
20
25.016915713883208
30
0
11
4.3027260946480004
21
24.58356172432498
31
0
0
LINE
5
204
100
AcDbEntity
8
0
100
AcDbLine
10
4.3027260946480004
20
24.58356172432498
30
0
11
3.6637834572640635
21
25.961174463169137
31
0
0
LINE
5
205
100
AcDbEntity
8
0
100
AcDbLine
10
-16.000000238418579
20
23.000000342726707
30
0
11
-12.640396445791671
21
24.198693928930972
31
0
0
LINE
5
206
100
AcDbEntity
8
0
100
AcDbLine
10
-1.8425020577662172
20
31.924856654864605
30
0
11
-1.0000000149011612
21
27.000000402331352
31
0
0
LINE
5
207
100
AcDbEntity
8
0
100
AcDbLine
10
5.3685756660296802
20
30.95272618403548
30
0
11
3.1757091017357011
21
33.47520892560879
31
0
0
LINE
5
208
100
AcDbEntity
8
0
100
AcDbLine
10
4.8557580967688345
20
24.475334922201579
30
0
11
4.1518578127924259
21
24.000000357627869
31
0
0
LINE
5
209
100
AcDbEntity
8
0
100
AcDbLine
10
-3.5858942478181306
20
25.606495729222289
30
0
11
-2.7540120940278285
21
24.454658900897257
31
0
0
LINE
5
210
100
AcDbEntity
8
0
100
AcDbLine
10
3.6637834572640635
20
25.961174463169137
30
0
11
5.3685756660296802
21
30.95272618403548
31
0
0
SPLINE
5
211
100
AcDbEntity
8
0
100
AcDbSpline
70
4
71
5
72
41
73
35
74
0
42
0.000000001
43
0.0000000001
44
0.0000000001
40
0
40
0
40
0
40
0
40
0
40
0
40
0.033333333333333333
40
0.066666666666666666
40
0.10000000000000001
40
0.13333333333333333
40
0.16666666666666666
40
0.19999999999999998
40
0.23333333333333331
40
0.26666666666666666
40
0.29999999999999999
40
0.33333333333333331
40
0.36666666666666664
40
0.39999999999999997
40
0.43333333333333329
40
0.46666666666666662
40
0.49999999999999994
40
0.53333333333333333
40
0.56666666666666665
40
0.59999999999999998
40
0.6333333333333333
40
0.66666666666666663
40
0.69999999999999996
40
0.73333333333333328
40
0.76666666666666661
40
0.79999999999999993
40
0.83333333333333326
40
0.86666666666666659
40
0.89999999999999991
40
0.93333333333333324
40
0.96666666666666656
40
1
40
1
40
1
40
1
40
1
40
1
41
1
41
1
41
1
41
1
41
1
41
1
41
1
41
1
41
1
41
1
41
1
41
1
41
1
41
1
41
1
41
1
41
1
41
1
41
1
41
1
41
1
41
1
41
1
41
1
41
1
41
1
41
1
41
1
41
1
41
1
41
1
41
1
41
1
41
1
41
1
10
-23.904984819037935
20
17.546776651058128
30
0
10
-23.811310868460311
20
17.551544733997385
30
0
10
-23.624486418509704
20
17.556303012638999
30
0
10
-23.345820060119333
20
17.549106651653446
30
0
10
-22.977411554795811
20
17.510793030254284
30
0
10
-22.522291212324372
20
17.416149874666878
30
0
10
-22.072947722948232
20
17.27864789945869
30
0
10
-21.630101544550424
20
17.106462852707903
30
0
10
-21.194939400683033
20
16.913716607295139
30
0
10
-20.769147424724473
20
16.721830165877144
30
0
10
-20.353606756851352
20
16.555477939245304
30
0
10
-19.947049886703262
20
16.438711652611431
30
0
10
-19.544918997630983
20
16.391267591878517
30
0
10
-19.137637176891214
20
16.424178124615413
30
0
10
-18.710617512054565
20
16.537478060490951
30
0
10
-18.24893035104855
20
16.723639934591201
30
0
10
-17.741148122762162
20
16.969885583791402
30
0
10
-17.183437310426207
20
17.260857351178021
30
0
10
-16.58384533894051
20
17.58115391971193
30
0
10
-15.965904800051877
20
17.917740255095605
30
0
10
-15.362620068917145
20
18.259960375077565
30
0
10
-14.811148798208736
20
18.599741863615652
30
0
10
-14.347325731357044
20
18.931734646835611
30
0
10
-14.000096816059562
20
19.253519269360023
30
0
10
-13.786287523018677
20
19.565759712295375
30
0
10
-13.704182440152676
20
19.872536020519327
30
0
10
-13.739206910998238
20
20.180019829082163
30
0
10
-13.87084240963604
20
20.494997677800292
30
0
10
-14.079292864177633
20
20.823389199947098
30
0
10
-14.351459204214503
20
21.168950437108059
30
0
10
-14.67917980118656
20
21.53385506463497
30
0
10
-14.982406498159879
20
21.84204383701725
30
0
10
-15.23219364696304
20
22.08245002712016
30
0
10
-15.408642159530402
20
22.246830788954082
30
0
10
-15.499347308527911
20
22.330048673069093
30
0
0
LINE
5
212
100
AcDbEntity
8
0
100
AcDbLine
10
-3.5878276371046409
20
30.421538260323544
30
0
11
-2.0895480547032204
21
26.222278478354937
31
0
0
LINE
5
213
100
AcDbEntity
8
0
100
AcDbLine
10
-0.73930477181373688
20
28.256041708181424
30
0
11
-1.8425020577662172
21
32.58703481246566
31
0
0
SPLINE
5
214
100
AcDbEntity
8
0
100
AcDbSpline
70
4
71
5
72
31
73
25
74
0
42
0.000000001
43
0.0000000001
44
0.0000000001
40
0
40
0
40
0
40
0
40
0
40
0
40
0.050000000000000003
40
0.10000000000000001
40
0.15000000000000002
40
0.20000000000000001
40
0.25
40
0.29999999999999999
40
0.34999999999999998
40
0.39999999999999997
40
0.44999999999999996
40
0.49999999999999994
40
0.54999999999999993
40
0.59999999999999998
40
0.65000000000000002
40
0.70000000000000007
40
0.75000000000000011
40
0.80000000000000016
40
0.8500000000000002
40
0.90000000000000024
40
0.95000000000000029
40
1
40
1
40
1
40
1
40
1
40
1
41
1
41
1
41
1
41
1
41
1
41
1
41
1
41
1
41
1
41
1
41
1
41
1
41
1
41
1
41
1
41
1
41
1
41
1
41
1
41
1
41
1
41
1
41
1
41
1
41
1
10
-24.452492595783482
20
18.185949600383061
30
0
10
-24.314104215912913
20
18.147128206045117
30
0
10
-24.034727231351781
20
18.072152117940249
30
0
10
-23.607861310805696
20
17.967688173175425
30
0
10
-23.023040172230871
20
17.844467811300714
30
0
10
-22.266394509854756
20
17.718037315130374
30
0
10
-21.486235653237227
20
17.620979012523566
30
0
10
-20.687383123596035
20
17.556362750844418
30
0
10
-19.878295896484868
20
17.528773974067843
30
0
10
-19.072598557354112
20
17.544783679391681
30
0
10
-18.288756122041935
20
17.612513328999128
30
0
10
-17.547618550466606
20
17.740170090278703
30
0
10
-16.870523680762421
20
17.934782913983241
30
0
10
-16.277200261662014
20
18.20083192855007
30
0
10
-15.783557038697584
20
18.538691171437915
30
0
10
-15.399722023087756
20
18.943365525104653
30
0
10
-15.131505767333111
20
19.406722314335546
30
0
10
-14.981407890721849
20
19.9193496908429
30
0
10
-14.949616039348319
20
20.472388906453155
30
0
10
-15.034830560004464
20
21.059509900328514
30
0
10
-15.235020561823312
20
21.676681248141605
30
0
10
-15.485462183735789
20
22.192630502803397
30
0
10
-15.723345691564912
20
22.591646919291026
30
0
10
-15.904089569794021
20
22.862993284210059
30
0
10
-16.000000238418579
20
23.000000342726707
30
0
0
LINE
5
215
100
AcDbEntity
8
0
100
AcDbLine
10
0.16824060005604935
20
27.824848139329763
30
0
11
0.16824060005604935
21
34.742780289268971
31
0
0
LINE
5
216
100
AcDbEntity
8
0
100
AcDbLine
10
-1.6021752657027961
20
25.883789780485724
30
0
11
-3.1699531709229793
21
30.277833977429367
31
0
0
LINE
5
217
100
AcDbEntity
8
0
100
AcDbLine
10
2.0946876378716359
20
28.010668236545932
30
0
11
1.912216073675963
21
28.50141517981692
31
0
0
SPLINE
5
218
100
AcDbEntity
8
0
100
AcDbSpline
70
4
71
5
72
31
73
25
74
0
42
0.000000001
43
0.0000000001
44
0.0000000001
40
0
40
0
40
0
40
0
40
0
40
0
40
0.050000000000000003
40
0.10000000000000001
40
0.15000000000000002
40
0.20000000000000001
40
0.25
40
0.29999999999999999
40
0.34999999999999998
40
0.39999999999999997
40
0.44999999999999996
40
0.49999999999999994
40
0.54999999999999993
40
0.59999999999999998
40
0.65000000000000002
40
0.70000000000000007
40
0.75000000000000011
40
0.80000000000000016
40
0.8500000000000002
40
0.90000000000000024
40
0.95000000000000029
40
1
40
1
40
1
40
1
40
1
40
1
41
1
41
1
41
1
41
1
41
1
41
1
41
1
41
1
41
1
41
1
41
1
41
1
41
1
41
1
41
1
41
1
41
1
41
1
41
1
41
1
41
1
41
1
41
1
41
1
41
1
10
-12.640396445791671
20
24.198693928930972
30
0
10
-12.516169500867749
20
24.148105072539849
30
0
10
-12.27213213692189
20
24.047558981432438
30
0
10
-11.919325318661762
20
23.898634757212946
30
0
10
-11.475525900942774
20
23.703873983250283
30
0
10
-10.964173565644423
20
23.467308820535131
30
0
10
-10.492280875343315
20
23.239100619525853
30
0
10
-10.050949015112078
20
23.022097111168055
30
0
10
-9.6245904855569222
20
22.82092883738185
30
0
10
-9.1882176202789623
20
22.642566837642853
30
0
10
-8.7136389387113624
20
22.495475116473422
30
0
10
-8.1768747688872434
20
22.388568823773891
30
0
10
-7.5651164129223734
20
22.330233110486294
30
0
10
-6.8843124502472577
20
22.327245806269381
30
0
10
-6.1662333249276546
20
22.383737425030713
30
0
10
-5.45957840486607
20
22.501831221628358
30
0
10
-4.8221667785121616
20
22.682141008121171
30
0
10
-4.3125565769500058
20
22.924229100232271
30
0
10
-3.982710948943077
20
23.226992108862447
30
0
10
-3.8680257771598558
20
23.588993831466397
30
0
10
-3.9860071398088714
20
24.008749859753138
30
0
10
-4.2718368761859411
20
24.389726969327228
30
0
10
-4.593931547821974
20
24.700466792439535
30
0
10
-4.8563492829022881
20
24.918695642754027
30
0
10
-4.9994797950633343
20
25.030577315059777
30
0
0
LINE
5
219
100
AcDbEntity
8
0
100
AcDbLine
10
-2.7540120940278285
20
24.454658900897257
30
0
11
-1.6021752657027961
21
25.883789780485724
31
0
0
LINE
5
220
100
AcDbEntity
8
0
100
AcDbLine
10
-26.000000387430191
20
16.000000238418579
30
0
11
-24.452492595783482
21
18.185949600383061
31
0
0
LINE
5
221
100
AcDbEntity
8
0
100
AcDbLine
10
26.500693697128277
20
15.52086403055938
30
0
11
26.000000387430191
21
15.000000223517418
31
0
0
LINE
5
222
100
AcDbEntity
8
0
100
AcDbLine
10
1.7022195718534616
20
35.200303587954735
30
0
11
-0.17248153011620665
21
35.141535528331865
31
0
0
LINE
5
223
100
AcDbEntity
8
0
100
AcDbLine
10
3.1757091017357011
20
33.47520892560879
30
0
11
2.0946876378716359
21
28.010668236545932
31
0
0
LINE
5
224
100
AcDbEntity
8
0
100
AcDbLine
10
1.912216073675963
20
28.50141517981692
30
0
11
1.7022195718534616
21
35.200303587954735
31
0
0
SPLINE
5
225
100
AcDbEntity
8
0
100
AcDbSpline
70
4
71
5
72
36
73
30
74
0
42
0.000000001
43
0.0000000001
44
0.0000000001
40
0
40
0
40
0
40
0
40
0
40
0
40
0.040000000000000001
40
0.080000000000000002
40
0.12
40
0.16
40
0.20000000000000001
40
0.24000000000000002
40
0.28000000000000003
40
0.32000000000000001
40
0.35999999999999999
40
0.39999999999999997
40
0.43999999999999995
40
0.47999999999999993
40
0.51999999999999991
40
0.55999999999999994
40
0.59999999999999998
40
0.64000000000000001
40
0.68000000000000005
40
0.72000000000000008
40
0.76000000000000012
40
0.80000000000000016
40
0.84000000000000019
40
0.88000000000000023
40
0.92000000000000026
40
0.9600000000000003
40
1
40
1
40
1
40
1
40
1
40
1
41
1
41
1
41
1
41
1
41
1
41
1
41
1
41
1
41
1
41
1
41
1
41
1
41
1
41
1
41
1
41
1
41
1
41
1
41
1
41
1
41
1
41
1
41
1
41
1
41
1
41
1
41
1
41
1
41
1
41
1
10
12.879047139711739
20
23.696524601037687
30
0
10
12.765172087666862
20
23.642500285921578
30
0
10
12.543406046865762
20
23.532148803516893
30
0
10
12.228708731019642
20
23.359713368744121
30
0
10
11.845113356228103
20
23.115943964340268
30
0
10
11.424699942442198
20
22.789110781303634
30
0
10
11.059708387897686
20
22.443390809000881
30
0
10
10.741926856035008
20
22.085660899908397
30
0
10
10.457171710442399
20
21.72749834837937
30
0
10
10.182681239720758
20
21.38716927042627
30
0
10
9.8905928513956134
20
21.086786496722585
30
0
10
9.5538050086622874
20
20.847540482785249
30
0
10
9.1507807164554507
20
20.685814044949918
30
0
10
8.6714872112669212
20
20.60825437538934
30
0
10
8.1210342236700299
20
20.609047193557348
30
0
10
7.515419343487161
20
20.674885950641158
30
0
10
6.8786854409626397
20
20.788532048212922
30
0
10
6.2395819408274669
20
20.93301720452622
30
0
10
5.6286682637604626
20
21.095136789115024
30
0
10
5.0748860507475522
20
21.270263467025412
30
0
10
4.6040763799391593
20
21.462079983820587
30
0
10
4.2387272456213996
20
21.679097323647049
30
0
10
3.9972439531429833
20
21.932109303362338
30
0
10
3.8934310232024099
20
22.231446761466344
30
0
10
3.9355162666445165
20
22.583883562586074
30
0
10
4.1273165117190711
20
22.992956587232669
30
0
10
4.401326189346749
20
23.366677957622613
30
0
10
4.6744398549404327
20
23.673174129851631
30
0
10
4.8864851035820456
20
23.889122111680543
30
0
10
5.000000074505806
20
24.000000357627869
30
0
0
LINE
5
226
100
AcDbEntity
8
0
100
AcDbLine
10
1.3244321100990231
20
27.959741189132664
30
0
11
1.1111289937425362
21
34.764110600904615
31
0
0
LINE
5
227
100
AcDbEntity
8
0
100
AcDbLine
10
1.1111289937425362
20
34.764110600904615
30
0
11
0.16824060005604935
21
34.742780289268971
31
0
0
SPLINE
5
228
100
AcDbEntity
8
0
100
AcDbSpline
70
4
71
5
72
41
73
35
74
0
42
0.000000001
43
0.0000000001
44
0.0000000001
40
0
40
0
40
0
40
0
40
0
40
0
40
0.033333333333333333
40
0.066666666666666666
40
0.10000000000000001
40
0.13333333333333333
40
0.16666666666666666
40
0.19999999999999998
40
0.23333333333333331
40
0.26666666666666666
40
0.29999999999999999
40
0.33333333333333331
40
0.36666666666666664
40
0.39999999999999997
40
0.43333333333333329
40
0.46666666666666662
40
0.49999999999999994
40
0.53333333333333333
40
0.56666666666666665
40
0.59999999999999998
40
0.6333333333333333
40
0.66666666666666663
40
0.69999999999999996
40
0.73333333333333328
40
0.76666666666666661
40
0.79999999999999993
40
0.83333333333333326
40
0.86666666666666659
40
0.89999999999999991
40
0.93333333333333324
40
0.96666666666666656
40
1
40
1
40
1
40
1
40
1
40
1
41
1
41
1
41
1
41
1
41
1
41
1
41
1
41
1
41
1
41
1
41
1
41
1
41
1
41
1
41
1
41
1
41
1
41
1
41
1
41
1
41
1
41
1
41
1
41
1
41
1
41
1
41
1
41
1
41
1
41
1
41
1
41
1
41
1
41
1
41
1
10
24.109231671468031
20
18.460950159868968
30
0
10
23.926280917890608
20
18.392939919134982
30
0
10
23.570757773629246
20
18.259299484206768
30
0
10
23.068608364726767
20
18.06597888847406
30
0
10
22.461457311985221
20
17.822524774431322
30
0
10
21.805760670533004
20
17.542693091710412
30
0
10
21.249938266220433
20
17.289025508965238
30
0
10
20.786421597336261
20
17.06466278813204
30
0
10
20.401605934812554
20
16.874720899075403
30
0
10
20.074517589782413
20
16.726618617285048
30
0
10
19.774106867240633
20
16.630871978323547
30
0
10
19.460702098987252
20
16.600429302977059
30
0
10
19.096110506927076
20
16.646973092287965
30
0
10
18.651675222797891
20
16.777936041870799
30
0
10
18.117662514077729
20
16.99300342887657
30
0
10
17.51094864819558
20
17.281292123627438
30
0
10
16.866620449555324
20
17.625152869839749
30
0
10
16.230758753879915
20
18.003497734786148
30
0
10
15.653011916689742
20
18.39517140076207
30
0
10
15.179008591470192
20
18.782491820272483
30
0
10
14.843504575489494
20
19.154254605672495
30
0
10
14.661444575037264
20
19.510178934297407
30
0
10
14.625774596346933
20
19.860622286614134
30
0
10
14.715301297070519
20
20.219178020235251
30
0
10
14.899927143221829
20
20.597178824944415
30
0
10
15.147003506379093
20
20.997068230442125
30
0
10
15.42667547874454
20
21.407216910309597
30
0
10
15.712343483568073
20
21.807321967745132
30
0
10
15.981503237392205
20
22.17292503946943
30
0
10
16.216446824783414
20
22.48016043360267
30
0
10
16.405116237712647
20
22.710555096137341
30
0
10
16.514447168263967
20
22.826448818783032
30
0
10
16.572265591305438
20
22.873704769594116
30
0
10
16.600084988790119
20
22.887614594105116
30
0
10
16.611313080359661
20
22.890170822205494
30
0
0
LINE
5
229
100
AcDbEntity
8
0
100
AcDbLine
10
-2.7540120940278285
20
25.742387783287164
30
0
11
-3.3494320305008092
21
26.222278478354937
31
0
0
LINE
5
230
100
AcDbEntity
8
0
100
AcDbLine
10
5.000000074505806
20
24.000000357627869
30
0
11
4.8557580967688345
21
24.475334922201579
31
0
0
LINE
5
231
100
AcDbEntity
8
0
100
AcDbLine
10
5.5000784877740747
20
24.150207734766745
30
0
11
5.2370728442852856
21
25.016915713883208
31
0
0
LINE
5
232
100
AcDbEntity
8
0
100
AcDbLine
10
-1.8425020577662172
20
32.58703481246566
30
0
11
-3.5878276371046409
21
30.421538260323544
31
0
0
LINE
5
233
100
AcDbEntity
8
0
100
AcDbLine
10
-2.0895480547032204
20
26.222278478354937
30
0
11
-2.7540120940278285
21
25.742387783287164
31
0
0
LINE
5
234
100
AcDbEntity
8
0
100
AcDbLine
10
-3.3494320305008092
20
26.222278478354937
30
0
11
-4.9994797950633343
21
25.030577315059777
31
0
0
LINE
5
235
100
AcDbEntity
8
0
100
AcDbLine
10
4.1518578127924259
20
24.000000357627869
30
0
11
3.1757091017357011
21
25.445532423094743
31
0
0
LINE
5
236
100
AcDbEntity
8
0
100
AcDbLine
10
3.1757091017357011
20
25.445532423094743
30
0
11
4.9278790856373202
21
30.575804049997121
31
0
0
SPLINE
5
237
100
AcDbEntity
8
0
100
AcDbSpline
70
4
71
5
72
41
73
35
74
0
42
0.000000001
43
0.0000000001
44
0.0000000001
40
0
40
0
40
0
40
0
40
0
40
0
40
0.033333333333333333
40
0.066666666666666666
40
0.10000000000000001
40
0.13333333333333333
40
0.16666666666666666
40
0.19999999999999998
40
0.23333333333333331
40
0.26666666666666666
40
0.29999999999999999
40
0.33333333333333331
40
0.36666666666666664
40
0.39999999999999997
40
0.43333333333333329
40
0.46666666666666662
40
0.49999999999999994
40
0.53333333333333333
40
0.56666666666666665
40
0.59999999999999998
40
0.6333333333333333
40
0.66666666666666663
40
0.69999999999999996
40
0.73333333333333328
40
0.76666666666666661
40
0.79999999999999993
40
0.83333333333333326
40
0.86666666666666659
40
0.89999999999999991
40
0.93333333333333324
40
0.96666666666666656
40
1
40
1
40
1
40
1
40
1
40
1
41
1
41
1
41
1
41
1
41
1
41
1
41
1
41
1
41
1
41
1
41
1
41
1
41
1
41
1
41
1
41
1
41
1
41
1
41
1
41
1
41
1
41
1
41
1
41
1
41
1
41
1
41
1
41
1
41
1
41
1
41
1
41
1
41
1
41
1
41
1
10
24.109231671468031
20
17.567336282662758
30
0
10
23.927388210411102
20
17.554176692099073
30
0
10
23.573155055586437
20
17.523700937855757
30
0
10
23.070166716394006
20
17.46551724256333
30
0
10
22.456340311919789
20
17.362956658320272
30
0
10
21.783583422183845
20
17.194333144499211
30
0
10
21.203746239271865
20
16.989452013655857
30
0
10
20.712834694515578
20
16.756919352533778
30
0
10
20.30337160077022
20
16.511662512002314
30
0
10
19.963512718691323
20
16.27601277746248
30
0
10
19.675519192144272
20
16.082912550674262
30
0
10
19.416939415210848
20
15.969690163068675
30
0
10
19.163254463781104
20
15.966528475271673
30
0
10
18.890045237098995
20
16.086796507954681
30
0
10
18.575348527155992
20
16.315788128668597
30
0
10
18.202178020939449
20
16.620517403813484
30
0
10
17.761162033359145
20
16.960275746931693
30
0
10
17.253125972202234
20
17.296683397074183
30
0
10
16.691952722196692
20
17.604262015455522
30
0
10
16.106953402871657
20
17.879936756366185
30
0
10
15.53628946058274
20
18.135673376173941
30
0
10
15.021053082739012
20
18.392233683372336
30
0
10
14.598922595074239
20
18.672399936884251
30
0
10
14.298453313592985
20
18.99489384750067
30
0
10
14.13187425961806
20
19.36692494695377
30
0
10
14.092074514664477
20
19.78062693626924
30
0
10
14.160397970908313
20
20.219444751738259
30
0
10
14.312438264308691
20
20.662695246151372
30
0
10
14.524230138276868
20
21.09054261039072
30
0
10
14.779057962235598
20
21.4894665552589
30
0
10
15.06700358976798
20
21.851740638422807
30
0
10
15.319749220706987
20
22.109247724065529
30
0
10
15.52110355286975
20
22.283721463092746
30
0
10
15.660571045954564
20
22.391759215532634
30
0
10
15.731612698999442
20
22.443708645945115
30
0
0
SPLINE
5
238
100
AcDbEntity
8
0
100
AcDbSpline
70
4
71
5
72
41
73
35
74
0
42
0.000000001
43
0.0000000001
44
0.0000000001
40
0
40
0
40
0
40
0
40
0
40
0
40
0.033333333333333333
40
0.066666666666666666
40
0.10000000000000001
40
0.13333333333333333
40
0.16666666666666666
40
0.19999999999999998
40
0.23333333333333331
40
0.26666666666666666
40
0.29999999999999999
40
0.33333333333333331
40
0.36666666666666664
40
0.39999999999999997
40
0.43333333333333329
40
0.46666666666666662
40
0.49999999999999994
40
0.53333333333333333
40
0.56666666666666665
40
0.59999999999999998
40
0.6333333333333333
40
0.66666666666666663
40
0.69999999999999996
40
0.73333333333333328
40
0.76666666666666661
40
0.79999999999999993
40
0.83333333333333326
40
0.86666666666666659
40
0.89999999999999991
40
0.93333333333333324
40
0.96666666666666656
40
1
40
1
40
1
40
1
40
1
40
1
41
1
41
1
41
1
41
1
41
1
41
1
41
1
41
1
41
1
41
1
41
1
41
1
41
1
41
1
41
1
41
1
41
1
41
1
41
1
41
1
41
1
41
1
41
1
41
1
41
1
41
1
41
1
41
1
41
1
41
1
41
1
41
1
41
1
41
1
41
1
10
-12.656539254811767
20
23.553117254319062
30
0
10
-12.504323257905863
20
23.389682148169261
30
0
10
-12.207597706407755
20
23.075053198257528
30
0
10
-11.785628815750954
20
22.639833641435022
30
0
10
-11.269325289080248
20
22.133120935665879
30
0
10
-10.700732116343117
20
21.622363974760148
30
0
10
-10.206803378580096
20
21.232875715614309
30
0
10
-9.7826642679223834
20
20.960907411955422
30
0
10
-9.419490671416952
20
20.799179566032457
30
0
10
-9.1035629900048534
20
20.735923604578346
30
0
10
-8.8146068314586259
20
20.753339802597971
30
0
10
-8.526208907089595
20
20.827699867185675
30
0
10
-8.2121464388043801
20
20.934101432376945
30
0
10
-7.8510625534505332
20
21.049956195693152
30
0
10
-7.4329881445219783
20
21.159775851852004
30
0
10
-6.9609908132766973
20
21.25659213181105
30
0
10
-6.4466539783551191
20
21.339155944463034
30
0
10
-5.9070992944810747
20
21.410183084640249
30
0
10
-5.361545428172608
20
21.474286989461394
30
0
10
-4.8278539472265543
20
21.535893800893724
30
0
10
-4.3198051745432258
20
21.597689518947334
30
0
10
-3.8487064996204023
20
21.662163500229234
30
0
10
-3.4244248232199217
20
21.732764588062963
30
0
10
-3.0565903217271453
20
21.815165674251794
30
0
10
-2.7557897429335991
20
21.918604804479898
30
0
10
-2.5345288291164265
20
22.05688964345525
30
0
10
-2.4053581573588145
20
22.24537943402904
30
0
10
-2.3793936204106658
20
22.498548093997531
30
0
10
-2.4643010733691542
20
22.826797038644461
30
0
10
-2.6644706667501703
20
23.236443025613035
30
0
10
-2.9820215153380349
20
23.730920968194809
30
0
10
-3.330402479439591
20
24.195429391376329
30
0
10
-3.6446446342928915
20
24.582641670939861
30
0
10
-3.8776326895601803
20
24.858009701055195
30
0
10
-4.0000000596046448
20
25.00000037252903
30
0
0
LINE
5
239
100
AcDbEntity
8
0
100
AcDbLine
10
25.50000037997961
20
16.000000238418579
30
0
11
24.109231671468031
21
17.567336282662758
31
0
0
LINE
5
240
100
AcDbEntity
8
0
100
AcDbLine
10
24.109231671468031
20
18.460950159868968
30
0
11
26.500693697128277
21
15.52086403055938
31
0
0
SPLINE
5
241
100
AcDbEntity
8
0
100
AcDbSpline
70
4
71
5
72
31
73
25
74
0
42
0.000000001
43
0.0000000001
44
0.0000000001
40
0
40
0
40
0
40
0
40
0
40
0
40
0.050000000000000003
40
0.10000000000000001
40
0.15000000000000002
40
0.20000000000000001
40
0.25
40
0.29999999999999999
40
0.34999999999999998
40
0.39999999999999997
40
0.44999999999999996
40
0.49999999999999994
40
0.54999999999999993
40
0.59999999999999998
40
0.65000000000000002
40
0.70000000000000007
40
0.75000000000000011
40
0.80000000000000016
40
0.8500000000000002
40
0.90000000000000024
40
0.95000000000000029
40
1
40
1
40
1
40
1
40
1
40
1
41
1
41
1
41
1
41
1
41
1
41
1
41
1
41
1
41
1
41
1
41
1
41
1
41
1
41
1
41
1
41
1
41
1
41
1
41
1
41
1
41
1
41
1
41
1
41
1
41
1
10
-11.866241811913573
20
-12.341204436807162
30
0
10
-11.928985215135281
20
-12.10261113891775
30
0
10
-12.058359335432895
20
-11.613550282662759
30
0
10
-12.264084280532119
20
-10.844335501762622
30
0
10
-12.561791258250887
20
-9.7471842333333196
30
0
10
-12.969599836574375
20
-8.2566256108836527
30
0
10
-13.401747227820556
20
-6.6503878423549532
30
0
10
-13.835174536516989
20
-4.9375486430895288
30
0
10
-14.229230022554242
20
-3.136121326572586
30
0
10
-14.525930929821932
20
-1.273852828020231
30
0
10
-14.662121413908832
20
0.615877329427305
30
0
10
-14.578829371302369
20
2.4968983468481252
30
0
10
-14.232301262701446
20
4.3335620133547579
30
0
10
-13.603883541980014
20
6.0936835600466992
30
0
10
-12.713345408661167
20
7.7521487983519677
30
0
10
-11.609687979490531
20
9.290292445631227
30
0
10
-10.358779792121464
20
10.694693296073572
30
0
10
-9.032300856138324
20
11.956405402581458
30
0
10
-7.6972946019871271
20
13.070183738633672
30
0
10
-6.4035604826456503
20
14.034050959619062
30
0
10
-5.1786705890336728
20
14.848542304388657
30
0
10
-4.2644334071172985
20
15.381987851219893
30
0
10
-3.6172867058658782
20
15.716421298878045
30
0
10
-3.2029187103378289
20
15.910317205039386
30
0
10
-3.0000000447034836
20
16.000000238418579
30
0
0
SPLINE
5
242
100
AcDbEntity
8
0
100
AcDbSpline
70
4
71
5
72
26
73
20
74
0
42
0.000000001
43
0.0000000001
44
0.0000000001
40
0
40
0
40
0
40
0
40
0
40
0
40
0.066666666666666666
40
0.13333333333333333
40
0.20000000000000001
40
0.26666666666666666
40
0.33333333333333331
40
0.39999999999999997
40
0.46666666666666662
40
0.53333333333333333
40
0.59999999999999998
40
0.66666666666666663
40
0.73333333333333328
40
0.79999999999999993
40
0.86666666666666659
40
0.93333333333333324
40
1
40
1
40
1
40
1
40
1
40
1
41
1
41
1
41
1
41
1
41
1
41
1
41
1
41
1
41
1
41
1
41
1
41
1
41
1
41
1
41
1
41
1
41
1
41
1
41
1
41
1
10
-12.706344615553782
20
-11.316588173227586
30
0
10
-12.873653019162726
20
-11.508766669089091
30
0
10
-13.202300003261485
20
-11.899308510423268
30
0
10
-13.677361181410978
20
-12.503675331722494
30
0
10
-14.274695666644055
20
-13.346879940790814
30
0
10
-14.959296219442741
20
-14.463716984851143
30
0
10
-15.578750315671243
20
-15.642167636747216
30
0
10
-16.129126648254161
20
-16.877310345540394
30
0
10
-16.606012625507105
20
-18.15872189198263
30
0
10
-17.005200243988881
20
-19.467484149039748
30
0
10
-17.32305207604281
20
-20.775983893862943
30
0
10
-17.556250918271932
20
-22.052532755138884
30
0
10
-17.701939473785725
20
-23.264697969772566
30
0
10
-17.758022500567414
20
-24.383244371719798
30
0
10
-17.723687306034389
20
-25.385921485902557
30
0
10
-17.600284207154814
20
-26.262196584254657
30
0
10
-17.432123878193462
20
-26.859891688664757
30
0
10
-17.267862271678037
20
-27.250502146725864
30
0
10
-17.141525938293931
20
-27.485468957290415
30
0
10
-17.074150577150391
20
-27.596592211905879
30
0
0
SPLINE
5
243
100
AcDbEntity
8
0
100
AcDbSpline
70
4
71
5
72
36
73
30
74
0
42
0.000000001
43
0.0000000001
44
0.0000000001
40
0
40
0
40
0
40
0
40
0
40
0
40
0.040000000000000001
40
0.080000000000000002
40
0.12
40
0.16
40
0.20000000000000001
40
0.24000000000000002
40
0.28000000000000003
40
0.32000000000000001
40
0.35999999999999999
40
0.39999999999999997
40
0.43999999999999995
40
0.47999999999999993
40
0.51999999999999991
40
0.55999999999999994
40
0.59999999999999998
40
0.64000000000000001
40
0.68000000000000005
40
0.72000000000000008
40
0.76000000000000012
40
0.80000000000000016
40
0.84000000000000019
40
0.88000000000000023
40
0.92000000000000026
40
0.9600000000000003
40
1
40
1
40
1
40
1
40
1
40
1
41
1
41
1
41
1
41
1
41
1
41
1
41
1
41
1
41
1
41
1
41
1
41
1
41
1
41
1
41
1
41
1
41
1
41
1
41
1
41
1
41
1
41
1
41
1
41
1
41
1
41
1
41
1
41
1
41
1
41
1
10
29.488555119979566
20
9.3734112147302451
30
0
10
29.278493871931872
20
9.4314185394898846
30
0
10
28.869621297380178
20
9.540946305499757
30
0
10
28.29006240029079
20
9.6857769903523572
30
0
10
27.584991512551056
20
9.8398637840017447
30
0
10
26.816486461345086
20
9.9684440965234753
30
0
10
26.159105722117694
20
10.037115701841753
30
0
10
25.608084072556498
20
10.054861977093395
30
0
10
25.154003327308416
20
10.037677453389906
30
0
10
24.781666303935278
20
10.010001102915622
30
0
10
24.46758494109179
20
10.00812604902584
30
0
10
24.181786231707989
20
10.077306319553319
30
0
10
23.897690844657017
20
10.257057868573455
30
0
10
23.599040453291753
20
10.570774263284491
30
0
10
23.290606138929672
20
11.009638022625079
30
0
10
22.99646724002438
20
11.535221679645812
30
0
10
22.750112644316967
20
12.094397134355916
30
0
10
22.586817744669364
20
12.630757702606903
30
0
10
22.535624478937248
20
13.096632378322187
30
0
10
22.610188957933168
20
13.466696399060998
30
0
10
22.803817295191983
20
13.745448927445858
30
0
10
23.098505245403118
20
13.954231465701021
30
0
10
23.47099669048206
20
14.122566477613036
30
0
10
23.900666627946642
20
14.276829970253427
30
0
10
24.374134358344381
20
14.433623133579008
30
0
10
24.883028317967959
20
14.602985948879121
30
0
10
25.31505859945899
20
14.752358997270196
30
0
10
25.652372824442793
20
14.872885632897519
30
0
10
25.883142356736464
20
14.95700120101035
30
0
10
26.000000387430191
20
15.000000223517418
30
0
0
SPLINE
5
244
100
AcDbEntity
8
0
100
AcDbSpline
70
4
71
5
72
36
73
30
74
0
42
0.000000001
43
0.0000000001
44
0.0000000001
40
0
40
0
40
0
40
0
40
0
40
0
40
0.040000000000000001
40
0.080000000000000002
40
0.12
40
0.16
40
0.20000000000000001
40
0.24000000000000002
40
0.28000000000000003
40
0.32000000000000001
40
0.35999999999999999
40
0.39999999999999997
40
0.43999999999999995
40
0.47999999999999993
40
0.51999999999999991
40
0.55999999999999994
40
0.59999999999999998
40
0.64000000000000001
40
0.68000000000000005
40
0.72000000000000008
40
0.76000000000000012
40
0.80000000000000016
40
0.84000000000000019
40
0.88000000000000023
40
0.92000000000000026
40
0.9600000000000003
40
1
40
1
40
1
40
1
40
1
40
1
41
1
41
1
41
1
41
1
41
1
41
1
41
1
41
1
41
1
41
1
41
1
41
1
41
1
41
1
41
1
41
1
41
1
41
1
41
1
41
1
41
1
41
1
41
1
41
1
41
1
41
1
41
1
41
1
41
1
41
1
10
28.589275384996
20
9.0000001341104507
30
0
10
28.406330195778722
20
9.0445043123963949
30
0
10
28.049331629796054
20
9.1262216989420892
30
0
10
27.540508846439941
20
9.2269255991521035
30
0
10
26.915571031148392
20
9.3173325807667737
30
0
10
26.223159060101715
20
9.3594175418103571
30
0
10
25.616954768888334
20
9.3382014187131084
30
0
10
25.0906289002479
20
9.2700965561000501
30
0
10
24.632764222687747
20
9.183005220522876
30
0
10
24.224616054000016
20
9.1208798471708086
30
0
10
23.840424061290591
20
9.1430662510188974
30
0
10
23.456294400022433
20
9.3062412940024082
30
0
10
23.057037363189785
20
9.6504162584648494
30
0
10
22.645068514978632
20
10.180834573409266
30
0
10
22.244966513347247
20
10.858284573202528
30
0
10
21.893491697122009
20
11.617577477995367
30
0
10
21.632181330010422
20
12.380986559241178
30
0
10
21.498732974518369
20
13.073872824247294
30
0
10
21.519447872224838
20
13.638358111999869
30
0
10
21.699639537818257
20
14.05037957387934
30
0
10
22.019146197983432
20
14.328148929889323
30
0
10
22.44385907203359
20
14.513856307026998
30
0
10
22.934104549121098
20
14.660571790548202
30
0
10
23.454516033076764
20
14.816705442873893
30
0
10
23.982146395236636
20
15.013237897595946
30
0
10
24.503279332211129
20
15.268372612864844
30
0
10
24.909635606085683
20
15.526214094013973
30
0
10
25.207496108757105
20
15.750947596795664
30
0
10
25.403009105463465
20
15.914666532804688
30
0
10
25.50000037997961
20
16.000000238418579
30
0
0
SPLINE
5
245
100
AcDbEntity
8
0
100
AcDbSpline
70
4
71
5
72
36
73
30
74
0
42
0.000000001
43
0.0000000001
44
0.0000000001
40
0
40
0
40
0
40
0
40
0
40
0
40
0.040000000000000001
40
0.080000000000000002
40
0.12
40
0.16
40
0.20000000000000001
40
0.24000000000000002
40
0.28000000000000003
40
0.32000000000000001
40
0.35999999999999999
40
0.39999999999999997
40
0.43999999999999995
40
0.47999999999999993
40
0.51999999999999991
40
0.55999999999999994
40
0.59999999999999998
40
0.64000000000000001
40
0.68000000000000005
40
0.72000000000000008
40
0.76000000000000012
40
0.80000000000000016
40
0.84000000000000019
40
0.88000000000000023
40
0.92000000000000026
40
0.9600000000000003
40
1
40
1
40
1
40
1
40
1
40
1
41
1
41
1
41
1
41
1
41
1
41
1
41
1
41
1
41
1
41
1
41
1
41
1
41
1
41
1
41
1
41
1
41
1
41
1
41
1
41
1
41
1
41
1
41
1
41
1
41
1
41
1
41
1
41
1
41
1
41
1
10
-28.565836909525459
20
8.9833517629630073
30
0
10
-28.4148393911832
20
9.0042883085839893
30
0
10
-28.118520214324615
20
9.0417124399218469
30
0
10
-27.691068552779395
20
9.0845026341592998
30
0
10
-27.155280201397225
20
9.114786922323372
30
0
10
-26.541984802161206
20
9.1099696847126648
30
0
10
-25.982875463187312
20
9.0688962390614716
30
0
10
-25.472590345119691
20
9.0052475676725656
30
0
10
-25.001773862390685
20
8.9419259638525777
30
0
10
-24.554954266591427
20
8.9153203409178428
30
0
10
-24.113725870325908
20
8.9696441733260386
30
0
10
-23.663215582832045
20
9.1451902093701758
30
0
10
-23.19713802662671
20
9.4690880404919238
30
0
10
-22.724469682947085
20
9.9433214992544467
30
0
10
-22.272637323790917
20
10.538364443408323
30
0
10
-21.87857946895366
20
11.206210993605044
30
0
10
-21.581997850655984
20
11.889888508407878
30
0
10
-21.417423319650094
20
12.534621133604432
30
0
10
-21.407534873510844
20
13.097260166648439
30
0
10
-21.553780513320532
20
13.559010878127042
30
0
10
-21.835003103776756
20
13.928282651198408
30
0
10
-22.217864949712634
20
14.229062796042983
30
0
10
-22.664247990673111
20
14.492971572655037
30
0
10
-23.139764675772053
20
14.749957419156408
30
0
10
-23.621733115343876
20
15.019648521071412
30
0
10
-24.096727396675881
20
15.313536622021331
30
0
10
-24.46586863553992
20
15.572432080284933
30
0
10
-24.735670602007094
20
15.780734929701229
30
0
10
-24.912411608791277
20
15.925867760580999
30
0
10
-25.00000037252903
20
16.000000238418579
30
0
0
SPLINE
5
246
100
AcDbEntity
8
0
100
AcDbSpline
70
4
71
5
72
26
73
20
74
0
42
0.000000001
43
0.0000000001
44
0.0000000001
40
0
40
0
40
0
40
0
40
0
40
0
40
0.066666666666666666
40
0.13333333333333333
40
0.20000000000000001
40
0.26666666666666666
40
0.33333333333333331
40
0.39999999999999997
40
0.46666666666666662
40
0.53333333333333333
40
0.59999999999999998
40
0.66666666666666663
40
0.73333333333333328
40
0.79999999999999993
40
0.86666666666666659
40
0.93333333333333324
40
1
40
1
40
1
40
1
40
1
40
1
41
1
41
1
41
1
41
1
41
1
41
1
41
1
41
1
41
1
41
1
41
1
41
1
41
1
41
1
41
1
41
1
41
1
41
1
41
1
41
1
10
2.7384342744219414
20
16.066674543804915
30
0
10
3.158690159737402
20
16.005218460388772
30
0
10
3.9851363237315152
20
15.851891300597918
30
0
10
5.1826090331635211
20
15.530654625810907
30
0
10
6.6942304421585224
20
14.918528729469521
30
0
10
8.4368817862975938
20
13.84240460463219
30
0
10
10.0234942611715
20
12.45573924313031
30
0
10
11.440913329460185
20
10.77053765837471
30
0
10
12.672244492660871
20
8.8195422441389564
30
0
10
13.697525991682419
20
6.6618944429268891
30
0
10
14.495233125353353
20
4.3706961846775894
30
0
10
15.044116008196436
20
2.0243628628424006
30
0
10
15.325824239818228
20
-0.30302566909287404
30
0
10
15.32774118667607
20
-2.5500665124021231
30
0
10
15.047786359448507
20
-4.6789352582749437
30
0
10
14.490813967647302
20
-6.6708039194789599
30
0
10
13.829416827148211
20
-8.1492816450064112
30
0
10
13.214872384040797
20
-9.1934459810505622
30
0
10
12.752890680688221
20
-9.8610081079441017
30
0
10
12.508828495787306
20
-10.187652438115482
30
0
0
SPLINE
5
247
100
AcDbEntity
8
0
100
AcDbSpline
70
4
71
5
72
21
73
15
74
0
42
0.000000001
43
0.0000000001
44
0.0000000001
40
0
40
0
40
0
40
0
40
0
40
0
40
0.10000000000000001
40
0.20000000000000001
40
0.30000000000000004
40
0.40000000000000002
40
0.5
40
0.59999999999999998
40
0.69999999999999996
40
0.79999999999999993
40
0.89999999999999991
40
1
40
1
40
1
40
1
40
1
40
1
41
1
41
1
41
1
41
1
41
1
41
1
41
1
41
1
41
1
41
1
41
1
41
1
41
1
41
1
41
1
10
27.000000402331352
20
-14.000000208616257
30
0
10
27.105306051047577
20
-14.016356894872768
30
0
10
27.310446471382527
20
-14.031588405904504
30
0
10
27.601746452669033
20
-14.001996421615623
30
0
10
27.956767821022481
20
-13.855881095575262
30
0
10
28.34198538314924
20
-13.486114672077667
30
0
10
28.665673616098147
20
-12.919734946849026
30
0
10
28.927770599131833
20
-12.156544055882296
30
0
10
29.132917381996577
20
-11.211372196856255
30
0
10
29.287159903777059
20
-10.103538807537982
30
0
10
29.396505941476665
20
-8.8522413810375262
30
0
10
29.45185685746808
20
-7.7485469971589342
30
0
10
29.476615734574764
20
-6.8672388112653229
30
0
10
29.485796243963861
20
-6.2562921141276595
30
0
10
29.488555119979566
20
-5.9449667042175269
30
0
0
SPLINE
5
248
100
AcDbEntity
8
0
100
AcDbSpline
70
4
71
5
72
31
73
25
74
0
42
0.000000001
43
0.0000000001
44
0.0000000001
40
0
40
0
40
0
40
0
40
0
40
0
40
0.050000000000000003
40
0.10000000000000001
40
0.15000000000000002
40
0.20000000000000001
40
0.25
40
0.29999999999999999
40
0.34999999999999998
40
0.39999999999999997
40
0.44999999999999996
40
0.49999999999999994
40
0.54999999999999993
40
0.59999999999999998
40
0.65000000000000002
40
0.70000000000000007
40
0.75000000000000011
40
0.80000000000000016
40
0.8500000000000002
40
0.90000000000000024
40
0.95000000000000029
40
1
40
1
40
1
40
1
40
1
40
1
41
1
41
1
41
1
41
1
41
1
41
1
41
1
41
1
41
1
41
1
41
1
41
1
41
1
41
1
41
1
41
1
41
1
41
1
41
1
41
1
41
1
41
1
41
1
41
1
41
1
10
-0.97994137662461411
20
10.971040386645559
30
0
10
-1.107580307355496
20
10.901449065244936
30
0
10
-1.3501578651916963
20
10.756730050899639
30
0
10
-1.6759236079480699
20
10.523042944055156
30
0
10
-2.0337630515677132
20
10.178102772647513
30
0
10
-2.3524911735646317
20
9.6922557916087211
30
0
10
-2.5426797454546843
20
9.1558441682056575
30
0
10
-2.607006998535752
20
8.5783819019960497
30
0
10
-2.5522444206577983
20
7.9765986075543269
30
0
10
-2.3914927467851625
20
7.3776769935533961
30
0
10
-2.1425507316207599
20
6.8144799827099387
30
0
10
-1.8253702762153843
20
6.3188466287369227
30
0
10
-1.4598764059537821
20
5.9151170141026519
30
0
10
-1.06391991015289
20
5.6143106028400265
30
0
10
-0.65072753065725253
20
5.4054575767088506
30
0
10
-0.22875339483376278
20
5.2581792790450077
30
0
10
0.19688757014532404
20
5.1327141747015919
30
0
10
0.62352552289514862
20
4.9872356398485449
30
0
10
1.0498209122480162
20
4.7866777343723355
30
0
10
1.4748831357114065
20
4.5095379419666068
30
0
10
1.898215025815539
20
4.1439250398112435
30
0
10
2.235311439581416
20
3.776723302788886
30
0
10
2.4872249193690275
20
3.458908078969686
30
0
10
2.6547648796762351
20
3.2282586256478769
30
0
10
2.7384342744219414
20
3.1082406606976765
30
0
0
SPLINE
5
249
100
AcDbEntity
8
0
100
AcDbSpline
70
4
71
5
72
36
73
30
74
0
42
0.000000001
43
0.0000000001
44
0.0000000001
40
0
40
0
40
0
40
0
40
0
40
0
40
0.040000000000000001
40
0.080000000000000002
40
0.12
40
0.16
40
0.20000000000000001
40
0.24000000000000002
40
0.28000000000000003
40
0.32000000000000001
40
0.35999999999999999
40
0.39999999999999997
40
0.43999999999999995
40
0.47999999999999993
40
0.51999999999999991
40
0.55999999999999994
40
0.59999999999999998
40
0.64000000000000001
40
0.68000000000000005
40
0.72000000000000008
40
0.76000000000000012
40
0.80000000000000016
40
0.84000000000000019
40
0.88000000000000023
40
0.92000000000000026
40
0.9600000000000003
40
1
40
1
40
1
40
1
40
1
40
1
41
1
41
1
41
1
41
1
41
1
41
1
41
1
41
1
41
1
41
1
41
1
41
1
41
1
41
1
41
1
41
1
41
1
41
1
41
1
41
1
41
1
41
1
41
1
41
1
41
1
41
1
41
1
41
1
41
1
41
1
10
-29.255183855578466
20
9.0000001341104507
30
0
10
-29.27821685878552
20
9.0808200861388304
30
0
10
-29.30662941764627
20
9.2314541260618519
30
0
10
-29.296292505557005
20
9.4243912756843944
30
0
10
-29.17628218490162
20
9.6154086883646688
30
0
10
-28.85282966355696
20
9.746884117439917
30
0
10
-28.368872999381768
20
9.7815269445147255
30
0
10
-27.753968894900854
20
9.7428316680996563
30
0
10
-27.054367446168474
20
9.6671662330146972
30
0
10
-26.323881473766097
20
9.5961990003326676
30
0
10
-25.617348408385826
20
9.5714026171571902
30
0
10
-24.982790298332031
20
9.6274732269896983
30
0
10
-24.454774704104231
20
9.7867447716161298
30
0
10
-24.045426822447631
20
10.051579655546055
30
0
10
-23.741582971568675
20
10.402032575525846
30
0
10
-23.517090558655394
20
10.806557888119526
30
0
10
-23.342518593343456
20
11.230474171854919
30
0
10
-23.194776451403332
20
11.64437736405549
30
0
10
-23.069286811651221
20
12.034696810772923
30
0
10
-22.979930865595325
20
12.403999812998261
30
0
10
-22.950054289393588
20
12.763836698745351
30
0
10
-23.006653031652462
20
13.130223462198533
30
0
10
-23.172318155286607
20
13.517408112830351
30
0
10
-23.461348146619656
20
13.934734828406137
30
0
10
-23.882393899575611
20
14.388237688594947
30
0
10
-24.439591093106657
20
14.881175147934499
30
0
10
-24.995267983916776
20
15.308187702771722
30
0
10
-25.473708377347734
20
15.646926034857939
30
0
10
-25.82001244022964
20
15.88094353149614
30
0
10
-26.000000387430191
20
16.000000238418579
30
0
0
LINE
5
250
100
AcDbEntity
8
0
100
AcDbLine
10
28.589275384996
20
7.0811399680429954
30
0
11
28.589275384996
21
9.0000001341104507
31
0
0
SPLINE
5
251
100
AcDbEntity
8
0
100
AcDbSpline
70
4
71
5
72
26
73
20
74
0
42
0.000000001
43
0.0000000001
44
0.0000000001
40
0
40
0
40
0
40
0
40
0
40
0
40
0.066666666666666666
40
0.13333333333333333
40
0.20000000000000001
40
0.26666666666666666
40
0.33333333333333331
40
0.39999999999999997
40
0.46666666666666662
40
0.53333333333333333
40
0.59999999999999998
40
0.66666666666666663
40
0.73333333333333328
40
0.79999999999999993
40
0.86666666666666659
40
0.93333333333333324
40
1
40
1
40
1
40
1
40
1
40
1
41
1
41
1
41
1
41
1
41
1
41
1
41
1
41
1
41
1
41
1
41
1
41
1
41
1
41
1
41
1
41
1
41
1
41
1
41
1
41
1
10
-0.97994137662461411
20
10.971040386645559
30
0
10
-0.96315386954380533
20
11.015681014128329
30
0
10
-0.93288170802730452
20
11.111915395207543
30
0
10
-0.89738197790826912
20
11.277126288771866
30
0
10
-0.87001048204960219
20
11.539429969373515
30
0
10
-0.86982200478747584
20
11.937678731137936
30
0
10
-0.90440931881580855
20
12.404057625009957
30
0
10
-0.97403468850904895
20
12.931416071475573
30
0
10
-1.0778805035950136
20
13.505004901059184
30
0
10
-1.2133886672581495
20
14.099674848450018
30
0
10
-1.3769391983357946
20
14.683729181112996
30
0
10
-1.5643887479374947
20
15.222399208654434
30
0
10
-1.7715429542192997
20
15.681345075499857
30
0
10
-1.9945631221745419
20
16.030261512949895
30
0
10
-2.2303326237792591
20
16.246748123971081
30
0
10
-2.4768031537539676
20
16.320699835096704
30
0
10
-2.681595362059503
20
16.263985925429118
30
0
10
-2.8392356045292528
20
16.156910139014705
30
0
10
-2.9461143541527681
20
16.05704967591673
30
0
10
-3.0000000447034836
20
16.000000238418579
30
0
0
SPLINE
5
252
100
AcDbEntity
8
0
100
AcDbSpline
70
4
71
5
72
36
73
30
74
0
42
0.000000001
43
0.0000000001
44
0.0000000001
40
0
40
0
40
0
40
0
40
0
40
0
40
0.040000000000000001
40
0.080000000000000002
40
0.12
40
0.16
40
0.20000000000000001
40
0.24000000000000002
40
0.28000000000000003
40
0.32000000000000001
40
0.35999999999999999
40
0.39999999999999997
40
0.43999999999999995
40
0.47999999999999993
40
0.51999999999999991
40
0.55999999999999994
40
0.59999999999999998
40
0.64000000000000001
40
0.68000000000000005
40
0.72000000000000008
40
0.76000000000000012
40
0.80000000000000016
40
0.84000000000000019
40
0.88000000000000023
40
0.92000000000000026
40
0.9600000000000003
40
1
40
1
40
1
40
1
40
1
40
1
41
1
41
1
41
1
41
1
41
1
41
1
41
1
41
1
41
1
41
1
41
1
41
1
41
1
41
1
41
1
41
1
41
1
41
1
41
1
41
1
41
1
41
1
41
1
41
1
41
1
41
1
41
1
41
1
41
1
41
1
10
17.00000025331974
20
-29.000000432133675
30
0
10
17.106867616865628
20
-28.99418447786422
30
0
10
17.324568852703916
20
-28.966337831632529
30
0
10
17.663018410550343
20
-28.875925620914366
30
0
10
18.138157840099925
20
-28.657820573049403
30
0
10
18.770022052820799
20
-28.223165548843404
30
0
10
19.433925546764456
20
-27.630478864354867
30
0
10
20.11694949320961
20
-26.890407741890204
30
0
10
20.800193446143215
20
-26.019257047805247
30
0
10
21.461728011188711
20
-25.036001649628595
30
0
10
22.078981518564053
20
-23.959909659225033
30
0
10
22.63118850295054
20
-22.808207256898363
30
0
10
23.102260211312945
20
-21.593169588953948
30
0
10
23.481165548894257
20
-20.322782764062634
30
0
10
23.761297549368816
20
-19.002921560315155
30
0
10
23.940246599463087
20
-17.639005284136068
30
0
10
24.019512463577264
20
-16.237944449408626
30
0
10
24.004291785934406
20
-14.809852356415675
30
0
10
23.903429227827594
20
-13.370278150410154
30
0
10
23.728363716161432
20
-11.938796946182695
30
0
10
23.491911882511157
20
-10.536953235551536
30
0
10
23.207177108285531
20
-9.1864885139200325
30
0
10
22.886402931707313
20
-7.9073689091093344
30
0
10
22.539960070539578
20
-6.7160470842158393
30
0
10
22.175040990514532
20
-5.6230914020515774
30
0
10
21.79595231470288
20
-4.6339544663555943
30
0
10
21.483135968071224
20
-3.9273870261715311
30
0
10
21.243511749688029
20
-3.4451827773735424
30
0
10
21.081541019495617
20
-3.1448684598482535
30
0
10
21.000000312924385
20
-3.0000000447034836
30
0
0
SPLINE
5
253
100
AcDbEntity
8
0
100
AcDbSpline
70
4
71
5
72
21
73
15
74
0
42
0.000000001
43
0.0000000001
44
0.0000000001
40
0
40
0
40
0
40
0
40
0
40
0
40
0.10000000000000001
40
0.20000000000000001
40
0.30000000000000004
40
0.40000000000000002
40
0.5
40
0.59999999999999998
40
0.69999999999999996
40
0.79999999999999993
40
0.89999999999999991
40
1
40
1
40
1
40
1
40
1
40
1
41
1
41
1
41
1
41
1
41
1
41
1
41
1
41
1
41
1
41
1
41
1
41
1
41
1
41
1
41
1
10
-21.597376942906337
20
-2.4016630880163836
30
0
10
-21.494605490573129
20
-2.3499843014346067
30
0
10
-21.296235261475253
20
-2.2532238220987195
30
0
10
-21.020197341816825
20
-2.1278738302266613
30
0
10
-20.695894844321362
20
-2.0009779431696506
30
0
10
-20.368368826317681
20
-1.9139628333646654
30
0
10
-20.125614217408586
20
-1.9049165281307248
30
0
10
-19.974489174921221
20
-1.9801468420227339
30
0
10
-19.918628264701695
20
-2.1429966798833888
30
0
10
-19.954130403814247
20
-2.3898780068274754
30
0
10
-20.074047259044541
20
-2.7144000687048262
30
0
10
-20.231944600201409
20
-3.0310091957108694
30
0
10
-20.383003003180121
20
-3.2984825633571373
30
0
10
-20.497976444151881
20
-3.489921037365014
30
0
10
-20.55903024288299
20
-3.5889211072528484
30
0
0
SPLINE
5
254
100
AcDbEntity
8
0
100
AcDbSpline
70
4
71
5
72
46
73
40
74
0
42
0.000000001
43
0.0000000001
44
0.0000000001
40
0
40
0
40
0
40
0
40
0
40
0
40
0.028571428571428571
40
0.057142857142857141
40
0.085714285714285715
40
0.11428571428571428
40
0.14285714285714285
40
0.17142857142857143
40
0.20000000000000001
40
0.22857142857142859
40
0.25714285714285717
40
0.28571428571428575
40
0.31428571428571433
40
0.34285714285714292
40
0.3714285714285715
40
0.40000000000000008
40
0.42857142857142866
40
0.45714285714285724
40
0.48571428571428582
40
0.51428571428571435
40
0.54285714285714293
40
0.57142857142857151
40
0.60000000000000009
40
0.62857142857142867
40
0.65714285714285725
40
0.68571428571428583
40
0.71428571428571441
40
0.74285714285714299
40
0.77142857142857157
40
0.80000000000000016
40
0.82857142857142874
40
0.85714285714285732
40
0.8857142857142859
40
0.91428571428571448
40
0.94285714285714306
40
0.97142857142857164
40
1
40
1
40
1
40
1
40
1
40
1
41
1
41
1
41
1
41
1
41
1
41
1
41
1
41
1
41
1
41
1
41
1
41
1
41
1
41
1
41
1
41
1
41
1
41
1
41
1
41
1
41
1
41
1
41
1
41
1
41
1
41
1
41
1
41
1
41
1
41
1
41
1
41
1
41
1
41
1
41
1
41
1
41
1
41
1
41
1
41
1
10
18.000654872034527
20
-27.596592211905879
30
0
10
18.17272339258291
20
-27.441359443351271
30
0
10
18.510349228121356
20
-27.125413163206446
30
0
10
18.997254359403392
20
-26.635051577890859
30
0
10
19.607342051142318
20
-25.948307519636131
30
0
10
20.304371696390788
20
-25.034350313316281
30
0
10
20.935202945458332
20
-24.063357796218213
30
0
10
21.498995078466553
20
-23.03266263409138
30
0
10
21.994714463642747
20
-21.938077366520368
30
0
10
22.42113924559904
20
-20.773711465099826
30
0
10
22.776306121005629
20
-19.53447763689471
30
0
10
23.057050313194488
20
-18.21834467226132
30
0
10
23.258401611009983
20
-16.828899297861184
30
0
10
23.373294439284198
20
-15.377376365184334
30
0
10
23.391507605295292
20
-13.886058122356545
30
0
10
23.301769804046501
20
-12.386260408864295
30
0
10
23.096223966202484
20
-10.912338691460279
30
0
10
22.774055992909034
20
-9.4971221431744759
30
0
10
22.345876345584024
20
-8.1662470028411622
30
0
10
21.837012162093416
20
-6.9341048366224447
30
0
10
21.293439067300433
20
-5.7961061565045133
30
0
10
20.778064842329226
20
-4.7344180616262239
30
0
10
20.359059908197921
20
-3.7341328650393502
30
0
10
20.100164988635328
20
-2.7979112067983074
30
0
10
20.050847803557442
20
-1.9581673964218793
30
0
10
20.234714575131424
20
-1.298419077054159
30
0
10
20.649008453801436
20
-0.92457519115792131
30
0
10
21.26850080532655
20
-0.92063180107367637
30
0
10
22.047300134781477
20
-1.303411968578515
30
0
10
22.926363707356746
20
-2.0349987294698324
30
0
10
23.841859997424621
20
-3.0467078267958176
30
0
10
24.73263728070815
20
-4.2574347674631907
30
0
10
25.549398535685764
20
-5.5972114435161249
30
0
10
26.25840964640744
20
-7.017858852654153
30
0
10
26.8375061717581
20
-8.4866849100329702
30
0
10
27.274041853066159
20
-9.9843208585789629
30
0
10
27.504505579962263
20
-11.197628591438004
30
0
10
27.60985398562687
20
-12.114686803787691
30
0
10
27.650125482971237
20
-12.729198302615423
30
0
10
27.662771090111882
20
-13.037239006583832
30
0
0
SPLINE
5
255
100
AcDbEntity
8
0
100
AcDbSpline
70
4
71
5
72
26
73
20
74
0
42
0.000000001
43
0.0000000001
44
0.0000000001
40
0
40
0
40
0
40
0
40
0
40
0
40
0.066666666666666666
40
0.13333333333333333
40
0.20000000000000001
40
0.26666666666666666
40
0.33333333333333331
40
0.39999999999999997
40
0.46666666666666662
40
0.53333333333333333
40
0.59999999999999998
40
0.66666666666666663
40
0.73333333333333328
40
0.79999999999999993
40
0.86666666666666659
40
0.93333333333333324
40
1
40
1
40
1
40
1
40
1
40
1
41
1
41
1
41
1
41
1
41
1
41
1
41
1
41
1
41
1
41
1
41
1
41
1
41
1
41
1
41
1
41
1
41
1
41
1
41
1
41
1
10
12.971060128377818
20
-10.654799391167495
30
0
10
13.118904555497419
20
-10.801072369123597
30
0
10
13.412185019452529
20
-11.100868533529496
30
0
10
13.844880837562009
20
-11.572313747225598
30
0
10
14.407251326519679
20
-12.244722591132362
30
0
10
15.084425391353555
20
-13.159542892163065
30
0
10
15.732275419742049
20
-14.149106929195849
30
0
10
16.344646405547664
20
-15.211668481079402
30
0
10
16.911901404785972
20
-16.341230141037482
30
0
10
17.420894352655846
20
-17.526772373859998
30
0
10
17.856822011905003
20
-18.754789372064849
30
0
10
18.204857149816448
20
-20.010937516091346
30
0
10
18.452003964021305
20
-21.281791700786545
30
0
10
18.589399737283617
20
-22.556562012779132
30
0
10
18.614263475864213
20
-23.828506274161278
30
0
10
18.527262996253096
20
-25.093788974224971
30
0
10
18.370059799552191
20
-26.099311065750392
30
0
10
18.203963286695423
20
-26.849483676625532
30
0
10
18.071968371288072
20
-27.347847861705361
30
0
10
18.000654872034527
20
-27.596592211905879
30
0
0
SPLINE
5
256
100
AcDbEntity
8
0
100
AcDbSpline
70
4
71
5
72
26
73
20
74
0
42
0.000000001
43
0.0000000001
44
0.0000000001
40
0
40
0
40
0
40
0
40
0
40
0
40
0.066666666666666666
40
0.13333333333333333
40
0.20000000000000001
40
0.26666666666666666
40
0.33333333333333331
40
0.39999999999999997
40
0.46666666666666662
40
0.53333333333333333
40
0.59999999999999998
40
0.66666666666666663
40
0.73333333333333328
40
0.79999999999999993
40
0.86666666666666659
40
0.93333333333333324
40
1
40
1
40
1
40
1
40
1
40
1
41
1
41
1
41
1
41
1
41
1
41
1
41
1
41
1
41
1
41
1
41
1
41
1
41
1
41
1
41
1
41
1
41
1
41
1
41
1
41
1
10
12.971060128377818
20
-10.654799391167495
30
0
10
13.239652364812951
20
-10.312015473829563
30
0
10
13.746889091698067
20
-9.612270587092782
30
0
10
14.417900794015047
20
-8.520121442849808
30
0
10
15.131591398211357
20
-6.9782460776737532
30
0
10
15.715095536812056
20
-4.9081295684259203
30
0
10
15.982996799493092
20
-2.7020405365225617
30
0
10
15.932363466703709
20
-0.3788532381237194
30
0
10
15.570029672458382
20
2.0236235240210489
30
0
10
14.917196732685131
20
4.4438566888976716
30
0
10
14.002936987037245
20
6.8074065644482529
30
0
10
12.860055995506258
20
9.0352766985201285
30
0
10
11.521045201226588
20
11.053587920842062
30
0
10
10.015017653200893
20
12.802115636080311
30
0
10
8.3644791221795174
20
14.24698477310587
30
0
10
6.5851937400524658
20
15.375781370947054
30
0
10
5.0667418607651316
20
16.025502135574051
30
0
10
3.8767114990496281
20
16.372404719242237
30
0
10
3.0607716791899504
20
16.54172505679599
30
0
10
2.6471551282403638
20
16.610898429708328
30
0
0
SPLINE
5
257
100
AcDbEntity
8
0
100
AcDbSpline
70
4
71
5
72
31
73
25
74
0
42
0.000000001
43
0.0000000001
44
0.0000000001
40
0
40
0
40
0
40
0
40
0
40
0
40
0.050000000000000003
40
0.10000000000000001
40
0.15000000000000002
40
0.20000000000000001
40
0.25
40
0.29999999999999999
40
0.34999999999999998
40
0.39999999999999997
40
0.44999999999999996
40
0.49999999999999994
40
0.54999999999999993
40
0.59999999999999998
40
0.65000000000000002
40
0.70000000000000007
40
0.75000000000000011
40
0.80000000000000016
40
0.8500000000000002
40
0.90000000000000024
40
0.95000000000000029
40
1
40
1
40
1
40
1
40
1
40
1
41
1
41
1
41
1
41
1
41
1
41
1
41
1
41
1
41
1
41
1
41
1
41
1
41
1
41
1
41
1
41
1
41
1
41
1
41
1
41
1
41
1
41
1
41
1
41
1
41
1
10
27.662771090111882
20
-13.037239006583832
30
0
10
27.8393262511456
20
-12.766187561515888
30
0
10
28.16257693945067
20
-12.2176917992209
30
0
10
28.557874151279886
20
-11.375769539313833
30
0
10
28.905047634699102
20
-10.214692725296315
30
0
10
29.03827502217861
20
-8.699845175534799
30
0
10
28.875572686598613
20
-7.1251970224569483
30
0
10
28.432575658347989
20
-5.4994648883605315
30
0
10
27.741292230468218
20
-3.8385289645788601
30
0
10
26.855847640890623
20
-2.1676190496400549
30
0
10
25.859285452219471
20
-0.52387924291589794
30
0
10
24.851845853861001
20
1.0485656029191346
30
0
10
23.938638482667965
20
2.503852111350342
30
0
10
23.218122039759766
20
3.7993355213815478
30
0
10
22.769192481730531
20
4.901227074262847
30
0
10
22.640572615111012
20
5.7892603767626163
30
0
10
22.833044631688754
20
6.4646216001347252
30
0
10
23.309693800089807
20
6.9453643498945459
30
0
10
24.019375289327179
20
7.2559046807947443
30
0
10
24.919024155359608
20
7.417166757855826
30
0
10
25.982973806270572
20
7.442326927709308
30
0
10
26.953760617763013
20
7.3600023810276909
30
0
10
27.746492040297696
20
7.2422568151704949
30
0
10
28.303580354173256
20
7.1389763577898568
30
0
10
28.589275384996
20
7.0811399680429954
30
0
0
SPLINE
5
258
100
AcDbEntity
8
0
100
AcDbSpline
70
4
71
5
72
31
73
25
74
0
42
0.000000001
43
0.0000000001
44
0.0000000001
40
0
40
0
40
0
40
0
40
0
40
0
40
0.050000000000000003
40
0.10000000000000001
40
0.15000000000000002
40
0.20000000000000001
40
0.25
40
0.29999999999999999
40
0.34999999999999998
40
0.39999999999999997
40
0.44999999999999996
40
0.49999999999999994
40
0.54999999999999993
40
0.59999999999999998
40
0.65000000000000002
40
0.70000000000000007
40
0.75000000000000011
40
0.80000000000000016
40
0.8500000000000002
40
0.90000000000000024
40
0.95000000000000029
40
1
40
1
40
1
40
1
40
1
40
1
41
1
41
1
41
1
41
1
41
1
41
1
41
1
41
1
41
1
41
1
41
1
41
1
41
1
41
1
41
1
41
1
41
1
41
1
41
1
41
1
41
1
41
1
41
1
41
1
41
1
10
-23.720777010380981
20
3.5688304371178154
30
0
10
-23.844200125594298
20
3.4245840142481039
30
0
10
-24.087854329142345
20
3.1320834634313339
30
0
10
-24.443759394382806
20
2.6813096618486605
30
0
10
-24.899070234102616
20
2.0561326587012783
30
0
10
-25.435834493363949
20
1.2336607170110518
30
0
10
-25.940082679674163
20
0.36890130429734613
30
0
10
-26.412118536095697
20
-0.53989792137882553
30
0
10
-26.853174242526215
20
-1.4949895445216717
30
0
10
-27.265349180040047
20
-2.4987530214891382
30
0
10
-27.650125501915859
20
-3.5523403096499164
30
0
10
-28.007165276831127
20
-4.6544345129938032
30
0
10
-28.33302703572582
20
-5.799905336434616
30
0
10
-28.619840424421305
20
-6.9783215217402024
30
0
10
-28.854135872851266
20
-8.1726018243120357
30
0
10
-29.019084706996026
20
-9.3617312032057463
30
0
10
-29.096493641488301
20
-10.523130330360345
30
0
10
-29.0690420006406
20
-11.635235687572887
30
0
10
-28.922255284438503
20
-12.679750403686832
30
0
10
-28.647386679578382
20
-13.644803420851998
30
0
10
-28.240924396456464
20
-14.524537336043323
30
0
10
-27.810061138577016
20
-15.158367633109231
30
0
10
-27.427891669418976
20
-15.594415912704576
30
0
10
-27.146985235877224
20
-15.867706741491258
30
0
10
-27.000000402331352
20
-16.000000238418579
30
0
0
SPLINE
5
259
100
AcDbEntity
8
0
100
AcDbSpline
70
4
71
5
72
41
73
35
74
0
42
0.000000001
43
0.0000000001
44
0.0000000001
40
0
40
0
40
0
40
0
40
0
40
0
40
0.033333333333333333
40
0.066666666666666666
40
0.10000000000000001
40
0.13333333333333333
40
0.16666666666666666
40
0.19999999999999998
40
0.23333333333333331
40
0.26666666666666666
40
0.29999999999999999
40
0.33333333333333331
40
0.36666666666666664
40
0.39999999999999997
40
0.43333333333333329
40
0.46666666666666662
40
0.49999999999999994
40
0.53333333333333333
40
0.56666666666666665
40
0.59999999999999998
40
0.6333333333333333
40
0.66666666666666663
40
0.69999999999999996
40
0.73333333333333328
40
0.76666666666666661
40
0.79999999999999993
40
0.83333333333333326
40
0.86666666666666659
40
0.89999999999999991
40
0.93333333333333324
40
0.96666666666666656
40
1
40
1
40
1
40
1
40
1
40
1
41
1
41
1
41
1
41
1
41
1
41
1
41
1
41
1
41
1
41
1
41
1
41
1
41
1
41
1
41
1
41
1
41
1
41
1
41
1
41
1
41
1
41
1
41
1
41
1
41
1
41
1
41
1
41
1
41
1
41
1
41
1
41
1
41
1
41
1
41
1
10
2.6471551282403638
20
16.610898429708328
30
0
10
2.5853690620469805
20
16.553165562657178
30
0
10
2.4638720076270619
20
16.433717991420952
30
0
10
2.2878517207834532
20
16.242601179631443
30
0
10
2.065630605286974
20
15.963844099170529
30
0
10
1.8090477447335727
20
15.575651242210373
30
0
10
1.5746388892691714
20
15.148577680177555
30
0
10
1.3642122875033431
20
14.684712014545113
30
0
10
1.1805920115705797
20
14.187825530534363
30
0
10
1.027977332557116
20
13.663985947636494
30
0
10
0.91089815502983118
20
13.121034637166151
30
0
10
0.83291674833136575
20
12.567872327638632
30
0
10
0.79540644298606478
20
12.01382465260486
30
0
10
0.7962749501507882
20
11.46798248645487
30
0
10
0.8286802090756753
20
10.938551685675773
30
0
10
0.87970645090037725
20
10.432196937249966
30
0
10
0.93409442158346578
20
9.9536604066960894
30
0
10
0.97782857048222827
20
9.5053893598497368
30
0
10
1.0019872381512531
20
9.0870896846393929
30
0
10
1.0060342296959284
20
8.6953962563971885
30
0
10
1.0026541590618738
20
8.3231725167086061
30
0
10
1.0132229732985532
20
7.9610089690776267
30
0
10
1.0602872512120012
20
7.5994440699660384
30
0
10
1.1616497248095019
20
7.2307601921191029
30
0
10
1.3223984253686552
20
6.8513746439963397
30
0
10
1.5323693834434367
20
6.4626023864876716
30
0
10
1.7724752995718873
20
6.0687384422193951
30
0
10
2.0191313855621824
20
5.6757189018536387
30
0
10
2.2490303254124129
20
5.2896727081644501
30
0
10
2.4446368859793406
20
4.9152672496304852
30
0
10
2.5961441351031107
20
4.5550895257612005
30
0
10
2.6782005119384031
20
4.2793454456579347
30
0
10
2.7171069976666962
20
4.0796673800713998
30
0
10
2.7329992867107227
20
3.9497127655423907
30
0
10
2.7384342744219414
20
3.8855264279830215
30
0
0
SPLINE
5
260
100
AcDbEntity
8
0
100
AcDbSpline
70
4
71
5
72
31
73
25
74
0
42
0.000000001
43
0.0000000001
44
0.0000000001
40
0
40
0
40
0
40
0
40
0
40
0
40
0.050000000000000003
40
0.10000000000000001
40
0.15000000000000002
40
0.20000000000000001
40
0.25
40
0.29999999999999999
40
0.34999999999999998
40
0.39999999999999997
40
0.44999999999999996
40
0.49999999999999994
40
0.54999999999999993
40
0.59999999999999998
40
0.65000000000000002
40
0.70000000000000007
40
0.75000000000000011
40
0.80000000000000016
40
0.8500000000000002
40
0.90000000000000024
40
0.95000000000000029
40
1
40
1
40
1
40
1
40
1
40
1
41
1
41
1
41
1
41
1
41
1
41
1
41
1
41
1
41
1
41
1
41
1
41
1
41
1
41
1
41
1
41
1
41
1
41
1
41
1
41
1
41
1
41
1
41
1
41
1
41
1
10
2.7384342744219414
20
3.8855264279830215
30
0
10
2.6667444423790503
20
4.010789499963944
30
0
10
2.5232368259721882
20
4.2502612102784241
30
0
10
2.3075914819732333
20
4.5763062600665885
30
0
10
2.0192939258085816
20
4.9444304417171381
30
0
10
1.6576364050264905
20
5.2942893791095713
30
0
10
1.2947314032802844
20
5.5386729299614457
30
0
10
0.93066325389656479
20
5.6897007379535722
30
0
10
0.56563663918167839
20
5.7693939789982265
30
0
10
0.19988611573211695
20
5.8143673876862767
30
0
10
-0.16542437746019187
20
5.8698911879808913
30
0
10
-0.52684737197707132
20
5.9798793210868535
30
0
10
-0.87759649124553929
20
6.1790686196108364
30
0
10
-1.2058991710926616
20
6.482192521329182
30
0
10
-1.4949674301199667
20
6.8806765792707765
30
0
10
-1.7256682004490542
20
7.3517336922963104
30
0
10
-1.8786521356658303
20
7.8644931009917007
30
0
10
-1.9365779644116281
20
8.3867222598353468
30
0
10
-1.8867952739203209
20
8.8920030458957147
30
0
10
-1.7227162755092036
20
9.3640901002615955
30
0
10
-1.4416319853440405
20
9.7936350798470233
30
0
10
-1.1230372703250795
20
10.0999645284538
30
0
10
-0.83177883185955936
20
10.308281061394588
30
0
10
-0.61445206621498527
20
10.437674558420809
30
0
10
-0.5000000074505806
20
10.500000156462193
30
0
0
LINE
5
261
100
AcDbEntity
8
0
100
AcDbLine
10
-28.565836909525459
20
8.9833517629630073
30
0
11
-28.565836909525459
21
7.0000001043081284
31
0
0
SPLINE
5
262
100
AcDbEntity
8
0
100
AcDbSpline
70
4
71
5
72
26
73
20
74
0
42
0.000000001
43
0.0000000001
44
0.0000000001
40
0
40
0
40
0
40
0
40
0
40
0
40
0.066666666666666666
40
0.13333333333333333
40
0.20000000000000001
40
0.26666666666666666
40
0.33333333333333331
40
0.39999999999999997
40
0.46666666666666662
40
0.53333333333333333
40
0.59999999999999998
40
0.66666666666666663
40
0.73333333333333328
40
0.79999999999999993
40
0.86666666666666659
40
0.93333333333333324
40
1
40
1
40
1
40
1
40
1
40
1
41
1
41
1
41
1
41
1
41
1
41
1
41
1
41
1
41
1
41
1
41
1
41
1
41
1
41
1
41
1
41
1
41
1
41
1
41
1
41
1
10
-17.074150577150391
20
-27.596592211905879
30
0
10
-17.31634381148632
20
-27.460593376156215
30
0
10
-17.790815576593634
20
-27.168421682346452
30
0
10
-18.472779469403427
20
-26.669640535472737
30
0
10
-19.322141741062662
20
-25.882685085375599
30
0
10
-20.280135568372778
20
-24.693096488346686
30
0
10
-21.127403176433095
20
-23.299122728312426
30
0
10
-21.853589573706319
20
-21.710942008456403
30
0
10
-22.444850356730193
20
-19.954707138136378
30
0
10
-22.884924335986444
20
-18.069107688460559
30
0
10
-23.156746656270542
20
-16.098530623275916
30
0
10
-23.244515599079492
20
-14.087780788643787
30
0
10
-23.135757415815608
20
-12.077044246309054
30
0
10
-22.825099104359154
20
-10.09564120869104
30
0
10
-22.314368437075967
20
-8.1606781573620513
30
0
10
-21.608574290159844
20
-6.2811947045197822
30
0
10
-20.892684659266834
20
-4.824619382306885
30
0
10
-20.272833585056244
20
-3.7587307457085117
30
0
10
-19.823008436799835
20
-3.0598479084638219
30
0
10
-19.588947948978745
20
-2.7133340064463862
30
0
0
SPLINE
5
263
100
AcDbEntity
8
0
100
AcDbSpline
70
4
71
5
72
41
73
35
74
0
42
0.000000001
43
0.0000000001
44
0.0000000001
40
0
40
0
40
0
40
0
40
0
40
0
40
0.033333333333333333
40
0.066666666666666666
40
0.10000000000000001
40
0.13333333333333333
40
0.16666666666666666
40
0.19999999999999998
40
0.23333333333333331
40
0.26666666666666666
40
0.29999999999999999
40
0.33333333333333331
40
0.36666666666666664
40
0.39999999999999997
40
0.43333333333333329
40
0.46666666666666662
40
0.49999999999999994
40
0.53333333333333333
40
0.56666666666666665
40
0.59999999999999998
40
0.6333333333333333
40
0.66666666666666663
40
0.69999999999999996
40
0.73333333333333328
40
0.76666666666666661
40
0.79999999999999993
40
0.83333333333333326
40
0.86666666666666659
40
0.89999999999999991
40
0.93333333333333324
40
0.96666666666666656
40
1
40
1
40
1
40
1
40
1
40
1
41
1
41
1
41
1
41
1
41
1
41
1
41
1
41
1
41
1
41
1
41
1
41
1
41
1
41
1
41
1
41
1
41
1
41
1
41
1
41
1
41
1
41
1
41
1
41
1
41
1
41
1
41
1
41
1
41
1
41
1
41
1
41
1
41
1
41
1
41
1
10
-26.868624551639762
20
-14.890247596352095
30
0
10
-26.996962336252906
20
-14.77313793046714
30
0
10
-27.238472655438486
20
-14.522318711562976
30
0
10
-27.555242353102543
20
-14.096290112672293
30
0
10
-27.886445888622454
20
-13.428473012417236
30
0
10
-28.148348284084896
20
-12.428243709983949
30
0
10
-28.259304043807802
20
-11.266935452757885
30
0
10
-28.222902229070272
20
-9.954700816964742
30
0
10
-28.046354842495017
20
-8.509888971038432
30
0
10
-27.741613338246683
20
-6.96123153446384
30
0
10
-27.326806346330134
20
-5.3508303439620288
30
0
10
-26.826928546822209
20
-3.7351091814023372
30
0
10
-26.271202470122592
20
-2.1768710952217143
30
0
10
-25.690971159368488
20
-0.73872538603172933
30
0
10
-25.117406815475064
20
0.52408603079783056
30
0
10
-24.579334317832281
20
1.5705092988561651
30
0
10
-24.100934817374267
20
2.3811498042869594
30
0
10
-23.699599625257886
20
2.9647970358166988
30
0
10
-23.383337312452248
20
3.3676710443648354
30
0
10
-23.149256285375941
20
3.6756167956129437
30
0
10
-22.987617378337625
20
3.9791075580948383
30
0
10
-22.885186078777259
20
4.3434844944801165
30
0
10
-22.828645272761804
20
4.776155706471739
30
0
10
-22.811571108890156
20
5.2488173611808548
30
0
10
-22.840791871910461
20
5.7191056862348466
30
0
10
-22.944714930033623
20
6.1543991995995926
30
0
10
-23.163950574062014
20
6.5321169475297181
30
0
10
-23.540444007164673
20
6.8367961931275056
30
0
10
-24.105170186962447
20
7.0582236816786645
30
0
10
-24.876939518409529
20
7.1900124554887013
30
0
10
-25.866209405997882
20
7.2288142137286213
30
0
10
-26.834970865114766
20
7.1844386854537721
30
0
10
-27.661574405842142
20
7.108700585484879
30
0
10
-28.257019916736738
20
7.0393728649331031
30
0
10
-28.565836909525459
20
7.0000001043081284
30
0
0
LINE
5
264
100
AcDbEntity
8
0
100
AcDbLine
10
-29.255183855578466
20
6.4242838621819986
30
0
11
-29.255183855578466
21
9.0000001341104507
31
0
0
SPLINE
5
265
100
AcDbEntity
8
0
100
AcDbSpline
70
4
71
5
72
26
73
20
74
0
42
0.000000001
43
0.0000000001
44
0.0000000001
40
0
40
0
40
0
40
0
40
0
40
0
40
0.066666666666666666
40
0.13333333333333333
40
0.20000000000000001
40
0.26666666666666666
40
0.33333333333333331
40
0.39999999999999997
40
0.46666666666666662
40
0.53333333333333333
40
0.59999999999999998
40
0.66666666666666663
40
0.73333333333333328
40
0.79999999999999993
40
0.86666666666666659
40
0.93333333333333324
40
1
40
1
40
1
40
1
40
1
40
1
41
1
41
1
41
1
41
1
41
1
41
1
41
1
41
1
41
1
41
1
41
1
41
1
41
1
41
1
41
1
41
1
41
1
41
1
41
1
41
1
10
-29.255183855578466
20
6.4242838621819986
30
0
10
-29.040237565123764
20
6.4593103782602848
30
0
10
-28.620371978938213
20
6.5242444218345081
30
0
10
-28.020654553826777
20
6.6062885390983155
30
0
10
-27.281630798590161
20
6.684743391689226
30
0
10
-26.461509953234611
20
6.7298760098787449
30
0
10
-25.74840149737549
20
6.7203121114127518
30
0
10
-25.145308649401954
20
6.6544211195469174
30
0
10
-24.653410207552167
20
6.5314354537221728
30
0
10
-24.270641841350976
20
6.3521597486655734
30
0
10
-23.98904274910533
20
6.1202959069014495
30
0
10
-23.794808410294088
20
5.8424332885301649
30
0
10
-23.672086905969969
20
5.5261956821900498
30
0
10
-23.605302889241017
20
5.1791175136527627
30
0
10
-23.582199624308906
20
4.8071890389166718
30
0
10
-23.595061132886876
20
4.4142595133725742
30
0
10
-23.630566420005263
20
4.0849306711512794
30
0
10
-23.670526243331924
20
3.8299589599609281
30
0
10
-23.703046611418671
20
3.6564596663277182
30
0
10
-23.720777010380981
20
3.5688304371178154
30
0
0
SPLINE
5
266
100
AcDbEntity
8
0
100
AcDbSpline
70
4
71
5
72
26
73
20
74
0
42
0.000000001
43
0.0000000001
44
0.0000000001
40
0
40
0
40
0
40
0
40
0
40
0
40
0.066666666666666666
40
0.13333333333333333
40
0.20000000000000001
40
0.26666666666666666
40
0.33333333333333331
40
0.39999999999999997
40
0.46666666666666662
40
0.53333333333333333
40
0.59999999999999998
40
0.66666666666666663
40
0.73333333333333328
40
0.79999999999999993
40
0.86666666666666659
40
0.93333333333333324
40
1
40
1
40
1
40
1
40
1
40
1
41
1
41
1
41
1
41
1
41
1
41
1
41
1
41
1
41
1
41
1
41
1
41
1
41
1
41
1
41
1
41
1
41
1
41
1
41
1
41
1
10
-2.7795128846523909
20
16.610898429708328
30
0
10
-2.705677838659688
20
16.654000440505548
30
0
10
-2.5614649476483704
20
16.726011753279256
30
0
10
-2.3555171650599567
20
16.791450763964534
30
0
10
-2.10181445264856
20
16.792926249418841
30
0
10
-1.8201623548461963
20
16.650369123888254
30
0
10
-1.5743495233720992
20
16.365665274651001
30
0
10
-1.3637976320096576
20
15.948746129989042
30
0
10
-1.186209684832549
20
15.421824144532794
30
0
10
-1.0381932362180792
20
14.815060203582213
30
0
10
-0.91579402976791546
20
14.162589307316216
30
0
10
-0.81494088723067137
20
13.498822697022085
30
0
10
-0.73182163908214914
20
12.854954277039315
30
0
10
-0.66322359337232117
20
12.255193167454806
30
0
10
-0.6068059765059729
20
11.713464888678226
30
0
10
-0.56097396082326212
20
11.236604451206793
30
0
10
-0.5320094568902427
20
10.908697148350281
30
0
10
-0.51441185273787893
20
10.692766890699627
30
0
10
-0.50450054971973457
20
10.562049654579599
30
0
10
-0.5000000074505806
20
10.500000156462193
30
0
0
SPLINE
5
267
100
AcDbEntity
8
0
100
AcDbSpline
70
4
71
5
72
46
73
40
74
0
42
0.000000001
43
0.0000000001
44
0.0000000001
40
0
40
0
40
0
40
0
40
0
40
0
40
0.028571428571428571
40
0.057142857142857141
40
0.085714285714285715
40
0.11428571428571428
40
0.14285714285714285
40
0.17142857142857143
40
0.20000000000000001
40
0.22857142857142859
40
0.25714285714285717
40
0.28571428571428575
40
0.31428571428571433
40
0.34285714285714292
40
0.3714285714285715
40
0.40000000000000008
40
0.42857142857142866
40
0.45714285714285724
40
0.48571428571428582
40
0.51428571428571435
40
0.54285714285714293
40
0.57142857142857151
40
0.60000000000000009
40
0.62857142857142867
40
0.65714285714285725
40
0.68571428571428583
40
0.71428571428571441
40
0.74285714285714299
40
0.77142857142857157
40
0.80000000000000016
40
0.82857142857142874
40
0.85714285714285732
40
0.8857142857142859
40
0.91428571428571448
40
0.94285714285714306
40
0.97142857142857164
40
1
40
1
40
1
40
1
40
1
40
1
41
1
41
1
41
1
41
1
41
1
41
1
41
1
41
1
41
1
41
1
41
1
41
1
41
1
41
1
41
1
41
1
41
1
41
1
41
1
41
1
41
1
41
1
41
1
41
1
41
1
41
1
41
1
41
1
41
1
41
1
41
1
41
1
41
1
41
1
41
1
41
1
41
1
41
1
41
1
41
1
10
3.3299378285863428
20
2.7707814449917589
30
0
10
3.3365837148613036
20
2.822338999895373
30
0
10
3.3482940225855584
20
2.9266792023007522
30
0
10
3.3611148725444098
20
3.0868648110799333
30
0
10
3.3687093921862745
20
3.3078057702383354
30
0
10
3.3613673640023718
20
3.5963539011511791
30
0
10
3.3343433860475584
20
3.8974859693606305
30
0
10
3.2819667535590842
20
4.2115594741529243
30
0
10
3.1950156796754854
20
4.5390822950392495
30
0
10
3.0643719231048632
20
4.8802275840665486
30
0
10
2.8847384509495768
20
5.2343205735505087
30
0
10
2.6578675352891894
20
5.5994224391048899
30
0
10
2.3971903784979389
20
5.9716467429841655
30
0
10
2.1279273155044796
20
6.3453321487648644
30
0
10
1.879546011205437
20
6.7146588796340136
30
0
10
1.6799220297207218
20
7.0749521924313967
30
0
10
1.5489677434806646
20
7.4240762583151447
30
0
10
1.4920883480611493
20
7.7638962602037163
30
0
10
1.4946537684628343
20
8.1014674976579801
30
0
10
1.5305378278016328
20
8.446592940702395
30
0
10
1.569995581226894
20
8.8095398951172683
30
0
10
1.5870643546258243
20
9.1988969216551926
30
0
10
1.5688426384497611
20
9.6188926574388773
30
0
10
1.5175600476003628
20
10.068746427134688
30
0
10
1.4448271094548535
20
10.544216927681099
30
0
10
1.3680787801211216
20
11.038532974553521
30
0
10
1.3060544535765719
20
11.543578000536851
30
0
10
1.2749616587359522
20
12.050906284518813
30
0
10
1.2836716672167254
20
12.552950254217274
30
0
10
1.3344802203318309
20
13.043182368871832
30
0
10
1.4251207500897836
20
13.516045783606019
30
0
10
1.5503197846530541
20
13.966969599860914
30
0
10
1.7035215993996145
20
14.392356269597409
30
0
10
1.8785216941320773
20
14.78958848322852
30
0
10
2.0711461033798413
20
15.157037453827943
30
0
10
2.2788531259817004
20
15.493832838492079
30
0
10
2.4560372514290734
20
15.738474928364665
30
0
10
2.5949110758426248
20
15.907996435576798
30
0
10
2.6901504104153688
20
16.01481454580999
30
0
10
2.7384342744219414
20
16.066674543804915
30
0
0
SPLINE
5
268
100
AcDbEntity
8
0
100
AcDbSpline
70
4
71
5
72
16
73
10
74
0
42
0.000000001
43
0.0000000001
44
0.0000000001
40
0
40
0
40
0
40
0
40
0
40
0
40
0.20000000000000001
40
0.40000000000000002
40
0.60000000000000009
40
0.80000000000000004
40
1
40
1
40
1
40
1
40
1
40
1
41
1
41
1
41
1
41
1
41
1
41
1
41
1
41
1
41
1
41
1
10
2.7384342744219414
20
3.1082406606976765
30
0
10
2.7620944165881061
20
3.0947422920689469
30
0
10
2.8094147009205495
20
3.0677455548116206
30
0
10
2.8803951274195754
20
3.0272504489260559
30
0
10
2.9750356960855799
20
2.9732569744127235
30
0
10
3.093336406918803
20
2.9057651312719193
30
0
10
3.1879769755857064
20
2.8517716567596905
30
0
10
3.2589574020859917
20
2.8112765508756743
30
0
10
3.3062776864195524
20
2.7842798136197211
30
0
10
3.3299378285863428
20
2.7707814449917589
30
0
0
SPLINE
5
269
100
AcDbEntity
8
0
100
AcDbSpline
70
4
71
5
72
31
73
25
74
0
42
0.000000001
43
0.0000000001
44
0.0000000001
40
0
40
0
40
0
40
0
40
0
40
0
40
0.050000000000000003
40
0.10000000000000001
40
0.15000000000000002
40
0.20000000000000001
40
0.25
40
0.29999999999999999
40
0.34999999999999998
40
0.39999999999999997
40
0.44999999999999996
40
0.49999999999999994
40
0.54999999999999993
40
0.59999999999999998
40
0.65000000000000002
40
0.70000000000000007
40
0.75000000000000011
40
0.80000000000000016
40
0.8500000000000002
40
0.90000000000000024
40
0.95000000000000029
40
1
40
1
40
1
40
1
40
1
40
1
41
1
41
1
41
1
41
1
41
1
41
1
41
1
41
1
41
1
41
1
41
1
41
1
41
1
41
1
41
1
41
1
41
1
41
1
41
1
41
1
41
1
41
1
41
1
41
1
41
1
10
17.00000025331974
20
-29.000000432133675
30
0
10
17.040633279115202
20
-28.742339174782153
30
0
10
17.119029881324931
20
-28.230031511424119
30
0
10
17.228016579865344
20
-27.470614606548622
30
0
10
17.356044313960048
20
-26.476221413514768
30
0
10
17.48599141915841
20
-25.263767586467672
30
0
10
17.582719844795164
20
-24.081880532627594
30
0
10
17.640541215350826
20
-22.930029777316904
30
0
10
17.650373648689847
20
-21.806717120317941
30
0
10
17.599198606839519
20
-20.7091620374208
30
0
10
17.468733408968195
20
-19.632620947788869
30
0
10
17.23912017175142
20
-18.571796674231596
30
0
10
16.893979198108891
20
-17.522785301453712
30
0
10
16.42513411833087
20
-16.48483742196856
30
0
10
15.837714298686469
20
-15.462228469885925
30
0
10
15.155434466867039
20
-14.466145715310761
30
0
10
14.426217365699273
20
-13.516661329262815
30
0
10
13.712646751214624
20
-12.63914335344311
30
0
10
13.082986551684838
20
-11.860839172815435
30
0
10
12.601578392099746
20
-11.20714038691384
30
0
10
12.320658785348662
20
-10.698394611247162
30
0
10
12.278650475759248
20
-10.415653436021049
30
0
10
12.352783929240378
20
-10.274265605574103
30
0
10
12.449014160496645
20
-10.211307523109564
30
0
10
12.508828495787306
20
-10.187652438115482
30
0
0
SPLINE
5
270
100
AcDbEntity
8
0
100
AcDbSpline
70
4
71
5
72
26
73
20
74
0
42
0.000000001
43
0.0000000001
44
0.0000000001
40
0
40
0
40
0
40
0
40
0
40
0
40
0.066666666666666666
40
0.13333333333333333
40
0.20000000000000001
40
0.26666666666666666
40
0.33333333333333331
40
0.39999999999999997
40
0.46666666666666662
40
0.53333333333333333
40
0.59999999999999998
40
0.66666666666666663
40
0.73333333333333328
40
0.79999999999999993
40
0.86666666666666659
40
0.93333333333333324
40
1
40
1
40
1
40
1
40
1
40
1
41
1
41
1
41
1
41
1
41
1
41
1
41
1
41
1
41
1
41
1
41
1
41
1
41
1
41
1
41
1
41
1
41
1
41
1
41
1
41
1
10
-27.000000402331352
20
-16.000000238418579
30
0
10
-26.875021398121785
20
-16.053570626224829
30
0
10
-26.644630199482137
20
-16.142666084885736
30
0
10
-26.357746351751352
20
-16.222172960824341
30
0
10
-26.093472698057347
20
-16.219125487910723
30
0
10
-25.955041045779947
20
-16.030697518996867
30
0
10
-25.983383939120341
20
-15.657514017503164
30
0
10
-26.12133522152735
20
-15.105909666425001
30
0
10
-26.294967089560487
20
-14.386213833615685
30
0
10
-26.426887565309528
20
-13.51112201363264
30
0
10
-26.449889409557827
20
-12.494412543388647
30
0
10
-26.32067966274418
20
-11.35012159076431
30
0
10
-26.014126293143981
20
-10.091505856255887
30
0
10
-25.518266935526039
20
-8.7303147729188808
30
0
10
-24.830040368648586
20
-7.2763089177555482
30
0
10
-23.951674383271996
20
-5.7369915459873431
30
0
10
-23.100465809143316
20
-4.441415120271345
30
0
10
-22.3804345015755
20
-3.4349628500771026
30
0
10
-21.864398660612864
20
-2.7486532594062223
30
0
10
-21.597376942906337
20
-2.4016630880163836
30
0
0
SPLINE
5
271
100
AcDbEntity
8
0
100
AcDbSpline
70
4
71
5
72
31
73
25
74
0
42
0.000000001
43
0.0000000001
44
0.0000000001
40
0
40
0
40
0
40
0
40
0
40
0
40
0.050000000000000003
40
0.10000000000000001
40
0.15000000000000002
40
0.20000000000000001
40
0.25
40
0.29999999999999999
40
0.34999999999999998
40
0.39999999999999997
40
0.44999999999999996
40
0.49999999999999994
40
0.54999999999999993
40
0.59999999999999998
40
0.65000000000000002
40
0.70000000000000007
40
0.75000000000000011
40
0.80000000000000016
40
0.8500000000000002
40
0.90000000000000024
40
0.95000000000000029
40
1
40
1
40
1
40
1
40
1
40
1
41
1
41
1
41
1
41
1
41
1
41
1
41
1
41
1
41
1
41
1
41
1
41
1
41
1
41
1
41
1
41
1
41
1
41
1
41
1
41
1
41
1
41
1
41
1
41
1
41
1
10
29.488555119979566
20
-5.9449667042175269
30
0
10
29.455111677253356
20
-5.8008623717679342
30
0
10
29.375962934665264
20
-5.5053623273489762
30
0
10
29.22045498271001
20
-5.040238505190457
30
0
10
28.939234721192548
20
-4.3761440174959541
30
0
10
28.465629403095019
20
-3.4732926693202106
30
0
10
27.876102788425165
20
-2.5009562585344067
30
0
10
27.185691070753435
20
-1.467227864435158
30
0
10
26.421583963625778
20
-0.38688347720516719
30
0
10
25.628264638976542
20
0.71580831991495941
30
0
10
24.867773003764384
20
1.8067707237248822
30
0
10
24.208503118246306
20
2.847669648758087
30
0
10
23.716671611310389
20
3.8000945430188917
30
0
10
23.446121555120456
20
4.6305367116634057
30
0
10
23.429694750710823
20
5.3146432110949959
30
0
10
23.666510721726794
20
5.843326152759424
30
0
10
24.120017958289711
20
6.2240899788343871
30
0
10
24.737815069873264
20
6.4727662195009561
30
0
10
25.465186839382888
20
6.6080018234808087
30
0
10
26.263352045363433
20
6.643963263371405
30
0
10
27.109452511626117
20
6.5898043360547032
30
0
10
27.815160445303984
20
6.4787365883279966
30
0
10
28.358796555976021
20
6.3584419727155588
30
0
10
28.727570243908367
20
6.2618724105933321
30
0
10
28.913544756500752
20
6.2094942406322424
30
0
0
SPLINE
5
272
100
AcDbEntity
8
0
100
AcDbSpline
70
4
71
5
72
26
73
20
74
0
42
0.000000001
43
0.0000000001
44
0.0000000001
40
0
40
0
40
0
40
0
40
0
40
0
40
0.066666666666666666
40
0.13333333333333333
40
0.20000000000000001
40
0.26666666666666666
40
0.33333333333333331
40
0.39999999999999997
40
0.46666666666666662
40
0.53333333333333333
40
0.59999999999999998
40
0.66666666666666663
40
0.73333333333333328
40
0.79999999999999993
40
0.86666666666666659
40
0.93333333333333324
40
1
40
1
40
1
40
1
40
1
40
1
41
1
41
1
41
1
41
1
41
1
41
1
41
1
41
1
41
1
41
1
41
1
41
1
41
1
41
1
41
1
41
1
41
1
41
1
41
1
41
1
10
27.000000402331352
20
-14.000000208616257
30
0
10
27.04118612977441
20
-13.856153468928635
30
0
10
27.110488695210194
20
-13.55769182182196
30
0
10
27.175236668629424
20
-13.077695822355706
30
0
10
27.182578614717947
20
-12.372615841483299
30
0
10
27.057807721880856
20
-11.382463793228654
30
0
10
26.798118522810057
20
-10.287398916532073
30
0
10
26.406683080599738
20
-9.0995994878483124
30
0
10
25.893470988468955
20
-7.8432319810837239
30
0
10
25.279763747407557
20
-6.5605824500173746
30
0
10
24.598453796411938
20
-5.3120653423116879
30
0
10
23.888420508056708
20
-4.1676465954910284
30
0
10
23.190845379161416
20
-3.2007353617579319
30
0
10
22.544870719035654
20
-2.4807104291359283
30
0
10
21.983769749616147
20
-2.0659537522142015
30
0
10
21.530006694121241
20
-1.9943365248786604
30
0
10
21.259640787668506
20
-2.2204972840211692
30
0
10
21.109505044123779
20
-2.5489443560431635
30
0
10
21.032631984513529
20
-2.837970523835653
30
0
10
21.000000312924385
20
-3.0000000447034836
30
0
0
LINE
5
273
100
AcDbEntity
8
0
100
AcDbLine
10
28.913544756500752
20
6.2094942406322424
30
0
11
29.488555119979566
21
9.3734112147302451
31
0
0
SPLINE
5
274
100
AcDbEntity
8
0
100
AcDbSpline
70
4
71
5
72
31
73
25
74
0
42
0.000000001
43
0.0000000001
44
0.0000000001
40
0
40
0
40
0
40
0
40
0
40
0
40
0.050000000000000003
40
0.10000000000000001
40
0.15000000000000002
40
0.20000000000000001
40
0.25
40
0.29999999999999999
40
0.34999999999999998
40
0.39999999999999997
40
0.44999999999999996
40
0.49999999999999994
40
0.54999999999999993
40
0.59999999999999998
40
0.65000000000000002
40
0.70000000000000007
40
0.75000000000000011
40
0.80000000000000016
40
0.8500000000000002
40
0.90000000000000024
40
0.95000000000000029
40
1
40
1
40
1
40
1
40
1
40
1
41
1
41
1
41
1
41
1
41
1
41
1
41
1
41
1
41
1
41
1
41
1
41
1
41
1
41
1
41
1
41
1
41
1
41
1
41
1
41
1
41
1
41
1
41
1
41
1
41
1
10
-26.868624551639762
20
-14.890247596352095
30
0
10
-26.91968001880398
20
-14.740611210051595
30
0
10
-27.010073836260734
20
-14.430861065418162
30
0
10
-27.110513235434301
20
-13.934803626315555
30
0
10
-27.173842713765758
20
-13.2102736124132
30
0
10
-27.134087510058702
20
-12.199761210709836
30
0
10
-26.974577837540664
20
-11.088139633143129
30
0
10
-26.695964730396973
20
-9.8849873477366739
30
0
10
-26.301603170832749
20
-8.6084891164048756
30
0
10
-25.798786782559887
20
-7.2879800271821757
30
0
10
-25.20039701238084
20
-5.967716636020918
30
0
10
-24.524252515908323
20
-4.7017407123479673
30
0
10
-23.792190437956936
20
-3.5474162504805742
30
0
10
-23.02940722830817
20
-2.5594074390832682
30
0
10
-22.263800379502111
20
-1.7834917653909774
30
0
10
-21.52544948140061
20
-1.2498271440657356
30
0
10
-20.845980453189345
20
-0.96676805411102773
30
0
10
-20.258273496047043
20
-0.91181245252044862
30
0
10
-19.793413049758147
20
-1.0435728389982417
30
0
10
-19.47751010063304
20
-1.3157292759349284
30
0
10
-19.327658142703037
20
-1.6916138590767082
30
0
10
-19.345685439240953
20
-2.060937718474217
30
0
10
-19.437139362489162
20
-2.3733873318151524
30
0
10
-19.532596753043919
20
-2.5974002965478133
30
0
10
-19.588947948978745
20
-2.7133340064463862
30
0
0
SPLINE
5
275
100
AcDbEntity
8
0
100
AcDbSpline
70
4
71
5
72
26
73
20
74
0
42
0.000000001
43
0.0000000001
44
0.0000000001
40
0
40
0
40
0
40
0
40
0
40
0
40
0.066666666666666666
40
0.13333333333333333
40
0.20000000000000001
40
0.26666666666666666
40
0.33333333333333331
40
0.39999999999999997
40
0.46666666666666662
40
0.53333333333333333
40
0.59999999999999998
40
0.66666666666666663
40
0.73333333333333328
40
0.79999999999999993
40
0.86666666666666659
40
0.93333333333333324
40
1
40
1
40
1
40
1
40
1
40
1
41
1
41
1
41
1
41
1
41
1
41
1
41
1
41
1
41
1
41
1
41
1
41
1
41
1
41
1
41
1
41
1
41
1
41
1
41
1
41
1
10
-16.531937611915012
20
-28.504507743954996
30
0
10
-16.588471502565387
20
-28.365779581505997
30
0
10
-16.694404191042715
20
-28.078700310508637
30
0
10
-16.831897943452944
20
-27.619211954849945
30
0
10
-16.972101228706013
20
-26.948407398930613
30
0
10
-17.073434455762431
20
-26.012121092925021
30
0
10
-17.097984692997311
20
-24.980058502991838
30
0
10
-17.042646235530036
20
-23.859704762432106
30
0
10
-16.904975423254072
20
-22.667907450195379
30
0
10
-16.683082551754886
20
-21.428180071410562
30
0
10
-16.375473787537608
20
-20.167050226285149
30
0
10
-15.981253345102957
20
-18.910887434122873
30
0
10
-15.500374498141635
20
-17.682982155084826
30
0
10
-14.934483030943166
20
-16.499657130376448
30
0
10
-14.286726198734767
20
-15.36973298770295
30
0
10
-13.560550097584606
20
-14.297286528396889
30
0
10
-12.919348467706069
20
-13.486017521221534
30
0
10
-12.405510710743606
20
-12.903571741413767
30
0
10
-12.048420150634424
20
-12.526747922437714
30
0
10
-11.866241811913573
20
-12.341204436807162
30
0
0
SPLINE
5
276
100
AcDbEntity
8
0
100
AcDbSpline
70
4
71
5
72
31
73
25
74
0
42
0.000000001
43
0.0000000001
44
0.0000000001
40
0
40
0
40
0
40
0
40
0
40
0
40
0.050000000000000003
40
0.10000000000000001
40
0.15000000000000002
40
0.20000000000000001
40
0.25
40
0.29999999999999999
40
0.34999999999999998
40
0.39999999999999997
40
0.44999999999999996
40
0.49999999999999994
40
0.54999999999999993
40
0.59999999999999998
40
0.65000000000000002
40
0.70000000000000007
40
0.75000000000000011
40
0.80000000000000016
40
0.8500000000000002
40
0.90000000000000024
40
0.95000000000000029
40
1
40
1
40
1
40
1
40
1
40
1
41
1
41
1
41
1
41
1
41
1
41
1
41
1
41
1
41
1
41
1
41
1
41
1
41
1
41
1
41
1
41
1
41
1
41
1
41
1
41
1
41
1
41
1
41
1
41
1
41
1
10
-12.706344615553782
20
-11.316588173227586
30
0
10
-12.770312441688471
20
-11.133194154936607
30
0
10
-12.902866390198067
20
-10.747659449280185
30
0
10
-13.115554387214978
20
-10.113116091284633
30
0
10
-13.426946844814152
20
-9.1541278179286625
30
0
10
-13.858353496539266
20
-7.7676885777035674
30
0
10
-14.317801506721377
20
-6.2000761763434218
30
0
10
-14.776585592080282
20
-4.4677831833419281
30
0
10
-15.184061800885244
20
-2.6030684420143935
30
0
10
-15.475020652023874
20
-0.65056655186655876
30
0
10
-15.581345562007481
20
1.338678443539373
30
0
10
-15.442390755462117
20
3.3121355917964102
30
0
10
-15.01583565146163
20
5.2209299997921699
30
0
10
-14.289600666498181
20
7.0251844406671005
30
0
10
-13.291890697004366
20
8.6987155576812984
30
0
10
-12.077499258629166
20
10.225764340881296
30
0
10
-10.716924779865089
20
11.598665848641257
30
0
10
-9.284544163833031
20
12.815433725663317
30
0
10
-7.8484862562666624
20
13.877718670990955
30
0
10
-6.4573874816392154
20
14.788709600398169
30
0
10
-5.1381926124762209
20
15.551857734948625
30
0
10
-4.1506705168786597
20
16.046622245369544
30
0
10
-3.4497148386003169
20
16.353588870710595
30
0
10
-2.9999848532893281
20
16.529857843342302
30
0
10
-2.7795128846523909
20
16.610898429708328
30
0
0
SPLINE
5
277
100
AcDbEntity
8
0
100
AcDbSpline
70
4
71
5
72
31
73
25
74
0
42
0.000000001
43
0.0000000001
44
0.0000000001
40
0
40
0
40
0
40
0
40
0
40
0
40
0.050000000000000003
40
0.10000000000000001
40
0.15000000000000002
40
0.20000000000000001
40
0.25
40
0.29999999999999999
40
0.34999999999999998
40
0.39999999999999997
40
0.44999999999999996
40
0.49999999999999994
40
0.54999999999999993
40
0.59999999999999998
40
0.65000000000000002
40
0.70000000000000007
40
0.75000000000000011
40
0.80000000000000016
40
0.8500000000000002
40
0.90000000000000024
40
0.95000000000000029
40
1
40
1
40
1
40
1
40
1
40
1
41
1
41
1
41
1
41
1
41
1
41
1
41
1
41
1
41
1
41
1
41
1
41
1
41
1
41
1
41
1
41
1
41
1
41
1
41
1
41
1
41
1
41
1
41
1
41
1
41
1
10
-20.55903024288299
20
-3.5889211072528484
30
0
10
-20.766447822759591
20
-3.8630880397127045
30
0
10
-21.166298031671367
20
-4.415439625084697
30
0
10
-21.72111874291388
20
-5.2560199984209639
30
0
10
-22.370601460092768
20
-6.4009996467291455
30
0
10
-23.030140288307027
20
-7.8723986178444152
30
0
10
-23.535565701889652
20
-9.3824676881813911
30
0
10
-23.886308410834076
20
-10.927334564498656
30
0
10
-24.084171740423429
20
-12.499816225282759
30
0
10
-24.135028086135058
20
-14.088055700189223
30
0
10
-24.049418292953028
20
-15.675189173164112
30
0
10
-23.840513706364462
20
-17.241408262112877
30
0
10
-23.52280366855064
20
-18.765462728055081
30
0
10
-23.110631651912968
20
-20.226416693016589
30
0
10
-22.616996149284688
20
-21.605227924474409
30
0
10
-22.052151746282426
20
-22.886765019096845
30
0
10
-21.423764497689646
20
-24.059624772741778
30
0
10
-20.737435685482044
20
-25.115544142719809
30
0
10
-19.997131818462908
20
-26.049111762807634
30
0
10
-19.205693174644512
20
-26.857538149650324
30
0
10
-18.365338992822036
20
-27.540563166327992
30
0
10
-17.655173730013342
20
-27.987531527796051
30
0
10
-17.101650206279668
20
-28.267443299381959
30
0
10
-16.723383628381864
20
-28.429566964710617
30
0
10
-16.531937611915012
20
-28.504507743954996
30
0
0
SPLINE
5
278
100
AcDbEntity
8
0
100
AcDbSpline
70
4
71
5
72
46
73
40
74
0
42
0.000000001
43
0.0000000001
44
0.0000000001
40
0
40
0
40
0
40
0
40
0
40
0
40
0.028571428571428571
40
0.057142857142857141
40
0.085714285714285715
40
0.11428571428571428
40
0.14285714285714285
40
0.17142857142857143
40
0.20000000000000001
40
0.22857142857142859
40
0.25714285714285717
40
0.28571428571428575
40
0.31428571428571433
40
0.34285714285714292
40
0.3714285714285715
40
0.40000000000000008
40
0.42857142857142866
40
0.45714285714285724
40
0.48571428571428582
40
0.51428571428571435
40
0.54285714285714293
40
0.57142857142857151
40
0.60000000000000009
40
0.62857142857142867
40
0.65714285714285725
40
0.68571428571428583
40
0.71428571428571441
40
0.74285714285714299
40
0.77142857142857157
40
0.80000000000000016
40
0.82857142857142874
40
0.85714285714285732
40
0.8857142857142859
40
0.91428571428571448
40
0.94285714285714306
40
0.97142857142857164
40
1
40
1
40
1
40
1
40
1
40
1
41
1
41
1
41
1
41
1
41
1
41
1
41
1
41
1
41
1
41
1
41
1
41
1
41
1
41
1
41
1
41
1
41
1
41
1
41
1
41
1
41
1
41
1
41
1
41
1
41
1
41
1
41
1
41
1
41
1
41
1
41
1
41
1
41
1
41
1
41
1
41
1
41
1
41
1
41
1
41
1
10
18.000654872034527
20
32.403407788094121
30
0
10
18.17272339258291
20
32.558640556656393
30
0
10
18.510349228121356
20
32.874586836814409
30
0
10
18.997254359403392
20
33.364948422143399
30
0
10
19.607342051142318
20
34.051692480403794
30
0
10
20.304371696390788
20
34.965649686715807
30
0
10
20.935202945458332
20
35.936642203797305
30
0
10
21.498995078466553
20
36.967337365906303
30
0
10
21.994714463642747
20
38.061922633464242
30
0
10
22.42113924559904
20
39.226288534879224
30
0
10
22.776306121005629
20
40.46552236308618
30
0
10
23.057050313194488
20
41.781655327726661
30
0
10
23.258401611009983
20
43.17110070213576
30
0
10
23.373294439284198
20
44.622623634820407
30
0
10
23.391507605295292
20
46.11394187765336
30
0
10
23.301769804046501
20
47.613739591147294
30
0
10
23.096223966202484
20
49.087661308549677
30
0
10
22.774055992909034
20
50.502877856831532
30
0
10
22.345876345584024
20
51.833752997160325
30
0
10
21.837012162093416
20
53.065895163375451
30
0
10
21.293439067300433
20
54.203893843491677
30
0
10
20.778064842329226
20
55.265581938370012
30
0
10
20.359059908197921
20
56.26586713495827
30
0
10
20.100164988635328
20
57.20208879320122
30
0
10
20.050847803557442
20
58.041832603579486
30
0
10
20.234714575131424
20
58.701580922947912
30
0
10
20.649008453801436
20
59.075424808842897
30
0
10
21.26850080532655
20
59.07936819892393
30
0
10
22.047300134781477
20
58.696588031415345
30
0
10
22.926363707356746
20
57.965001270522237
30
0
10
23.841859997424621
20
56.953292173198705
30
0
10
24.73263728070815
20
55.74256523253959
30
0
10
25.549398535685764
20
54.402788556499821
30
0
10
26.25840964640744
20
52.982141147376495
30
0
10
26.8375061717581
20
51.513315090009336
30
0
10
27.274041853066159
20
50.015679141466237
30
0
10
27.504505579962263
20
48.802371408598376
30
0
10
27.60985398562687
20
47.885313196233952
30
0
10
27.650125482971237
20
47.270801697392429
30
0
10
27.662771090111882
20
46.962760993416168
30
0
0
SPLINE
5
279
100
AcDbEntity
8
0
100
AcDbSpline
70
4
71
5
72
31
73
25
74
0
42
0.000000001
43
0.0000000001
44
0.0000000001
40
0
40
0
40
0
40
0
40
0
40
0
40
0.050000000000000003
40
0.10000000000000001
40
0.15000000000000002
40
0.20000000000000001
40
0.25
40
0.29999999999999999
40
0.34999999999999998
40
0.39999999999999997
40
0.44999999999999996
40
0.49999999999999994
40
0.54999999999999993
40
0.59999999999999998
40
0.65000000000000002
40
0.70000000000000007
40
0.75000000000000011
40
0.80000000000000016
40
0.8500000000000002
40
0.90000000000000024
40
0.95000000000000029
40
1
40
1
40
1
40
1
40
1
40
1
41
1
41
1
41
1
41
1
41
1
41
1
41
1
41
1
41
1
41
1
41
1
41
1
41
1
41
1
41
1
41
1
41
1
41
1
41
1
41
1
41
1
41
1
41
1
41
1
41
1
10
27.662771090111882
20
46.962760993416168
30
0
10
27.839326251145764
20
47.233812438493473
30
0
10
28.162576939451121
20
47.782308200805105
30
0
10
28.557874151280672
20
48.624230460730658
30
0
10
28.905047634700157
20
49.785307274759816
30
0
10
29.038275022179683
20
51.300154824518074
30
0
10
28.875572686599536
20
52.874802977580515
30
0
10
28.432575658348558
20
54.500535111656532
30
0
10
27.741292230468254
20
56.161471035419972
30
0
10
26.855847640890055
20
57.832380950347549
30
0
10
25.859285452218398
20
59.476120757068472
30
0
10
24.851845853859743
20
61.048565602906734
30
0
10
23.938638482666921
20
62.503852111344258
30
0
10
23.218122039759194
20
63.799335521381025
30
0
10
22.769192481730443
20
64.901227074264355
30
0
10
22.640572615111232
20
65.789260376761391
30
0
10
22.833044631689027
20
66.464621600129504
30
0
10
23.309693800089953
20
66.94536434988963
30
0
10
24.019375289327041
20
67.255904680797968
30
0
10
24.919024155359224
20
67.417166757872849
30
0
10
25.98297380627006
20
67.442326927737611
30
0
10
26.953760617762569
20
67.360002381055068
30
0
10
27.746492040297422
20
67.242256815188114
30
0
10
28.303580354173153
20
67.138976357796466
30
0
10
28.589275384996
20
67.08113996804299
30
0
0
SPLINE
5
280
100
AcDbEntity
8
0
100
AcDbSpline
70
4
71
5
72
26
73
20
74
0
42
0.000000001
43
0.0000000001
44
0.0000000001
40
0
40
0
40
0
40
0
40
0
40
0
40
0.066666666666666666
40
0.13333333333333333
40
0.20000000000000001
40
0.26666666666666666
40
0.33333333333333331
40
0.39999999999999997
40
0.46666666666666662
40
0.53333333333333333
40
0.59999999999999998
40
0.66666666666666663
40
0.73333333333333328
40
0.79999999999999993
40
0.86666666666666659
40
0.93333333333333324
40
1
40
1
40
1
40
1
40
1
40
1
41
1
41
1
41
1
41
1
41
1
41
1
41
1
41
1
41
1
41
1
41
1
41
1
41
1
41
1
41
1
41
1
41
1
41
1
41
1
41
1
10
12.971060128377818
20
49.345200608832506
30
0
10
13.118904555497419
20
49.198927630869179
30
0
10
13.412185019452529
20
48.89913146645101
30
0
10
13.844880837562009
20
48.427686252743214
30
0
10
14.407251326519679
20
47.755277408832256
30
0
10
15.084425391353555
20
46.840457107809641
30
0
10
15.732275419742049
20
45.850893070792402
30
0
10
16.344646405547664
20
44.788331518926327
30
0
10
16.911901404785972
20
43.658769858982687
30
0
10
17.420894352655846
20
42.473227626167976
30
0
10
17.856822011905003
20
41.245210627962038
30
0
10
18.204857149816448
20
39.989062483925167
30
0
10
18.452003964021305
20
38.71820829921171
30
0
10
18.589399737283617
20
37.443437987197321
30
0
10
18.614263475864213
20
36.171493725796488
30
0
10
18.527262996253096
20
34.906211025724858
30
0
10
18.370059799552191
20
33.900688934207629
30
0
10
18.203963286695423
20
33.150516323349144
30
0
10
18.071968371288072
20
32.652152138285366
30
0
10
18.000654872034527
20
32.403407788094121
30
0
0
LINE
5
281
100
AcDbEntity
8
0
100
AcDbLine
10
-28.565836909525459
20
68.983351762963011
30
0
11
-28.565836909525459
21
67.000000104308128
31
0
0
SPLINE
5
282
100
AcDbEntity
8
0
100
AcDbSpline
70
4
71
5
72
31
73
25
74
0
42
0.000000001
43
0.0000000001
44
0.0000000001
40
0
40
0
40
0
40
0
40
0
40
0
40
0.050000000000000003
40
0.10000000000000001
40
0.15000000000000002
40
0.20000000000000001
40
0.25
40
0.29999999999999999
40
0.34999999999999998
40
0.39999999999999997
40
0.44999999999999996
40
0.49999999999999994
40
0.54999999999999993
40
0.59999999999999998
40
0.65000000000000002
40
0.70000000000000007
40
0.75000000000000011
40
0.80000000000000016
40
0.8500000000000002
40
0.90000000000000024
40
0.95000000000000029
40
1
40
1
40
1
40
1
40
1
40
1
41
1
41
1
41
1
41
1
41
1
41
1
41
1
41
1
41
1
41
1
41
1
41
1
41
1
41
1
41
1
41
1
41
1
41
1
41
1
41
1
41
1
41
1
41
1
41
1
41
1
10
27.662771090111882
20
46.962760993416168
30
0
10
27.839326251145764
20
47.233812438493473
30
0
10
28.162576939451121
20
47.782308200805105
30
0
10
28.557874151280672
20
48.624230460730658
30
0
10
28.905047634700157
20
49.785307274759816
30
0
10
29.038275022179683
20
51.300154824518074
30
0
10
28.875572686599536
20
52.874802977580515
30
0
10
28.432575658348558
20
54.500535111656532
30
0
10
27.741292230468254
20
56.161471035419972
30
0
10
26.855847640890055
20
57.832380950347549
30
0
10
25.859285452218398
20
59.476120757068472
30
0
10
24.851845853859743
20
61.048565602906734
30
0
10
23.938638482666921
20
62.503852111344258
30
0
10
23.218122039759194
20
63.799335521381025
30
0
10
22.769192481730443
20
64.901227074264355
30
0
10
22.640572615111232
20
65.789260376761391
30
0
10
22.833044631689027
20
66.464621600129504
30
0
10
23.309693800089953
20
66.94536434988963
30
0
10
24.019375289327041
20
67.255904680797968
30
0
10
24.919024155359224
20
67.417166757872849
30
0
10
25.98297380627006
20
67.442326927737611
30
0
10
26.953760617762569
20
67.360002381055068
30
0
10
27.746492040297422
20
67.242256815188114
30
0
10
28.303580354173153
20
67.138976357796466
30
0
10
28.589275384996
20
67.08113996804299
30
0
0
SPLINE
5
283
100
AcDbEntity
8
0
100
AcDbSpline
70
4
71
5
72
26
73
20
74
0
42
0.000000001
43
0.0000000001
44
0.0000000001
40
0
40
0
40
0
40
0
40
0
40
0
40
0.066666666666666666
40
0.13333333333333333
40
0.20000000000000001
40
0.26666666666666666
40
0.33333333333333331
40
0.39999999999999997
40
0.46666666666666662
40
0.53333333333333333
40
0.59999999999999998
40
0.66666666666666663
40
0.73333333333333328
40
0.79999999999999993
40
0.86666666666666659
40
0.93333333333333324
40
1
40
1
40
1
40
1
40
1
40
1
41
1
41
1
41
1
41
1
41
1
41
1
41
1
41
1
41
1
41
1
41
1
41
1
41
1
41
1
41
1
41
1
41
1
41
1
41
1
41
1
10
12.971060128377818
20
49.345200608832506
30
0
10
13.118904555497419
20
49.198927630869179
30
0
10
13.412185019452529
20
48.89913146645101
30
0
10
13.844880837562009
20
48.427686252743214
30
0
10
14.407251326519679
20
47.755277408832256
30
0
10
15.084425391353555
20
46.840457107809641
30
0
10
15.732275419742049
20
45.850893070792402
30
0
10
16.344646405547664
20
44.788331518926327
30
0
10
16.911901404785972
20
43.658769858982687
30
0
10
17.420894352655846
20
42.473227626167976
30
0
10
17.856822011905003
20
41.245210627962038
30
0
10
18.204857149816448
20
39.989062483925167
30
0
10
18.452003964021305
20
38.71820829921171
30
0
10
18.589399737283617
20
37.443437987197321
30
0
10
18.614263475864213
20
36.171493725796488
30
0
10
18.527262996253096
20
34.906211025724858
30
0
10
18.370059799552191
20
33.900688934207629
30
0
10
18.203963286695423
20
33.150516323349144
30
0
10
18.071968371288072
20
32.652152138285366
30
0
10
18.000654872034527
20
32.403407788094121
30
0
0
LINE
5
284
100
AcDbEntity
8
0
100
AcDbLine
10
28.589275384996
20
67.08113996804299
30
0
11
28.589275384996
21
69.000000134110451
31
0
0
SPLINE
5
285
100
AcDbEntity
8
0
100
AcDbSpline
70
4
71
5
72
31
73
25
74
0
42
0.000000001
43
0.0000000001
44
0.0000000001
40
0
40
0
40
0
40
0
40
0
40
0
40
0.050000000000000003
40
0.10000000000000001
40
0.15000000000000002
40
0.20000000000000001
40
0.25
40
0.29999999999999999
40
0.34999999999999998
40
0.39999999999999997
40
0.44999999999999996
40
0.49999999999999994
40
0.54999999999999993
40
0.59999999999999998
40
0.65000000000000002
40
0.70000000000000007
40
0.75000000000000011
40
0.80000000000000016
40
0.8500000000000002
40
0.90000000000000024
40
0.95000000000000029
40
1
40
1
40
1
40
1
40
1
40
1
41
1
41
1
41
1
41
1
41
1
41
1
41
1
41
1
41
1
41
1
41
1
41
1
41
1
41
1
41
1
41
1
41
1
41
1
41
1
41
1
41
1
41
1
41
1
41
1
41
1
10
2.7384342744219414
20
63.885526427983024
30
0
10
2.6667444423790498
20
64.010789499978699
30
0
10
2.5232368259721865
20
64.250261210318641
30
0
10
2.3075914819732319
20
64.576306260132512
30
0
10
2.0192939258085794
20
64.944430441793429
30
0
10
1.6576364050264893
20
65.294289379169882
30
0
10
1.2947314032802821
20
65.538672929991833
30
0
10
0.93066325389656646
20
65.689700737955718
30
0
10
0.56563663918167939
20
65.769393978984866
30
0
10
0.19988611573211398
20
65.814367387671822
30
0
10
-0.165424377460195
20
65.869891187973792
30
0
10
-0.52684737197707365
20
65.979879321087424
30
0
10
-0.8775964912455374
20
66.17906861961221
30
0
10
-1.205899171092657
20
66.482192521322716
30
0
10
-1.4949674301199642
20
66.880676579253418
30
0
10
-1.7256682004490531
20
67.351733692272632
30
0
10
-1.8786521356658301
20
67.864493100973988
30
0
10
-1.9365779644116274
20
68.386722259840042
30
0
10
-1.8867952739203206
20
68.892003045935397
30
0
10
-1.7227162755092045
20
69.364090100336142
30
0
10
-1.4416319853440434
20
69.79363507993925
30
0
10
-1.1230372703250826
20
70.099964528532752
30
0
10
-0.83177883185956136
20
70.308281061442713
30
0
10
-0.61445206621498583
20
70.437674558438474
30
0
10
-0.5000000074505806
20
70.500000156462193
30
0
0
LINE
5
286
100
AcDbEntity
8
0
100
AcDbLine
10
28.589275384996
20
67.08113996804299
30
0
11
28.589275384996
21
69.000000134110451
31
0
0
SPLINE
5
287
100
AcDbEntity
8
0
100
AcDbSpline
70
4
71
5
72
46
73
40
74
0
42
0.000000001
43
0.0000000001
44
0.0000000001
40
0
40
0
40
0
40
0
40
0
40
0
40
0.028571428571428571
40
0.057142857142857141
40
0.085714285714285715
40
0.11428571428571428
40
0.14285714285714285
40
0.17142857142857143
40
0.20000000000000001
40
0.22857142857142859
40
0.25714285714285717
40
0.28571428571428575
40
0.31428571428571433
40
0.34285714285714292
40
0.3714285714285715
40
0.40000000000000008
40
0.42857142857142866
40
0.45714285714285724
40
0.48571428571428582
40
0.51428571428571435
40
0.54285714285714293
40
0.57142857142857151
40
0.60000000000000009
40
0.62857142857142867
40
0.65714285714285725
40
0.68571428571428583
40
0.71428571428571441
40
0.74285714285714299
40
0.77142857142857157
40
0.80000000000000016
40
0.82857142857142874
40
0.85714285714285732
40
0.8857142857142859
40
0.91428571428571448
40
0.94285714285714306
40
0.97142857142857164
40
1
40
1
40
1
40
1
40
1
40
1
41
1
41
1
41
1
41
1
41
1
41
1
41
1
41
1
41
1
41
1
41
1
41
1
41
1
41
1
41
1
41
1
41
1
41
1
41
1
41
1
41
1
41
1
41
1
41
1
41
1
41
1
41
1
41
1
41
1
41
1
41
1
41
1
41
1
41
1
41
1
41
1
41
1
41
1
41
1
41
1
10
18.000654872034527
20
32.403407788094121
30
0
10
18.17272339258291
20
32.558640556656393
30
0
10
18.510349228121356
20
32.874586836814409
30
0
10
18.997254359403392
20
33.364948422143399
30
0
10
19.607342051142318
20
34.051692480403794
30
0
10
20.304371696390788
20
34.965649686715807
30
0
10
20.935202945458332
20
35.936642203797305
30
0
10
21.498995078466553
20
36.967337365906303
30
0
10
21.994714463642747
20
38.061922633464242
30
0
10
22.42113924559904
20
39.226288534879224
30
0
10
22.776306121005629
20
40.46552236308618
30
0
10
23.057050313194488
20
41.781655327726661
30
0
10
23.258401611009983
20
43.17110070213576
30
0
10
23.373294439284198
20
44.622623634820407
30
0
10
23.391507605295292
20
46.11394187765336
30
0
10
23.301769804046501
20
47.613739591147294
30
0
10
23.096223966202484
20
49.087661308549677
30
0
10
22.774055992909034
20
50.502877856831532
30
0
10
22.345876345584024
20
51.833752997160325
30
0
10
21.837012162093416
20
53.065895163375451
30
0
10
21.293439067300433
20
54.203893843491677
30
0
10
20.778064842329226
20
55.265581938370012
30
0
10
20.359059908197921
20
56.26586713495827
30
0
10
20.100164988635328
20
57.20208879320122
30
0
10
20.050847803557442
20
58.041832603579486
30
0
10
20.234714575131424
20
58.701580922947912
30
0
10
20.649008453801436
20
59.075424808842897
30
0
10
21.26850080532655
20
59.07936819892393
30
0
10
22.047300134781477
20
58.696588031415345
30
0
10
22.926363707356746
20
57.965001270522237
30
0
10
23.841859997424621
20
56.953292173198705
30
0
10
24.73263728070815
20
55.74256523253959
30
0
10
25.549398535685764
20
54.402788556499821
30
0
10
26.25840964640744
20
52.982141147376495
30
0
10
26.8375061717581
20
51.513315090009336
30
0
10
27.274041853066159
20
50.015679141466237
30
0
10
27.504505579962263
20
48.802371408598376
30
0
10
27.60985398562687
20
47.885313196233952
30
0
10
27.650125482971237
20
47.270801697392429
30
0
10
27.662771090111882
20
46.962760993416168
30
0
0
SPLINE
5
288
100
AcDbEntity
8
0
100
AcDbSpline
70
4
71
5
72
31
73
25
74
0
42
0.000000001
43
0.0000000001
44
0.0000000001
40
0
40
0
40
0
40
0
40
0
40
0
40
0.050000000000000003
40
0.10000000000000001
40
0.15000000000000002
40
0.20000000000000001
40
0.25
40
0.29999999999999999
40
0.34999999999999998
40
0.39999999999999997
40
0.44999999999999996
40
0.49999999999999994
40
0.54999999999999993
40
0.59999999999999998
40
0.65000000000000002
40
0.70000000000000007
40
0.75000000000000011
40
0.80000000000000016
40
0.8500000000000002
40
0.90000000000000024
40
0.95000000000000029
40
1
40
1
40
1
40
1
40
1
40
1
41
1
41
1
41
1
41
1
41
1
41
1
41
1
41
1
41
1
41
1
41
1
41
1
41
1
41
1
41
1
41
1
41
1
41
1
41
1
41
1
41
1
41
1
41
1
41
1
41
1
10
2.7384342744219414
20
63.885526427983024
30
0
10
2.6667444423790498
20
64.010789499978699
30
0
10
2.5232368259721865
20
64.250261210318641
30
0
10
2.3075914819732319
20
64.576306260132512
30
0
10
2.0192939258085794
20
64.944430441793429
30
0
10
1.6576364050264893
20
65.294289379169882
30
0
10
1.2947314032802821
20
65.538672929991833
30
0
10
0.93066325389656646
20
65.689700737955718
30
0
10
0.56563663918167939
20
65.769393978984866
30
0
10
0.19988611573211398
20
65.814367387671822
30
0
10
-0.165424377460195
20
65.869891187973792
30
0
10
-0.52684737197707365
20
65.979879321087424
30
0
10
-0.8775964912455374
20
66.17906861961221
30
0
10
-1.205899171092657
20
66.482192521322716
30
0
10
-1.4949674301199642
20
66.880676579253418
30
0
10
-1.7256682004490531
20
67.351733692272632
30
0
10
-1.8786521356658301
20
67.864493100973988
30
0
10
-1.9365779644116274
20
68.386722259840042
30
0
10
-1.8867952739203206
20
68.892003045935397
30
0
10
-1.7227162755092045
20
69.364090100336142
30
0
10
-1.4416319853440434
20
69.79363507993925
30
0
10
-1.1230372703250826
20
70.099964528532752
30
0
10
-0.83177883185956136
20
70.308281061442713
30
0
10
-0.61445206621498583
20
70.437674558438474
30
0
10
-0.5000000074505806
20
70.500000156462193
30
0
0
SPLINE
5
289
100
AcDbEntity
8
0
100
AcDbSpline
70
4
71
5
72
41
73
35
74
0
42
0.000000001
43
0.0000000001
44
0.0000000001
40
0
40
0
40
0
40
0
40
0
40
0
40
0.033333333333333333
40
0.066666666666666666
40
0.10000000000000001
40
0.13333333333333333
40
0.16666666666666666
40
0.19999999999999998
40
0.23333333333333331
40
0.26666666666666666
40
0.29999999999999999
40
0.33333333333333331
40
0.36666666666666664
40
0.39999999999999997
40
0.43333333333333329
40
0.46666666666666662
40
0.49999999999999994
40
0.53333333333333333
40
0.56666666666666665
40
0.59999999999999998
40
0.6333333333333333
40
0.66666666666666663
40
0.69999999999999996
40
0.73333333333333328
40
0.76666666666666661
40
0.79999999999999993
40
0.83333333333333326
40
0.86666666666666659
40
0.89999999999999991
40
0.93333333333333324
40
0.96666666666666656
40
1
40
1
40
1
40
1
40
1
40
1
41
1
41
1
41
1
41
1
41
1
41
1
41
1
41
1
41
1
41
1
41
1
41
1
41
1
41
1
41
1
41
1
41
1
41
1
41
1
41
1
41
1
41
1
41
1
41
1
41
1
41
1
41
1
41
1
41
1
41
1
41
1
41
1
41
1
41
1
41
1
10
-23.904984819037935
20
77.546776651058138
30
0
10
-23.811310868460154
20
77.551544733988294
30
0
10
-23.624486418509267
20
77.556303012614407
30
0
10
-23.345820060118598
20
77.549106651613783
30
0
10
-22.977411554794891
20
77.510793030209641
30
0
10
-22.522291212323569
20
77.416149874633106
30
0
10
-22.072947722947816
20
77.278647899443399
30
0
10
-21.630101544550481
20
77.106462852710465
30
0
10
-21.194939400683456
20
76.913716607308587
30
0
10
-20.769147424725077
20
76.721830165893039
30
0
10
-20.353606756851882
20
76.555477939256889
30
0
10
-19.947049886703496
20
76.43871165261551
30
0
10
-19.544918997630887
20
76.3912675918763
30
0
10
-19.13763717689088
20
76.424178124610435
30
0
10
-18.710617512054142
20
76.537478060486833
30
0
10
-18.248930351048234
20
76.723639934589883
30
0
10
-17.741148122762013
20
76.969885583792347
30
0
10
-17.183437310426239
20
77.260857351178743
30
0
10
-16.583845338940638
20
77.581153919708839
30
0
10
-15.965904800052019
20
77.917740255086713
30
0
10
-15.36262006891727
20
78.259960375063528
30
0
10
-14.811148798208842
20
78.599741863600201
30
0
10
-14.34732573135711
20
78.931734646824168
30
0
10
-14.000096816059584
20
79.253519269358137
30
0
10
-13.786287523018608
20
79.565759712305777
30
0
10
-13.704182440152547
20
79.872536020538504
30
0
10
-13.739206910998117
20
80.180019829099535
30
0
10
-13.87084240963604
20
80.494997677800981
30
0
10
-14.079292864177829
20
80.823389199918054
30
0
10
-14.351459204214855
20
81.168950437047386
30
0
10
-14.679179801186999
20
81.533855064556278
30
0
10
-14.982406498160243
20
81.84204383694798
30
0
10
-15.232193646963257
20
82.082450027077485
30
0
10
-15.40864215953048
20
82.246830788938325
30
0
10
-15.499347308527911
20
82.330048673069101
30
0
0
LINE
5
290
100
AcDbEntity
8
0
100
AcDbLine
10
-1.8425020577662172
20
91.924856654864598
30
0
11
-1.0000000149011612
21
87.000000402331352
31
0
0
LINE
5
291
100
AcDbEntity
8
0
100
AcDbLine
10
-2.7540120940278285
20
84.454658900897243
30
0
11
-1.6021752657027961
21
85.883789780485728
31
0
0
LINE
5
292
100
AcDbEntity
8
0
100
AcDbLine
10
-12.656539254811767
20
83.553117254319062
30
0
11
-15.499347308527911
21
82.330048673069101
31
0
0
LINE
5
293
100
AcDbEntity
8
0
100
AcDbLine
10
-1.6021752657027961
20
85.883789780485728
30
0
11
-3.1699531709229793
21
90.277833977429367
31
0
0
LINE
5
294
100
AcDbEntity
8
0
100
AcDbLine
10
-1.8425020577662172
20
91.924856654864598
30
0
11
-1.0000000149011612
21
87.000000402331352
31
0
0
SPLINE
5
295
100
AcDbEntity
8
0
100
AcDbSpline
70
4
71
5
72
41
73
35
74
0
42
0.000000001
43
0.0000000001
44
0.0000000001
40
0
40
0
40
0
40
0
40
0
40
0
40
0.033333333333333333
40
0.066666666666666666
40
0.10000000000000001
40
0.13333333333333333
40
0.16666666666666666
40
0.19999999999999998
40
0.23333333333333331
40
0.26666666666666666
40
0.29999999999999999
40
0.33333333333333331
40
0.36666666666666664
40
0.39999999999999997
40
0.43333333333333329
40
0.46666666666666662
40
0.49999999999999994
40
0.53333333333333333
40
0.56666666666666665
40
0.59999999999999998
40
0.6333333333333333
40
0.66666666666666663
40
0.69999999999999996
40
0.73333333333333328
40
0.76666666666666661
40
0.79999999999999993
40
0.83333333333333326
40
0.86666666666666659
40
0.89999999999999991
40
0.93333333333333324
40
0.96666666666666656
40
1
40
1
40
1
40
1
40
1
40
1
41
1
41
1
41
1
41
1
41
1
41
1
41
1
41
1
41
1
41
1
41
1
41
1
41
1
41
1
41
1
41
1
41
1
41
1
41
1
41
1
41
1
41
1
41
1
41
1
41
1
41
1
41
1
41
1
41
1
41
1
41
1
41
1
41
1
41
1
41
1
10
-23.904984819037935
20
77.546776651058138
30
0
10
-23.811310868460154
20
77.551544733988294
30
0
10
-23.624486418509267
20
77.556303012614407
30
0
10
-23.345820060118598
20
77.549106651613783
30
0
10
-22.977411554794891
20
77.510793030209641
30
0
10
-22.522291212323569
20
77.416149874633106
30
0
10
-22.072947722947816
20
77.278647899443399
30
0
10
-21.630101544550481
20
77.106462852710465
30
0
10
-21.194939400683456
20
76.913716607308587
30
0
10
-20.769147424725077
20
76.721830165893039
30
0
10
-20.353606756851882
20
76.555477939256889
30
0
10
-19.947049886703496
20
76.43871165261551
30
0
10
-19.544918997630887
20
76.3912675918763
30
0
10
-19.13763717689088
20
76.424178124610435
30
0
10
-18.710617512054142
20
76.537478060486833
30
0
10
-18.248930351048234
20
76.723639934589883
30
0
10
-17.741148122762013
20
76.969885583792347
30
0
10
-17.183437310426239
20
77.260857351178743
30
0
10
-16.583845338940638
20
77.581153919708839
30
0
10
-15.965904800052019
20
77.917740255086713
30
0
10
-15.36262006891727
20
78.259960375063528
30
0
10
-14.811148798208842
20
78.599741863600201
30
0
10
-14.34732573135711
20
78.931734646824168
30
0
10
-14.000096816059584
20
79.253519269358137
30
0
10
-13.786287523018608
20
79.565759712305777
30
0
10
-13.704182440152547
20
79.872536020538504
30
0
10
-13.739206910998117
20
80.180019829099535
30
0
10
-13.87084240963604
20
80.494997677800981
30
0
10
-14.079292864177829
20
80.823389199918054
30
0
10
-14.351459204214855
20
81.168950437047386
30
0
10
-14.679179801186999
20
81.533855064556278
30
0
10
-14.982406498160243
20
81.84204383694798
30
0
10
-15.232193646963257
20
82.082450027077485
30
0
10
-15.40864215953048
20
82.246830788938325
30
0
10
-15.499347308527911
20
82.330048673069101
30
0
0
LINE
5
296
100
AcDbEntity
8
0
100
AcDbLine
10
-4.0000000596046448
20
85.00000037252903
30
0
11
-3.5858942478181306
21
85.606495729222289
31
0
0
LINE
5
297
100
AcDbEntity
8
0
100
AcDbLine
10
-3.1699531709229793
20
90.277833977429367
30
0
11
-1.8425020577662172
21
91.924856654864598
31
0
0
LINE
5
298
100
AcDbEntity
8
0
100
AcDbLine
10
-12.656539254811767
20
83.553117254319062
30
0
11
-15.499347308527911
21
82.330048673069101
31
0
0
LINE
5
299
100
AcDbEntity
8
0
100
AcDbLine
10
-3.1699531709229793
20
90.277833977429367
30
0
11
-1.8425020577662172
21
91.924856654864598
31
0
0
SPLINE
5
300
100
AcDbEntity
8
0
100
AcDbSpline
70
4
71
5
72
41
73
35
74
0
42
0.000000001
43
0.0000000001
44
0.0000000001
40
0
40
0
40
0
40
0
40
0
40
0
40
0.033333333333333333
40
0.066666666666666666
40
0.10000000000000001
40
0.13333333333333333
40
0.16666666666666666
40
0.19999999999999998
40
0.23333333333333331
40
0.26666666666666666
40
0.29999999999999999
40
0.33333333333333331
40
0.36666666666666664
40
0.39999999999999997
40
0.43333333333333329
40
0.46666666666666662
40
0.49999999999999994
40
0.53333333333333333
40
0.56666666666666665
40
0.59999999999999998
40
0.6333333333333333
40
0.66666666666666663
40
0.69999999999999996
40
0.73333333333333328
40
0.76666666666666661
40
0.79999999999999993
40
0.83333333333333326
40
0.86666666666666659
40
0.89999999999999991
40
0.93333333333333324
40
0.96666666666666656
40
1
40
1
40
1
40
1
40
1
40
1
41
1
41
1
41
1
41
1
41
1
41
1
41
1
41
1
41
1
41
1
41
1
41
1
41
1
41
1
41
1
41
1
41
1
41
1
41
1
41
1
41
1
41
1
41
1
41
1
41
1
41
1
41
1
41
1
41
1
41
1
41
1
41
1
41
1
41
1
41
1
10
-12.656539254811767
20
83.553117254319062
30
0
10
-12.50432325790584
20
83.389682148163502
30
0
10
-12.207597706407697
20
83.075053198241392
30
0
10
-11.785628815750844
20
82.639833641406653
30
0
10
-11.269325289080083
20
82.133120935628455
30
0
10
-10.700732116342923
20
81.622363974722731
30
0
10
-10.206803378579902
20
81.23287571558491
30
0
10
-9.7826642679222413
20
80.960907411938223
30
0
10
-9.4194906714169022
20
80.799179566027334
30
0
10
-9.1035629900048818
20
80.735923604581487
30
0
10
-8.8146068314586898
20
80.753339802603875
30
0
10
-8.5262089070896607
20
80.827699867190162
30
0
10
-8.2121464388044014
20
80.9341014323781
30
0
10
-7.8510625534505092
20
81.049956195691877
30
0
10
-7.4329881445219286
20
81.159775851850426
30
0
10
-6.960990813276636
20
81.256592131810692
30
0
10
-6.4466539783550667
20
81.339155944463997
30
0
10
-5.9070992944810508
20
81.410183084641602
30
0
10
-5.361545428172616
20
81.474286989461405
30
0
10
-4.8278539472265836
20
81.535893800891031
30
0
10
-4.3198051745432533
20
81.597689518941735
30
0
10
-3.8487064996204117
20
81.66216350022259
30
0
10
-3.4244248232199133
20
81.732764588058174
30
0
10
-3.056590321727144
20
81.815165674252071
30
0
10
-2.7557897429336187
20
81.918604804486506
30
0
10
-2.5345288291164585
20
82.056889643464956
30
0
10
-2.4053581573588341
20
82.245379434034405
30
0
10
-2.3793936204106365
20
82.498548093989115
30
0
10
-2.4643010733690516
20
82.826797038615922
30
0
10
-2.6644706667499989
20
83.236443025565436
30
0
10
-2.9820215153378395
20
83.730920968138562
30
0
10
-3.3304024794394311
20
84.195429391328645
30
0
10
-3.6446446342927969
20
84.582641670910945
30
0
10
-3.8776326895601461
20
84.858009701044608
30
0
10
-4.0000000596046448
20
85.00000037252903
30
0
0
LINE
5
301
100
AcDbEntity
8
0
100
AcDbLine
10
-1.0000000149011612
20
87.000000402331352
30
0
11
0.16824060005604935
21
87.82484813932976
31
0
0
SPLINE
5
302
100
AcDbEntity
8
0
100
AcDbSpline
70
4
71
5
72
41
73
35
74
0
42
0.000000001
43
0.0000000001
44
0.0000000001
40
0
40
0
40
0
40
0
40
0
40
0
40
0.033333333333333333
40
0.066666666666666666
40
0.10000000000000001
40
0.13333333333333333
40
0.16666666666666666
40
0.19999999999999998
40
0.23333333333333331
40
0.26666666666666666
40
0.29999999999999999
40
0.33333333333333331
40
0.36666666666666664
40
0.39999999999999997
40
0.43333333333333329
40
0.46666666666666662
40
0.49999999999999994
40
0.53333333333333333
40
0.56666666666666665
40
0.59999999999999998
40
0.6333333333333333
40
0.66666666666666663
40
0.69999999999999996
40
0.73333333333333328
40
0.76666666666666661
40
0.79999999999999993
40
0.83333333333333326
40
0.86666666666666659
40
0.89999999999999991
40
0.93333333333333324
40
0.96666666666666656
40
1
40
1
40
1
40
1
40
1
40
1
41
1
41
1
41
1
41
1
41
1
41
1
41
1
41
1
41
1
41
1
41
1
41
1
41
1
41
1
41
1
41
1
41
1
41
1
41
1
41
1
41
1
41
1
41
1
41
1
41
1
41
1
41
1
41
1
41
1
41
1
41
1
41
1
41
1
41
1
41
1
10
-12.656539254811767
20
83.553117254319062
30
0
10
-12.50432325790584
20
83.389682148163502
30
0
10
-12.207597706407697
20
83.075053198241392
30
0
10
-11.785628815750844
20
82.639833641406653
30
0
10
-11.269325289080083
20
82.133120935628455
30
0
10
-10.700732116342923
20
81.622363974722731
30
0
10
-10.206803378579902
20
81.23287571558491
30
0
10
-9.7826642679222413
20
80.960907411938223
30
0
10
-9.4194906714169022
20
80.799179566027334
30
0
10
-9.1035629900048818
20
80.735923604581487
30
0
10
-8.8146068314586898
20
80.753339802603875
30
0
10
-8.5262089070896607
20
80.827699867190162
30
0
10
-8.2121464388044014
20
80.9341014323781
30
0
10
-7.8510625534505092
20
81.049956195691877
30
0
10
-7.4329881445219286
20
81.159775851850426
30
0
10
-6.960990813276636
20
81.256592131810692
30
0
10
-6.4466539783550667
20
81.339155944463997
30
0
10
-5.9070992944810508
20
81.410183084641602
30
0
10
-5.361545428172616
20
81.474286989461405
30
0
10
-4.8278539472265836
20
81.535893800891031
30
0
10
-4.3198051745432533
20
81.597689518941735
30
0
10
-3.8487064996204117
20
81.66216350022259
30
0
10
-3.4244248232199133
20
81.732764588058174
30
0
10
-3.056590321727144
20
81.815165674252071
30
0
10
-2.7557897429336187
20
81.918604804486506
30
0
10
-2.5345288291164585
20
82.056889643464956
30
0
10
-2.4053581573588341
20
82.245379434034405
30
0
10
-2.3793936204106365
20
82.498548093989115
30
0
10
-2.4643010733690516
20
82.826797038615922
30
0
10
-2.6644706667499989
20
83.236443025565436
30
0
10
-2.9820215153378395
20
83.730920968138562
30
0
10
-3.3304024794394311
20
84.195429391328645
30
0
10
-3.6446446342927969
20
84.582641670910945
30
0
10
-3.8776326895601461
20
84.858009701044608
30
0
10
-4.0000000596046448
20
85.00000037252903
30
0
0
LINE
5
303
100
AcDbEntity
8
0
100
AcDbLine
10
-1.0000000149011612
20
87.000000402331352
30
0
11
0.16824060005604935
21
87.82484813932976
31
0
0
LINE
5
304
100
AcDbEntity
8
0
100
AcDbLine
10
-3.5858942478181306
20
85.606495729222289
30
0
11
-2.7540120940278285
21
84.454658900897243
31
0
0
LINE
5
305
100
AcDbEntity
8
0
100
AcDbLine
10
-23.904984819037935
20
77.546776651058138
30
0
11
-25.00000037252903
21
76.000000238418579
31
0
0
SPLINE
5
306
100
AcDbEntity
8
0
100
AcDbSpline
70
4
71
5
72
31
73
25
74
0
42
0.000000001
43
0.0000000001
44
0.0000000001
40
0
40
0
40
0
40
0
40
0
40
0
40
0.050000000000000003
40
0.10000000000000001
40
0.15000000000000002
40
0.20000000000000001
40
0.25
40
0.29999999999999999
40
0.34999999999999998
40
0.39999999999999997
40
0.44999999999999996
40
0.49999999999999994
40
0.54999999999999993
40
0.59999999999999998
40
0.65000000000000002
40
0.70000000000000007
40
0.75000000000000011
40
0.80000000000000016
40
0.8500000000000002
40
0.90000000000000024
40
0.95000000000000029
40
1
40
1
40
1
40
1
40
1
40
1
41
1
41
1
41
1
41
1
41
1
41
1
41
1
41
1
41
1
41
1
41
1
41
1
41
1
41
1
41
1
41
1
41
1
41
1
41
1
41
1
41
1
41
1
41
1
41
1
41
1
10
-12.706344615553782
20
48.683411826772414
30
0
10
-12.770312441688503
20
48.86680584503749
30
0
10
-12.902866390198142
20
49.25234055065026
30
0
10
-13.115554387215107
20
49.88688390860527
30
0
10
-13.426946844814323
20
50.845872181953162
30
0
10
-13.858353496539406
20
52.232311422220334
30
0
10
-14.317801506721413
20
53.799923823644193
30
0
10
-14.776585592080187
20
55.532216816702835
30
0
10
-15.184061800885098
20
57.39693155806485
30
0
10
-15.47502065202371
20
59.349433448219536
30
0
10
-15.581345562007364
20
61.338678443607719
30
0
10
-15.442390755462053
20
63.312135591830639
30
0
10
-15.015835651461636
20
65.220929999787089
30
0
10
-14.289600666498249
20
67.025184440627953
30
0
10
-13.29189069700449
20
68.698715557621256
30
0
10
-12.077499258629288
20
70.225764340817406
30
0
10
-10.716924779865167
20
71.598665848591892
30
0
10
-9.2845441638330399
20
72.815433725644127
30
0
10
-7.8484862562666349
20
73.877718671011081
30
0
10
-6.4573874816392038
20
74.788709600455164
30
0
10
-5.1381926124762609
20
75.551857735025195
30
0
10
-4.1506705168787175
20
76.046622245436481
30
0
10
-3.4497148386003578
20
76.353588870751764
30
0
10
-2.9999848532893436
20
76.52985784335749
30
0
10
-2.7795128846523909
20
76.610898429708328
30
0
0
SPLINE
5
307
100
AcDbEntity
8
0
100
AcDbSpline
70
4
71
5
72
31
73
25
74
0
42
0.000000001
43
0.0000000001
44
0.0000000001
40
0
40
0
40
0
40
0
40
0
40
0
40
0.050000000000000003
40
0.10000000000000001
40
0.15000000000000002
40
0.20000000000000001
40
0.25
40
0.29999999999999999
40
0.34999999999999998
40
0.39999999999999997
40
0.44999999999999996
40
0.49999999999999994
40
0.54999999999999993
40
0.59999999999999998
40
0.65000000000000002
40
0.70000000000000007
40
0.75000000000000011
40
0.80000000000000016
40
0.8500000000000002
40
0.90000000000000024
40
0.95000000000000029
40
1
40
1
40
1
40
1
40
1
40
1
41
1
41
1
41
1
41
1
41
1
41
1
41
1
41
1
41
1
41
1
41
1
41
1
41
1
41
1
41
1
41
1
41
1
41
1
41
1
41
1
41
1
41
1
41
1
41
1
41
1
10
-12.706344615553782
20
48.683411826772414
30
0
10
-12.770312441688503
20
48.86680584503749
30
0
10
-12.902866390198142
20
49.25234055065026
30
0
10
-13.115554387215107
20
49.88688390860527
30
0
10
-13.426946844814323
20
50.845872181953162
30
0
10
-13.858353496539406
20
52.232311422220334
30
0
10
-14.317801506721413
20
53.799923823644193
30
0
10
-14.776585592080187
20
55.532216816702835
30
0
10
-15.184061800885098
20
57.39693155806485
30
0
10
-15.47502065202371
20
59.349433448219536
30
0
10
-15.581345562007364
20
61.338678443607719
30
0
10
-15.442390755462053
20
63.312135591830639
30
0
10
-15.015835651461636
20
65.220929999787089
30
0
10
-14.289600666498249
20
67.025184440627953
30
0
10
-13.29189069700449
20
68.698715557621256
30
0
10
-12.077499258629288
20
70.225764340817406
30
0
10
-10.716924779865167
20
71.598665848591892
30
0
10
-9.2845441638330399
20
72.815433725644127
30
0
10
-7.8484862562666349
20
73.877718671011081
30
0
10
-6.4573874816392038
20
74.788709600455164
30
0
10
-5.1381926124762609
20
75.551857735025195
30
0
10
-4.1506705168787175
20
76.046622245436481
30
0
10
-3.4497148386003578
20
76.353588870751764
30
0
10
-2.9999848532893436
20
76.52985784335749
30
0
10
-2.7795128846523909
20
76.610898429708328
30
0
0
SPLINE
5
308
100
AcDbEntity
8
0
100
AcDbSpline
70
4
71
5
72
36
73
30
74
0
42
0.000000001
43
0.0000000001
44
0.0000000001
40
0
40
0
40
0
40
0
40
0
40
0
40
0.040000000000000001
40
0.080000000000000002
40
0.12
40
0.16
40
0.20000000000000001
40
0.24000000000000002
40
0.28000000000000003
40
0.32000000000000001
40
0.35999999999999999
40
0.39999999999999997
40
0.43999999999999995
40
0.47999999999999993
40
0.51999999999999991
40
0.55999999999999994
40
0.59999999999999998
40
0.64000000000000001
40
0.68000000000000005
40
0.72000000000000008
40
0.76000000000000012
40
0.80000000000000016
40
0.84000000000000019
40
0.88000000000000023
40
0.92000000000000026
40
0.9600000000000003
40
1
40
1
40
1
40
1
40
1
40
1
41
1
41
1
41
1
41
1
41
1
41
1
41
1
41
1
41
1
41
1
41
1
41
1
41
1
41
1
41
1
41
1
41
1
41
1
41
1
41
1
41
1
41
1
41
1
41
1
41
1
41
1
41
1
41
1
41
1
41
1
10
-28.565836909525459
20
68.983351762963011
30
0
10
-28.414839391183179
20
69.004288308605879
30
0
10
-28.118520214324541
20
69.041712439981609
30
0
10
-27.69106855277926
20
69.08450263425793
30
0
10
-27.155280201397041
20
69.114786922439706
30
0
10
-26.541984802161046
20
69.109969684809414
30
0
10
-25.982875463187188
20
69.068896239116128
30
0
10
-25.472590345119634
20
69.00524756768236
30
0
10
-25.001773862390767
20
68.941925963830485
30
0
10
-24.554954266591626
20
68.915320340883326
30
0
10
-24.113725870326203
20
68.969644173296842
30
0
10
-23.663215582832283
20
69.145190209356926
30
0
10
-23.197138026626671
20
69.469088040496729
30
0
10
-22.724469682946626
20
69.943321499272329
30
0
10
-22.272637323790111
20
70.538364443431746
30
0
10
-21.878579468952744
20
71.20621099362684
30
0
10
-21.581997850655267
20
71.8898885084227
30
0
10
-21.417423319649828
20
72.534621133609662
30
0
10
-21.407534873511057
20
73.097260166644404
30
0
10
-21.553780513321076
20
73.559010878116581
30
0
10
-21.835003103777414
20
73.92828265118618
30
0
10
-22.2178649497131
20
74.229062796034242
30
0
10
-22.664247990673154
20
74.492971572654412
30
0
10
-23.139764675771538
20
74.749957419166691
30
0
10
-23.621733115342906
20
75.019648521091739
30
0
10
-24.096727396674762
20
75.313536622046783
30
0
10
-24.465868635539021
20
75.572432080306925
30
0
10
-24.735670602006572
20
75.780734929714683
30
0
10
-24.912411608791089
20
75.925867760585945
30
0
10
-25.00000037252903
20
76.000000238418579
30
0
0
SPLINE
5
309
100
AcDbEntity
8
0
100
AcDbSpline
70
4
71
5
72
26
73
20
74
0
42
0.000000001
43
0.0000000001
44
0.0000000001
40
0
40
0
40
0
40
0
40
0
40
0
40
0.066666666666666666
40
0.13333333333333333
40
0.20000000000000001
40
0.26666666666666666
40
0.33333333333333331
40
0.39999999999999997
40
0.46666666666666662
40
0.53333333333333333
40
0.59999999999999998
40
0.66666666666666663
40
0.73333333333333328
40
0.79999999999999993
40
0.86666666666666659
40
0.93333333333333324
40
1
40
1
40
1
40
1
40
1
40
1
41
1
41
1
41
1
41
1
41
1
41
1
41
1
41
1
41
1
41
1
41
1
41
1
41
1
41
1
41
1
41
1
41
1
41
1
41
1
41
1
10
12.971060128377818
20
49.345200608832506
30
0
10
13.239652364812951
20
49.687984526164151
30
0
10
13.746889091698067
20
50.387729412890124
30
0
10
14.417900794015047
20
51.479878557122333
30
0
10
15.131591398211357
20
53.02175392229352
30
0
10
15.715095536812056
20
55.091870431546781
30
0
10
15.982996799493092
20
57.297959463463179
30
0
10
15.932363466703709
20
59.621146761878911
30
0
10
15.570029672458382
20
62.023623524040367
30
0
10
14.917196732685131
20
64.44385668892906
30
0
10
14.002936987037245
20
66.807406564482918
30
0
10
12.860055995506258
20
69.035276698546838
30
0
10
11.521045201226588
20
71.053587920849594
30
0
10
10.015017653200893
20
72.802115636061473
30
0
10
8.3644791221795174
20
74.24698477306174
30
0
10
6.5851937400524658
20
75.375781370889541
30
0
10
5.0667418607651316
20
76.02550213552388
30
0
10
3.8767114990496281
20
76.372404719211403
30
0
10
3.0607716791899504
20
76.541725056784628
30
0
10
2.6471551282403638
20
76.610898429708328
30
0
0
SPLINE
5
310
100
AcDbEntity
8
0
100
AcDbSpline
70
4
71
5
72
26
73
20
74
0
42
0.000000001
43
0.0000000001
44
0.0000000001
40
0
40
0
40
0
40
0
40
0
40
0
40
0.066666666666666666
40
0.13333333333333333
40
0.20000000000000001
40
0.26666666666666666
40
0.33333333333333331
40
0.39999999999999997
40
0.46666666666666662
40
0.53333333333333333
40
0.59999999999999998
40
0.66666666666666663
40
0.73333333333333328
40
0.79999999999999993
40
0.86666666666666659
40
0.93333333333333324
40
1
40
1
40
1
40
1
40
1
40
1
41
1
41
1
41
1
41
1
41
1
41
1
41
1
41
1
41
1
41
1
41
1
41
1
41
1
41
1
41
1
41
1
41
1
41
1
41
1
41
1
10
12.971060128377818
20
49.345200608832506
30
0
10
13.239652364812951
20
49.687984526164151
30
0
10
13.746889091698067
20
50.387729412890124
30
0
10
14.417900794015047
20
51.479878557122333
30
0
10
15.131591398211357
20
53.02175392229352
30
0
10
15.715095536812056
20
55.091870431546781
30
0
10
15.982996799493092
20
57.297959463463179
30
0
10
15.932363466703709
20
59.621146761878911
30
0
10
15.570029672458382
20
62.023623524040367
30
0
10
14.917196732685131
20
64.44385668892906
30
0
10
14.002936987037245
20
66.807406564482918
30
0
10
12.860055995506258
20
69.035276698546838
30
0
10
11.521045201226588
20
71.053587920849594
30
0
10
10.015017653200893
20
72.802115636061473
30
0
10
8.3644791221795174
20
74.24698477306174
30
0
10
6.5851937400524658
20
75.375781370889541
30
0
10
5.0667418607651316
20
76.02550213552388
30
0
10
3.8767114990496281
20
76.372404719211403
30
0
10
3.0607716791899504
20
76.541725056784628
30
0
10
2.6471551282403638
20
76.610898429708328
30
0
0
SPLINE
5
311
100
AcDbEntity
8
0
100
AcDbSpline
70
4
71
5
72
26
73
20
74
0
42
0.000000001
43
0.0000000001
44
0.0000000001
40
0
40
0
40
0
40
0
40
0
40
0
40
0.066666666666666666
40
0.13333333333333333
40
0.20000000000000001
40
0.26666666666666666
40
0.33333333333333331
40
0.39999999999999997
40
0.46666666666666662
40
0.53333333333333333
40
0.59999999999999998
40
0.66666666666666663
40
0.73333333333333328
40
0.79999999999999993
40
0.86666666666666659
40
0.93333333333333324
40
1
40
1
40
1
40
1
40
1
40
1
41
1
41
1
41
1
41
1
41
1
41
1
41
1
41
1
41
1
41
1
41
1
41
1
41
1
41
1
41
1
41
1
41
1
41
1
41
1
41
1
10
-2.7795128846523909
20
76.610898429708328
30
0
10
-2.7056778386596791
20
76.654000440493689
30
0
10
-2.561464947648346
20
76.726011753247491
30
0
10
-2.3555171650599158
20
76.791450763914824
30
0
10
-2.1018144526485134
20
76.792926249365905
30
0
10
-1.8201623548461643
20
76.650369123855228
30
0
10
-1.5743495233720983
20
76.36566527465034
30
0
10
-1.3637976320096901
20
75.948746130021775
30
0
10
-1.1862096848326045
20
75.421824144590786
30
0
10
-1.0381932362181376
20
74.815060203650887
30
0
10
-0.91579402976796176
20
74.162589307377687
30
0
10
-0.81494088723069513
20
73.4988226970586
30
0
10
-0.73182163908214581
20
72.85495427703674
30
0
10
-0.66322359337229386
20
72.25519316740754
30
0
10
-0.60680597650593016
20
71.713464888593549
30
0
10
-0.56097396082321738
20
71.236604451106857
30
0
10
-0.53200945689020795
20
70.908697148266967
30
0
10
-0.51441185273785872
20
70.692766890649537
30
0
10
-0.50450054971972746
20
70.562049654561292
30
0
10
-0.5000000074505806
20
70.500000156462193
30
0
0
SPLINE
5
312
100
AcDbEntity
8
0
100
AcDbSpline
70
4
71
5
72
36
73
30
74
0
42
0.000000001
43
0.0000000001
44
0.0000000001
40
0
40
0
40
0
40
0
40
0
40
0
40
0.040000000000000001
40
0.080000000000000002
40
0.12
40
0.16
40
0.20000000000000001
40
0.24000000000000002
40
0.28000000000000003
40
0.32000000000000001
40
0.35999999999999999
40
0.39999999999999997
40
0.43999999999999995
40
0.47999999999999993
40
0.51999999999999991
40
0.55999999999999994
40
0.59999999999999998
40
0.64000000000000001
40
0.68000000000000005
40
0.72000000000000008
40
0.76000000000000012
40
0.80000000000000016
40
0.84000000000000019
40
0.88000000000000023
40
0.92000000000000026
40
0.9600000000000003
40
1
40
1
40
1
40
1
40
1
40
1
41
1
41
1
41
1
41
1
41
1
41
1
41
1
41
1
41
1
41
1
41
1
41
1
41
1
41
1
41
1
41
1
41
1
41
1
41
1
41
1
41
1
41
1
41
1
41
1
41
1
41
1
41
1
41
1
41
1
41
1
10
28.589275384996
20
69.000000134110451
30
0
10
28.406330195778644
20
69.044504312410254
30
0
10
28.049331629795837
20
69.12622169898016
30
0
10
27.540508846439561
20
69.226925599215804
30
0
10
26.915571031147913
20
69.317332580844095
30
0
10
26.22315906010126
20
69.359417541878628
30
0
10
25.616954768888061
20
69.338201418756867
30
0
10
25.09062890024779
20
69.270096556115178
30
0
10
24.63276422268779
20
69.18300522051544
30
0
10
24.224616054000158
20
69.12087984715248
30
0
10
23.840424061290744
20
69.1430662510014
30
0
10
23.456294400022514
20
69.306241293993708
30
0
10
23.057037363189743
20
69.650416258467757
30
0
10
22.645068514978565
20
70.180834573421905
30
0
10
22.244966513347201
20
70.858284573220573
30
0
10
21.893491697121949
20
71.617577478013615
30
0
10
21.632181330010344
20
72.380986559254993
30
0
10
21.498732974518301
20
73.073872824253414
30
0
10
21.519447872224863
20
73.638358111997519
30
0
10
21.699639537818385
20
74.050379573870245
30
0
10
22.019146197983641
20
74.328148929877671
30
0
10
22.443859072033771
20
74.513856307018472
30
0
10
22.934104549121098
20
74.660571790548346
30
0
10
23.454516033076516
20
74.816705442886672
30
0
10
23.982146395236175
20
75.01323789762084
30
0
10
24.503279332210603
20
75.268372612895874
30
0
10
24.90963560608526
20
75.526214094040625
30
0
10
25.207496108756857
20
75.750947596811898
30
0
10
25.403009105463376
20
75.914666532810642
30
0
10
25.50000037997961
20
76.000000238418579
30
0
0
SPLINE
5
313
100
AcDbEntity
8
0
100
AcDbSpline
70
4
71
5
72
41
73
35
74
0
42
0.000000001
43
0.0000000001
44
0.0000000001
40
0
40
0
40
0
40
0
40
0
40
0
40
0.033333333333333333
40
0.066666666666666666
40
0.10000000000000001
40
0.13333333333333333
40
0.16666666666666666
40
0.19999999999999998
40
0.23333333333333331
40
0.26666666666666666
40
0.29999999999999999
40
0.33333333333333331
40
0.36666666666666664
40
0.39999999999999997
40
0.43333333333333329
40
0.46666666666666662
40
0.49999999999999994
40
0.53333333333333333
40
0.56666666666666665
40
0.59999999999999998
40
0.6333333333333333
40
0.66666666666666663
40
0.69999999999999996
40
0.73333333333333328
40
0.76666666666666661
40
0.79999999999999993
40
0.83333333333333326
40
0.86666666666666659
40
0.89999999999999991
40
0.93333333333333324
40
0.96666666666666656
40
1
40
1
40
1
40
1
40
1
40
1
41
1
41
1
41
1
41
1
41
1
41
1
41
1
41
1
41
1
41
1
41
1
41
1
41
1
41
1
41
1
41
1
41
1
41
1
41
1
41
1
41
1
41
1
41
1
41
1
41
1
41
1
41
1
41
1
41
1
41
1
41
1
41
1
41
1
41
1
41
1
10
2.6471551282403638
20
76.610898429708328
30
0
10
2.585369062047
20
76.553165562674081
30
0
10
2.4638720076271139
20
76.43371799146739
30
0
10
2.2878517207835407
20
76.242601179708799
30
0
10
2.065630605287081
20
75.963844099263099
30
0
10
1.8090477447336624
20
75.575651242287648
30
0
10
1.5746388892692209
20
75.148577680219802
30
0
10
1.3642122875033453
20
74.68471201454831
30
0
10
1.1805920115705506
20
74.18782553050724
30
0
10
1.0279773325570722
20
73.663985947593758
30
0
10
0.9108981550297901
20
73.121034637122747
30
0
10
0.83291674833133478
20
72.567872327605983
30
0
10
0.79540644298605034
20
72.013824652588937
30
0
10
0.79627495015079064
20
71.467982486456023
30
0
10
0.82868020907568463
20
70.938551685689561
30
0
10
0.87970645090038824
20
70.432196937269708
30
0
10
0.93409442158347322
20
69.953660406714718
30
0
10
0.9778285704822326
20
69.505389359861908
30
0
10
1.0019872381512542
20
69.087089684641739
30
0
10
1.006034229695925
20
68.695396256389401
30
0
10
1.0026541590618683
20
68.323172516693688
30
0
10
1.0132229732985496
20
67.961008969061837
30
0
10
1.0602872512120003
20
67.599444069956974
30
0
10
1.1616497248095039
20
67.230760192123697
30
0
10
1.3223984253686556
20
66.851374644017184
30
0
10
1.5323693834434322
20
66.462602386520217
30
0
10
1.7724752995718789
20
66.068738442252297
30
0
10
2.0191313855621762
20
65.675718901871377
30
0
10
2.2490303254124142
20
65.28967270815231
30
0
10
2.4446368859793548
20
64.915267249582996
30
0
10
2.5961441351031329
20
64.55508952568988
30
0
10
2.6782005119384227
20
64.279345445591574
30
0
10
2.7171069976667095
20
64.079667380029505
30
0
10
2.7329992867107276
20
63.949712765526769
30
0
10
2.7384342744219414
20
63.885526427983024
30
0
0
SPLINE
5
314
100
AcDbEntity
8
0
100
AcDbSpline
70
4
71
5
72
41
73
35
74
0
42
0.000000001
43
0.0000000001
44
0.0000000001
40
0
40
0
40
0
40
0
40
0
40
0
40
0.033333333333333333
40
0.066666666666666666
40
0.10000000000000001
40
0.13333333333333333
40
0.16666666666666666
40
0.19999999999999998
40
0.23333333333333331
40
0.26666666666666666
40
0.29999999999999999
40
0.33333333333333331
40
0.36666666666666664
40
0.39999999999999997
40
0.43333333333333329
40
0.46666666666666662
40
0.49999999999999994
40
0.53333333333333333
40
0.56666666666666665
40
0.59999999999999998
40
0.6333333333333333
40
0.66666666666666663
40
0.69999999999999996
40
0.73333333333333328
40
0.76666666666666661
40
0.79999999999999993
40
0.83333333333333326
40
0.86666666666666659
40
0.89999999999999991
40
0.93333333333333324
40
0.96666666666666656
40
1
40
1
40
1
40
1
40
1
40
1
41
1
41
1
41
1
41
1
41
1
41
1
41
1
41
1
41
1
41
1
41
1
41
1
41
1
41
1
41
1
41
1
41
1
41
1
41
1
41
1
41
1
41
1
41
1
41
1
41
1
41
1
41
1
41
1
41
1
41
1
41
1
41
1
41
1
41
1
41
1
10
2.6471551282403638
20
76.610898429708328
30
0
10
2.585369062047
20
76.553165562674081
30
0
10
2.4638720076271139
20
76.43371799146739
30
0
10
2.2878517207835407
20
76.242601179708799
30
0
10
2.065630605287081
20
75.963844099263099
30
0
10
1.8090477447336624
20
75.575651242287648
30
0
10
1.5746388892692209
20
75.148577680219802
30
0
10
1.3642122875033453
20
74.68471201454831
30
0
10
1.1805920115705506
20
74.18782553050724
30
0
10
1.0279773325570722
20
73.663985947593758
30
0
10
0.9108981550297901
20
73.121034637122747
30
0
10
0.83291674833133478
20
72.567872327605983
30
0
10
0.79540644298605034
20
72.013824652588937
30
0
10
0.79627495015079064
20
71.467982486456023
30
0
10
0.82868020907568463
20
70.938551685689561
30
0
10
0.87970645090038824
20
70.432196937269708
30
0
10
0.93409442158347322
20
69.953660406714718
30
0
10
0.9778285704822326
20
69.505389359861908
30
0
10
1.0019872381512542
20
69.087089684641739
30
0
10
1.006034229695925
20
68.695396256389401
30
0
10
1.0026541590618683
20
68.323172516693688
30
0
10
1.0132229732985496
20
67.961008969061837
30
0
10
1.0602872512120003
20
67.599444069956974
30
0
10
1.1616497248095039
20
67.230760192123697
30
0
10
1.3223984253686556
20
66.851374644017184
30
0
10
1.5323693834434322
20
66.462602386520217
30
0
10
1.7724752995718789
20
66.068738442252297
30
0
10
2.0191313855621762
20
65.675718901871377
30
0
10
2.2490303254124142
20
65.28967270815231
30
0
10
2.4446368859793548
20
64.915267249582996
30
0
10
2.5961441351031329
20
64.55508952568988
30
0
10
2.6782005119384227
20
64.279345445591574
30
0
10
2.7171069976667095
20
64.079667380029505
30
0
10
2.7329992867107276
20
63.949712765526769
30
0
10
2.7384342744219414
20
63.885526427983024
30
0
0
SPLINE
5
315
100
AcDbEntity
8
0
100
AcDbSpline
70
4
71
5
72
36
73
30
74
0
42
0.000000001
43
0.0000000001
44
0.0000000001
40
0
40
0
40
0
40
0
40
0
40
0
40
0.040000000000000001
40
0.080000000000000002
40
0.12
40
0.16
40
0.20000000000000001
40
0.24000000000000002
40
0.28000000000000003
40
0.32000000000000001
40
0.35999999999999999
40
0.39999999999999997
40
0.43999999999999995
40
0.47999999999999993
40
0.51999999999999991
40
0.55999999999999994
40
0.59999999999999998
40
0.64000000000000001
40
0.68000000000000005
40
0.72000000000000008
40
0.76000000000000012
40
0.80000000000000016
40
0.84000000000000019
40
0.88000000000000023
40
0.92000000000000026
40
0.9600000000000003
40
1
40
1
40
1
40
1
40
1
40
1
41
1
41
1
41
1
41
1
41
1
41
1
41
1
41
1
41
1
41
1
41
1
41
1
41
1
41
1
41
1
41
1
41
1
41
1
41
1
41
1
41
1
41
1
41
1
41
1
41
1
41
1
41
1
41
1
41
1
41
1
10
28.589275384996
20
69.000000134110451
30
0
10
28.406330195778644
20
69.044504312410254
30
0
10
28.049331629795837
20
69.12622169898016
30
0
10
27.540508846439561
20
69.226925599215804
30
0
10
26.915571031147913
20
69.317332580844095
30
0
10
26.22315906010126
20
69.359417541878628
30
0
10
25.616954768888061
20
69.338201418756867
30
0
10
25.09062890024779
20
69.270096556115178
30
0
10
24.63276422268779
20
69.18300522051544
30
0
10
24.224616054000158
20
69.12087984715248
30
0
10
23.840424061290744
20
69.1430662510014
30
0
10
23.456294400022514
20
69.306241293993708
30
0
10
23.057037363189743
20
69.650416258467757
30
0
10
22.645068514978565
20
70.180834573421905
30
0
10
22.244966513347201
20
70.858284573220573
30
0
10
21.893491697121949
20
71.617577478013615
30
0
10
21.632181330010344
20
72.380986559254993
30
0
10
21.498732974518301
20
73.073872824253414
30
0
10
21.519447872224863
20
73.638358111997519
30
0
10
21.699639537818385
20
74.050379573870245
30
0
10
22.019146197983641
20
74.328148929877671
30
0
10
22.443859072033771
20
74.513856307018472
30
0
10
22.934104549121098
20
74.660571790548346
30
0
10
23.454516033076516
20
74.816705442886672
30
0
10
23.982146395236175
20
75.01323789762084
30
0
10
24.503279332210603
20
75.268372612895874
30
0
10
24.90963560608526
20
75.526214094040625
30
0
10
25.207496108756857
20
75.750947596811898
30
0
10
25.403009105463376
20
75.914666532810642
30
0
10
25.50000037997961
20
76.000000238418579
30
0
0
SPLINE
5
316
100
AcDbEntity
8
0
100
AcDbSpline
70
4
71
5
72
26
73
20
74
0
42
0.000000001
43
0.0000000001
44
0.0000000001
40
0
40
0
40
0
40
0
40
0
40
0
40
0.066666666666666666
40
0.13333333333333333
40
0.20000000000000001
40
0.26666666666666666
40
0.33333333333333331
40
0.39999999999999997
40
0.46666666666666662
40
0.53333333333333333
40
0.59999999999999998
40
0.66666666666666663
40
0.73333333333333328
40
0.79999999999999993
40
0.86666666666666659
40
0.93333333333333324
40
1
40
1
40
1
40
1
40
1
40
1
41
1
41
1
41
1
41
1
41
1
41
1
41
1
41
1
41
1
41
1
41
1
41
1
41
1
41
1
41
1
41
1
41
1
41
1
41
1
41
1
10
-2.7795128846523909
20
76.610898429708328
30
0
10
-2.7056778386596791
20
76.654000440493689
30
0
10
-2.561464947648346
20
76.726011753247491
30
0
10
-2.3555171650599158
20
76.791450763914824
30
0
10
-2.1018144526485134
20
76.792926249365905
30
0
10
-1.8201623548461643
20
76.650369123855228
30
0
10
-1.5743495233720983
20
76.36566527465034
30
0
10
-1.3637976320096901
20
75.948746130021775
30
0
10
-1.1862096848326045
20
75.421824144590786
30
0
10
-1.0381932362181376
20
74.815060203650887
30
0
10
-0.91579402976796176
20
74.162589307377687
30
0
10
-0.81494088723069513
20
73.4988226970586
30
0
10
-0.73182163908214581
20
72.85495427703674
30
0
10
-0.66322359337229386
20
72.25519316740754
30
0
10
-0.60680597650593016
20
71.713464888593549
30
0
10
-0.56097396082321738
20
71.236604451106857
30
0
10
-0.53200945689020795
20
70.908697148266967
30
0
10
-0.51441185273785872
20
70.692766890649537
30
0
10
-0.50450054971972746
20
70.562049654561292
30
0
10
-0.5000000074505806
20
70.500000156462193
30
0
0
SPLINE
5
317
100
AcDbEntity
8
0
100
AcDbSpline
70
4
71
5
72
36
73
30
74
0
42
0.000000001
43
0.0000000001
44
0.0000000001
40
0
40
0
40
0
40
0
40
0
40
0
40
0.040000000000000001
40
0.080000000000000002
40
0.12
40
0.16
40
0.20000000000000001
40
0.24000000000000002
40
0.28000000000000003
40
0.32000000000000001
40
0.35999999999999999
40
0.39999999999999997
40
0.43999999999999995
40
0.47999999999999993
40
0.51999999999999991
40
0.55999999999999994
40
0.59999999999999998
40
0.64000000000000001
40
0.68000000000000005
40
0.72000000000000008
40
0.76000000000000012
40
0.80000000000000016
40
0.84000000000000019
40
0.88000000000000023
40
0.92000000000000026
40
0.9600000000000003
40
1
40
1
40
1
40
1
40
1
40
1
41
1
41
1
41
1
41
1
41
1
41
1
41
1
41
1
41
1
41
1
41
1
41
1
41
1
41
1
41
1
41
1
41
1
41
1
41
1
41
1
41
1
41
1
41
1
41
1
41
1
41
1
41
1
41
1
41
1
41
1
10
-28.565836909525459
20
68.983351762963011
30
0
10
-28.414839391183179
20
69.004288308605879
30
0
10
-28.118520214324541
20
69.041712439981609
30
0
10
-27.69106855277926
20
69.08450263425793
30
0
10
-27.155280201397041
20
69.114786922439706
30
0
10
-26.541984802161046
20
69.109969684809414
30
0
10
-25.982875463187188
20
69.068896239116128
30
0
10
-25.472590345119634
20
69.00524756768236
30
0
10
-25.001773862390767
20
68.941925963830485
30
0
10
-24.554954266591626
20
68.915320340883326
30
0
10
-24.113725870326203
20
68.969644173296842
30
0
10
-23.663215582832283
20
69.145190209356926
30
0
10
-23.197138026626671
20
69.469088040496729
30
0
10
-22.724469682946626
20
69.943321499272329
30
0
10
-22.272637323790111
20
70.538364443431746
30
0
10
-21.878579468952744
20
71.20621099362684
30
0
10
-21.581997850655267
20
71.8898885084227
30
0
10
-21.417423319649828
20
72.534621133609662
30
0
10
-21.407534873511057
20
73.097260166644404
30
0
10
-21.553780513321076
20
73.559010878116581
30
0
10
-21.835003103777414
20
73.92828265118618
30
0
10
-22.2178649497131
20
74.229062796034242
30
0
10
-22.664247990673154
20
74.492971572654412
30
0
10
-23.139764675771538
20
74.749957419166691
30
0
10
-23.621733115342906
20
75.019648521091739
30
0
10
-24.096727396674762
20
75.313536622046783
30
0
10
-24.465868635539021
20
75.572432080306925
30
0
10
-24.735670602006572
20
75.780734929714683
30
0
10
-24.912411608791089
20
75.925867760585945
30
0
10
-25.00000037252903
20
76.000000238418579
30
0
0
LINE
5
318
100
AcDbEntity
8
0
100
AcDbLine
10
1.3244321100990231
20
87.959741189132657
30
0
11
1.1111289937425362
21
94.764110600904615
31
0
0
LINE
5
319
100
AcDbEntity
8
0
100
AcDbLine
10
0.16824060005604935
20
87.82484813932976
30
0
11
0.16824060005604935
21
94.742780289268964
31
0
0
LINE
5
320
100
AcDbEntity
8
0
100
AcDbLine
10
3.1919937891882326
20
92.5381927204768
30
0
11
4.9278790856373202
21
90.575804049997117
31
0
0
LINE
5
321
100
AcDbEntity
8
0
100
AcDbLine
10
0.16824060005604935
20
87.82484813932976
30
0
11
0.16824060005604935
21
94.742780289268964
31
0
0
LINE
5
322
100
AcDbEntity
8
0
100
AcDbLine
10
1.1111289937425362
20
94.764110600904615
30
0
11
0.16824060005604935
21
94.742780289268964
31
0
0
LINE
5
323
100
AcDbEntity
8
0
100
AcDbLine
10
3.1919937891882326
20
92.5381927204768
30
0
11
4.9278790856373202
21
90.575804049997117
31
0
0
LINE
5
324
100
AcDbEntity
8
0
100
AcDbLine
10
1.1111289937425362
20
94.764110600904615
30
0
11
0.16824060005604935
21
94.742780289268964
31
0
0
LINE
5
325
100
AcDbEntity
8
0
100
AcDbLine
10
3.1757091017357011
20
85.445532423094747
30
0
11
4.9278790856373202
21
90.575804049997117
31
0
0
LINE
5
326
100
AcDbEntity
8
0
100
AcDbLine
10
2.500000037252903
20
87.000000402331352
30
0
11
3.1919937891882326
21
92.5381927204768
31
0
0
LINE
5
327
100
AcDbEntity
8
0
100
AcDbLine
10
3.1757091017357011
20
85.445532423094747
30
0
11
4.9278790856373202
21
90.575804049997117
31
0
0
LINE
5
328
100
AcDbEntity
8
0
100
AcDbLine
10
2.500000037252903
20
87.000000402331352
30
0
11
3.1919937891882326
21
92.5381927204768
31
0
0
LINE
5
329
100
AcDbEntity
8
0
100
AcDbLine
10
25.50000037997961
20
76.000000238418579
30
0
11
24.109231671468031
21
77.567336282662765
31
0
0
LINE
5
330
100
AcDbEntity
8
0
100
AcDbLine
10
15.731612698999442
20
82.443708645945122
30
0
11
12.879047139711739
21
83.69652460103768
31
0
0
SPLINE
5
331
100
AcDbEntity
8
0
100
AcDbSpline
70
4
71
5
72
36
73
30
74
0
42
0.000000001
43
0.0000000001
44
0.0000000001
40
0
40
0
40
0
40
0
40
0
40
0
40
0.040000000000000001
40
0.080000000000000002
40
0.12
40
0.16
40
0.20000000000000001
40
0.24000000000000002
40
0.28000000000000003
40
0.32000000000000001
40
0.35999999999999999
40
0.39999999999999997
40
0.43999999999999995
40
0.47999999999999993
40
0.51999999999999991
40
0.55999999999999994
40
0.59999999999999998
40
0.64000000000000001
40
0.68000000000000005
40
0.72000000000000008
40
0.76000000000000012
40
0.80000000000000016
40
0.84000000000000019
40
0.88000000000000023
40
0.92000000000000026
40
0.9600000000000003
40
1
40
1
40
1
40
1
40
1
40
1
41
1
41
1
41
1
41
1
41
1
41
1
41
1
41
1
41
1
41
1
41
1
41
1
41
1
41
1
41
1
41
1
41
1
41
1
41
1
41
1
41
1
41
1
41
1
41
1
41
1
41
1
41
1
41
1
41
1
41
1
10
12.879047139711739
20
83.69652460103768
30
0
10
12.765172087666929
20
83.642500285920335
30
0
10
12.543406046865936
20
83.53214880351338
30
0
10
12.228708731019921
20
83.359713368738042
30
0
10
11.845113356228399
20
83.115943964332473
30
0
10
11.424699942442402
20
82.789110781296529
30
0
10
11.059708387897754
20
82.443390808996384
30
0
10
10.741926856035011
20
82.085660899907595
30
0
10
10.457171710442379
20
81.727498348381829
30
0
10
10.182681239720708
20
81.387169270430519
30
0
10
9.8905928513955654
20
81.086786496726859
30
0
10
9.5538050086622643
20
80.847540482787736
30
0
10
9.1507807164554542
20
80.685814044949325
30
0
10
8.6714872112669674
20
80.608254375385172
30
0
10
8.1210342236701027
20
80.609047193550282
30
0
10
7.5154193434872374
20
80.674885950632955
30
0
10
6.8786854409626752
20
80.788532048206108
30
0
10
6.2395819408274642
20
80.933017204523509
30
0
10
5.6286682637604546
20
81.095136789118584
30
0
10
5.0748860507475513
20
81.27026346703542
30
0
10
4.6040763799391744
20
81.4620799838343
30
0
10
4.23872724562142
20
81.67909732365905
30
0
10
3.9972439531429931
20
81.932109303366019
30
0
10
3.8934310232023877
20
82.231446761456056
30
0
10
3.9355162666444636
20
82.58388356256107
30
0
10
4.1273165117190054
20
82.992956587199444
30
0
10
4.4013261893466913
20
83.366677957593396
30
0
10
4.6744398549403972
20
83.673174129833697
30
0
10
4.8864851035820331
20
83.889122111673927
30
0
10
5.000000074505806
20
84.000000357627869
30
0
0
SPLINE
5
332
100
AcDbEntity
8
0
100
AcDbSpline
70
4
71
5
72
36
73
30
74
0
42
0.000000001
43
0.0000000001
44
0.0000000001
40
0
40
0
40
0
40
0
40
0
40
0
40
0.040000000000000001
40
0.080000000000000002
40
0.12
40
0.16
40
0.20000000000000001
40
0.24000000000000002
40
0.28000000000000003
40
0.32000000000000001
40
0.35999999999999999
40
0.39999999999999997
40
0.43999999999999995
40
0.47999999999999993
40
0.51999999999999991
40
0.55999999999999994
40
0.59999999999999998
40
0.64000000000000001
40
0.68000000000000005
40
0.72000000000000008
40
0.76000000000000012
40
0.80000000000000016
40
0.84000000000000019
40
0.88000000000000023
40
0.92000000000000026
40
0.9600000000000003
40
1
40
1
40
1
40
1
40
1
40
1
41
1
41
1
41
1
41
1
41
1
41
1
41
1
41
1
41
1
41
1
41
1
41
1
41
1
41
1
41
1
41
1
41
1
41
1
41
1
41
1
41
1
41
1
41
1
41
1
41
1
41
1
41
1
41
1
41
1
41
1
10
12.879047139711739
20
83.69652460103768
30
0
10
12.765172087666929
20
83.642500285920335
30
0
10
12.543406046865936
20
83.53214880351338
30
0
10
12.228708731019921
20
83.359713368738042
30
0
10
11.845113356228399
20
83.115943964332473
30
0
10
11.424699942442402
20
82.789110781296529
30
0
10
11.059708387897754
20
82.443390808996384
30
0
10
10.741926856035011
20
82.085660899907595
30
0
10
10.457171710442379
20
81.727498348381829
30
0
10
10.182681239720708
20
81.387169270430519
30
0
10
9.8905928513955654
20
81.086786496726859
30
0
10
9.5538050086622643
20
80.847540482787736
30
0
10
9.1507807164554542
20
80.685814044949325
30
0
10
8.6714872112669674
20
80.608254375385172
30
0
10
8.1210342236701027
20
80.609047193550282
30
0
10
7.5154193434872374
20
80.674885950632955
30
0
10
6.8786854409626752
20
80.788532048206108
30
0
10
6.2395819408274642
20
80.933017204523509
30
0
10
5.6286682637604546
20
81.095136789118584
30
0
10
5.0748860507475513
20
81.27026346703542
30
0
10
4.6040763799391744
20
81.4620799838343
30
0
10
4.23872724562142
20
81.67909732365905
30
0
10
3.9972439531429931
20
81.932109303366019
30
0
10
3.8934310232023877
20
82.231446761456056
30
0
10
3.9355162666444636
20
82.58388356256107
30
0
10
4.1273165117190054
20
82.992956587199444
30
0
10
4.4013261893466913
20
83.366677957593396
30
0
10
4.6744398549403972
20
83.673174129833697
30
0
10
4.8864851035820331
20
83.889122111673927
30
0
10
5.000000074505806
20
84.000000357627869
30
0
0
SPLINE
5
333
100
AcDbEntity
8
0
100
AcDbSpline
70
4
71
5
72
41
73
35
74
0
42
0.000000001
43
0.0000000001
44
0.0000000001
40
0
40
0
40
0
40
0
40
0
40
0
40
0.033333333333333333
40
0.066666666666666666
40
0.10000000000000001
40
0.13333333333333333
40
0.16666666666666666
40
0.19999999999999998
40
0.23333333333333331
40
0.26666666666666666
40
0.29999999999999999
40
0.33333333333333331
40
0.36666666666666664
40
0.39999999999999997
40
0.43333333333333329
40
0.46666666666666662
40
0.49999999999999994
40
0.53333333333333333
40
0.56666666666666665
40
0.59999999999999998
40
0.6333333333333333
40
0.66666666666666663
40
0.69999999999999996
40
0.73333333333333328
40
0.76666666666666661
40
0.79999999999999993
40
0.83333333333333326
40
0.86666666666666659
40
0.89999999999999991
40
0.93333333333333324
40
0.96666666666666656
40
1
40
1
40
1
40
1
40
1
40
1
41
1
41
1
41
1
41
1
41
1
41
1
41
1
41
1
41
1
41
1
41
1
41
1
41
1
41
1
41
1
41
1
41
1
41
1
41
1
41
1
41
1
41
1
41
1
41
1
41
1
41
1
41
1
41
1
41
1
41
1
41
1
41
1
41
1
41
1
41
1
10
24.109231671468031
20
77.567336282662765
30
0
10
23.927388210411046
20
77.554176692097315
30
0
10
23.573155055586273
20
77.523700937850776
30
0
10
23.070166716393715
20
77.465517242554469
30
0
10
22.456340311919377
20
77.36295665830832
30
0
10
21.783583422183398
20
77.194333144487004
30
0
10
21.203746239271464
20
76.989452013646186
30
0
10
20.712834694515312
20
76.756919352528456
30
0
10
20.303371600770149
20
76.511662512001507
30
0
10
19.963512718691454
20
76.276012777464601
30
0
10
19.675519192144531
20
76.082912550677051
30
0
10
19.416939415211075
20
75.969690163070382
30
0
10
19.163254463781129
20
75.966528475271573
30
0
10
18.890045237098729
20
76.086796507953366
30
0
10
18.575348527155484
20
76.315788128667435
30
0
10
18.202178020938877
20
76.62051740381321
30
0
10
17.761162033358747
20
76.960275746932297
30
0
10
17.253125972202252
20
77.29668339707456
30
0
10
16.691952722197168
20
77.604262015453855
30
0
10
16.106953402872428
20
77.879936756361104
30
0
10
15.536289460583525
20
78.135673376165457
30
0
10
15.021053082739595
20
78.392233683363202
30
0
10
14.598922595074466
20
78.672399936878435
30
0
10
14.298453313592873
20
78.994893847502524
30
0
10
14.131874259617728
20
79.366924946965355
30
0
10
14.092074514664077
20
79.780626936287717
30
0
10
14.160397970908019
20
80.219444751755816
30
0
10
14.312438264308637
20
80.662695246156943
30
0
10
14.524230138277076
20
81.090542610374214
30
0
10
14.779057962235969
20
81.489466555217717
30
0
10
15.067003589768413
20
81.851740638366536
30
0
10
15.319749220707324
20
82.10924772401485
30
0
10
15.521103552869951
20
82.283721463061255
30
0
10
15.660571045954633
20
82.391759215520963
30
0
10
15.731612698999442
20
82.443708645945122
30
0
0
LINE
5
334
100
AcDbEntity
8
0
100
AcDbLine
10
15.731612698999442
20
82.443708645945122
30
0
11
12.879047139711739
21
83.69652460103768
31
0
0
LINE
5
335
100
AcDbEntity
8
0
100
AcDbLine
10
25.50000037997961
20
76.000000238418579
30
0
11
24.109231671468031
21
77.567336282662765
31
0
0
SPLINE
5
336
100
AcDbEntity
8
0
100
AcDbSpline
70
4
71
5
72
41
73
35
74
0
42
0.000000001
43
0.0000000001
44
0.0000000001
40
0
40
0
40
0
40
0
40
0
40
0
40
0.033333333333333333
40
0.066666666666666666
40
0.10000000000000001
40
0.13333333333333333
40
0.16666666666666666
40
0.19999999999999998
40
0.23333333333333331
40
0.26666666666666666
40
0.29999999999999999
40
0.33333333333333331
40
0.36666666666666664
40
0.39999999999999997
40
0.43333333333333329
40
0.46666666666666662
40
0.49999999999999994
40
0.53333333333333333
40
0.56666666666666665
40
0.59999999999999998
40
0.6333333333333333
40
0.66666666666666663
40
0.69999999999999996
40
0.73333333333333328
40
0.76666666666666661
40
0.79999999999999993
40
0.83333333333333326
40
0.86666666666666659
40
0.89999999999999991
40
0.93333333333333324
40
0.96666666666666656
40
1
40
1
40
1
40
1
40
1
40
1
41
1
41
1
41
1
41
1
41
1
41
1
41
1
41
1
41
1
41
1
41
1
41
1
41
1
41
1
41
1
41
1
41
1
41
1
41
1
41
1
41
1
41
1
41
1
41
1
41
1
41
1
41
1
41
1
41
1
41
1
41
1
41
1
41
1
41
1
41
1
10
24.109231671468031
20
77.567336282662765
30
0
10
23.927388210411046
20
77.554176692097315
30
0
10
23.573155055586273
20
77.523700937850776
30
0
10
23.070166716393715
20
77.465517242554469
30
0
10
22.456340311919377
20
77.36295665830832
30
0
10
21.783583422183398
20
77.194333144487004
30
0
10
21.203746239271464
20
76.989452013646186
30
0
10
20.712834694515312
20
76.756919352528456
30
0
10
20.303371600770149
20
76.511662512001507
30
0
10
19.963512718691454
20
76.276012777464601
30
0
10
19.675519192144531
20
76.082912550677051
30
0
10
19.416939415211075
20
75.969690163070382
30
0
10
19.163254463781129
20
75.966528475271573
30
0
10
18.890045237098729
20
76.086796507953366
30
0
10
18.575348527155484
20
76.315788128667435
30
0
10
18.202178020938877
20
76.62051740381321
30
0
10
17.761162033358747
20
76.960275746932297
30
0
10
17.253125972202252
20
77.29668339707456
30
0
10
16.691952722197168
20
77.604262015453855
30
0
10
16.106953402872428
20
77.879936756361104
30
0
10
15.536289460583525
20
78.135673376165457
30
0
10
15.021053082739595
20
78.392233683363202
30
0
10
14.598922595074466
20
78.672399936878435
30
0
10
14.298453313592873
20
78.994893847502524
30
0
10
14.131874259617728
20
79.366924946965355
30
0
10
14.092074514664077
20
79.780626936287717
30
0
10
14.160397970908019
20
80.219444751755816
30
0
10
14.312438264308637
20
80.662695246156943
30
0
10
14.524230138277076
20
81.090542610374214
30
0
10
14.779057962235969
20
81.489466555217717
30
0
10
15.067003589768413
20
81.851740638366536
30
0
10
15.319749220707324
20
82.10924772401485
30
0
10
15.521103552869951
20
82.283721463061255
30
0
10
15.660571045954633
20
82.391759215520963
30
0
10
15.731612698999442
20
82.443708645945122
30
0
0
LINE
5
337
100
AcDbEntity
8
0
100
AcDbLine
10
-2.7540120940278285
20
84.454658900897243
30
0
11
-1.6021752657027961
21
85.883789780485728
31
0
0
LINE
5
338
100
AcDbEntity
8
0
100
AcDbLine
10
-3.5858942478181306
20
85.606495729222289
30
0
11
-2.7540120940278285
21
84.454658900897243
31
0
0
LINE
5
339
100
AcDbEntity
8
0
100
AcDbLine
10
-23.904984819037935
20
77.546776651058138
30
0
11
-25.00000037252903
21
76.000000238418579
31
0
0
LINE
5
340
100
AcDbEntity
8
0
100
AcDbLine
10
-4.0000000596046448
20
85.00000037252903
30
0
11
-3.5858942478181306
21
85.606495729222289
31
0
0
LINE
5
341
100
AcDbEntity
8
0
100
AcDbLine
10
-1.6021752657027961
20
85.883789780485728
30
0
11
-3.1699531709229793
21
90.277833977429367
31
0
0
SPLINE
5
342
100
AcDbEntity
8
0
100
AcDbSpline
70
4
71
5
72
26
73
20
74
0
42
0.000000001
43
0.0000000001
44
0.0000000001
40
0
40
0
40
0
40
0
40
0
40
0
40
0.066666666666666666
40
0.13333333333333333
40
0.20000000000000001
40
0.26666666666666666
40
0.33333333333333331
40
0.39999999999999997
40
0.46666666666666662
40
0.53333333333333333
40
0.59999999999999998
40
0.66666666666666663
40
0.73333333333333328
40
0.79999999999999993
40
0.86666666666666659
40
0.93333333333333324
40
1
40
1
40
1
40
1
40
1
40
1
41
1
41
1
41
1
41
1
41
1
41
1
41
1
41
1
41
1
41
1
41
1
41
1
41
1
41
1
41
1
41
1
41
1
41
1
41
1
41
1
10
-17.074150577150391
20
32.403407788094121
30
0
10
-17.31634381148632
20
32.539406623826068
30
0
10
-17.790815576593634
20
32.831578317606116
30
0
10
-18.472779469403427
20
33.330359464452862
30
0
10
-19.322141741062662
20
34.117314914544764
30
0
10
-20.280135568372778
20
35.306903511601085
30
0
10
-21.127403176433095
20
36.700877271677427
30
0
10
-21.853589573706319
20
38.289057991572669
30
0
10
-22.444850356730193
20
40.045292861917829
30
0
10
-22.884924335986444
20
41.930892311599877
30
0
10
-23.156746656270542
20
43.901469376771765
30
0
10
-23.244515599079492
20
45.912219211375884
30
0
10
-23.135757415815608
20
47.922955753673939
30
0
10
-22.825099104359154
20
49.904358791255738
30
0
10
-22.314368437075967
20
51.83932184255859
30
0
10
-21.608574290159844
20
53.718805295394397
30
0
10
-20.892684659266834
20
55.175380617624569
30
0
10
-20.272833585056244
20
56.241269254251065
30
0
10
-19.823008436799835
20
56.94015209152154
30
0
10
-19.588947948978745
20
57.286665993553612
30
0
0
SPLINE
5
343
100
AcDbEntity
8
0
100
AcDbSpline
70
4
71
5
72
26
73
20
74
0
42
0.000000001
43
0.0000000001
44
0.0000000001
40
0
40
0
40
0
40
0
40
0
40
0
40
0.066666666666666666
40
0.13333333333333333
40
0.20000000000000001
40
0.26666666666666666
40
0.33333333333333331
40
0.39999999999999997
40
0.46666666666666662
40
0.53333333333333333
40
0.59999999999999998
40
0.66666666666666663
40
0.73333333333333328
40
0.79999999999999993
40
0.86666666666666659
40
0.93333333333333324
40
1
40
1
40
1
40
1
40
1
40
1
41
1
41
1
41
1
41
1
41
1
41
1
41
1
41
1
41
1
41
1
41
1
41
1
41
1
41
1
41
1
41
1
41
1
41
1
41
1
41
1
10
-17.074150577150391
20
32.403407788094121
30
0
10
-17.31634381148632
20
32.539406623826068
30
0
10
-17.790815576593634
20
32.831578317606116
30
0
10
-18.472779469403427
20
33.330359464452862
30
0
10
-19.322141741062662
20
34.117314914544764
30
0
10
-20.280135568372778
20
35.306903511601085
30
0
10
-21.127403176433095
20
36.700877271677427
30
0
10
-21.853589573706319
20
38.289057991572669
30
0
10
-22.444850356730193
20
40.045292861917829
30
0
10
-22.884924335986444
20
41.930892311599877
30
0
10
-23.156746656270542
20
43.901469376771765
30
0
10
-23.244515599079492
20
45.912219211375884
30
0
10
-23.135757415815608
20
47.922955753673939
30
0
10
-22.825099104359154
20
49.904358791255738
30
0
10
-22.314368437075967
20
51.83932184255859
30
0
10
-21.608574290159844
20
53.718805295394397
30
0
10
-20.892684659266834
20
55.175380617624569
30
0
10
-20.272833585056244
20
56.241269254251065
30
0
10
-19.823008436799835
20
56.94015209152154
30
0
10
-19.588947948978745
20
57.286665993553612
30
0
0
SPLINE
5
344
100
AcDbEntity
8
0
100
AcDbSpline
70
4
71
5
72
31
73
25
74
0
42
0.000000001
43
0.0000000001
44
0.0000000001
40
0
40
0
40
0
40
0
40
0
40
0
40
0.050000000000000003
40
0.10000000000000001
40
0.15000000000000002
40
0.20000000000000001
40
0.25
40
0.29999999999999999
40
0.34999999999999998
40
0.39999999999999997
40
0.44999999999999996
40
0.49999999999999994
40
0.54999999999999993
40
0.59999999999999998
40
0.65000000000000002
40
0.70000000000000007
40
0.75000000000000011
40
0.80000000000000016
40
0.8500000000000002
40
0.90000000000000024
40
0.95000000000000029
40
1
40
1
40
1
40
1
40
1
40
1
41
1
41
1
41
1
41
1
41
1
41
1
41
1
41
1
41
1
41
1
41
1
41
1
41
1
41
1
41
1
41
1
41
1
41
1
41
1
41
1
41
1
41
1
41
1
41
1
41
1
10
-26.868624551639762
20
45.109752403647903
30
0
10
-26.91968001880398
20
45.259388789874947
30
0
10
-27.010073836260734
20
45.569138934378714
30
0
10
-27.110513235434301
20
46.065196373339134
30
0
10
-27.173842713765758
20
46.789726387150594
30
0
10
-27.134087510058702
20
47.800238788872804
30
0
10
-26.974577837540664
20
48.911860366547373
30
0
10
-26.695964730396973
20
50.115012652103836
30
0
10
-26.301603170832749
20
51.391510883584644
30
0
10
-25.798786782559887
20
52.712019972922022
30
0
10
-25.20039701238084
20
54.032283364148022
30
0
10
-24.524252515908323
20
55.298259287835087
30
0
10
-23.792190437956936
20
56.452583749675718
30
0
10
-23.02940722830817
20
57.440592561021347
30
0
10
-22.263800379502111
20
58.216508234655883
30
0
10
-21.52544948140061
20
58.75017285593372
30
0
10
-20.845980453189345
20
59.03323194586288
30
0
10
-20.258273496047043
20
59.088187547451014
30
0
10
-19.793413049758147
20
58.956427160987424
30
0
10
-19.47751010063304
20
58.684270724071162
30
0
10
-19.327658142703037
20
58.308386140944812
30
0
10
-19.345685439240953
20
57.939062281548516
30
0
10
-19.437139362489162
20
57.626612668199883
30
0
10
-19.532596753043919
20
57.402599703457888
30
0
10
-19.588947948978745
20
57.286665993553612
30
0
0
SPLINE
5
345
100
AcDbEntity
8
0
100
AcDbSpline
70
4
71
5
72
41
73
35
74
0
42
0.000000001
43
0.0000000001
44
0.0000000001
40
0
40
0
40
0
40
0
40
0
40
0
40
0.033333333333333333
40
0.066666666666666666
40
0.10000000000000001
40
0.13333333333333333
40
0.16666666666666666
40
0.19999999999999998
40
0.23333333333333331
40
0.26666666666666666
40
0.29999999999999999
40
0.33333333333333331
40
0.36666666666666664
40
0.39999999999999997
40
0.43333333333333329
40
0.46666666666666662
40
0.49999999999999994
40
0.53333333333333333
40
0.56666666666666665
40
0.59999999999999998
40
0.6333333333333333
40
0.66666666666666663
40
0.69999999999999996
40
0.73333333333333328
40
0.76666666666666661
40
0.79999999999999993
40
0.83333333333333326
40
0.86666666666666659
40
0.89999999999999991
40
0.93333333333333324
40
0.96666666666666656
40
1
40
1
40
1
40
1
40
1
40
1
41
1
41
1
41
1
41
1
41
1
41
1
41
1
41
1
41
1
41
1
41
1
41
1
41
1
41
1
41
1
41
1
41
1
41
1
41
1
41
1
41
1
41
1
41
1
41
1
41
1
41
1
41
1
41
1
41
1
41
1
41
1
41
1
41
1
41
1
41
1
10
-26.868624551639762
20
45.109752403647903
30
0
10
-26.9969623362527
20
45.226862069607904
30
0
10
-27.238472655437892
20
45.477681288650672
30
0
10
-27.555242353101477
20
45.903709887714832
30
0
10
-27.886445888620955
20
46.571526988132696
30
0
10
-28.148348284083198
20
47.571756290655415
30
0
10
-28.259304043806232
20
48.733064547857516
30
0
10
-28.222902229069152
20
50.045299183517784
30
0
10
-28.046354842494516
20
51.490111029213452
30
0
10
-27.741613338246832
20
53.038768465481539
30
0
10
-27.326806346330805
20
54.649169655637891
30
0
10
-26.826928546823208
20
56.264890817866906
30
0
10
-26.271202470123729
20
57.82312890379022
30
0
10
-25.690971159369532
20
59.261274612851778
30
0
10
-25.117406815475892
20
60.524086029723236
30
0
10
-24.579334317832767
20
61.570509298012595
30
0
10
-24.100934817374423
20
62.381149803849347
30
0
10
-23.699599625257829
20
62.9647970359052
30
0
10
-23.383337312452088
20
63.367671044988747
30
0
10
-23.149256285375838
20
63.67561679661685
30
0
10
-22.987617378337642
20
63.979107559186147
30
0
10
-22.885186078777334
20
64.343484495327786
30
0
10
-22.828645272761868
20
64.776155706883017
30
0
10
-22.811571108890156
20
65.248817361172641
30
0
10
-22.840791871910426
20
65.719105686003502
30
0
10
-22.944714930033562
20
66.154399199372349
30
0
10
-23.163950574061989
20
66.532116947462541
30
0
10
-23.540444007164712
20
66.836796193265656
30
0
10
-24.105170186962571
20
67.058223681983989
30
0
10
-24.876939518409721
20
67.190012455878843
30
0
10
-25.866209405998074
20
67.22881421410078
30
0
10
-26.834970865114908
20
67.184438685726803
30
0
10
-27.661574405842227
20
67.10870058563853
30
0
10
-28.257019916736766
20
67.039372864987584
30
0
10
-28.565836909525459
20
67.000000104308128
30
0
0
SPLINE
5
346
100
AcDbEntity
8
0
100
AcDbSpline
70
4
71
5
72
26
73
20
74
0
42
0.000000001
43
0.0000000001
44
0.0000000001
40
0
40
0
40
0
40
0
40
0
40
0
40
0.066666666666666666
40
0.13333333333333333
40
0.20000000000000001
40
0.26666666666666666
40
0.33333333333333331
40
0.39999999999999997
40
0.46666666666666662
40
0.53333333333333333
40
0.59999999999999998
40
0.66666666666666663
40
0.73333333333333328
40
0.79999999999999993
40
0.86666666666666659
40
0.93333333333333324
40
1
40
1
40
1
40
1
40
1
40
1
41
1
41
1
41
1
41
1
41
1
41
1
41
1
41
1
41
1
41
1
41
1
41
1
41
1
41
1
41
1
41
1
41
1
41
1
41
1
41
1
10
-12.706344615553782
20
48.683411826772414
30
0
10
-12.873653019162726
20
48.491233330881286
30
0
10
-13.202300003261485
20
48.10069148949551
30
0
10
-13.677361181410978
20
47.496324668142023
30
0
10
-14.274695666644055
20
46.653120059044554
30
0
10
-14.959296219442741
20
45.536283015002681
30
0
10
-15.578750315671243
20
44.357832363158508
30
0
10
-16.129126648254161
20
43.122689654428299
30
0
10
-16.606012625507105
20
41.841278108040555
30
0
10
-17.005200243988881
20
40.532515851017159
30
0
10
-17.32305207604281
20
39.224016106203663
30
0
10
-17.556250918271932
20
37.947467244916396
30
0
10
-17.701939473785725
20
36.735302030257479
30
0
10
-17.758022500567414
20
35.61675562828065
30
0
10
-17.723687306034389
20
34.614078514073142
30
0
10
-17.600284207154814
20
33.737803415708605
30
0
10
-17.432123878193462
20
33.140108311302619
30
0
10
-17.267862271678037
20
32.749497853253999
30
0
10
-17.141525938293931
20
32.51453104270216
30
0
10
-17.074150577150391
20
32.403407788094121
30
0
0
SPLINE
5
347
100
AcDbEntity
8
0
100
AcDbSpline
70
4
71
5
72
26
73
20
74
0
42
0.000000001
43
0.0000000001
44
0.0000000001
40
0
40
0
40
0
40
0
40
0
40
0
40
0.066666666666666666
40
0.13333333333333333
40
0.20000000000000001
40
0.26666666666666666
40
0.33333333333333331
40
0.39999999999999997
40
0.46666666666666662
40
0.53333333333333333
40
0.59999999999999998
40
0.66666666666666663
40
0.73333333333333328
40
0.79999999999999993
40
0.86666666666666659
40
0.93333333333333324
40
1
40
1
40
1
40
1
40
1
40
1
41
1
41
1
41
1
41
1
41
1
41
1
41
1
41
1
41
1
41
1
41
1
41
1
41
1
41
1
41
1
41
1
41
1
41
1
41
1
41
1
10
-12.706344615553782
20
48.683411826772414
30
0
10
-12.873653019162726
20
48.491233330881286
30
0
10
-13.202300003261485
20
48.10069148949551
30
0
10
-13.677361181410978
20
47.496324668142023
30
0
10
-14.274695666644055
20
46.653120059044554
30
0
10
-14.959296219442741
20
45.536283015002681
30
0
10
-15.578750315671243
20
44.357832363158508
30
0
10
-16.129126648254161
20
43.122689654428299
30
0
10
-16.606012625507105
20
41.841278108040555
30
0
10
-17.005200243988881
20
40.532515851017159
30
0
10
-17.32305207604281
20
39.224016106203663
30
0
10
-17.556250918271932
20
37.947467244916396
30
0
10
-17.701939473785725
20
36.735302030257479
30
0
10
-17.758022500567414
20
35.61675562828065
30
0
10
-17.723687306034389
20
34.614078514073142
30
0
10
-17.600284207154814
20
33.737803415708605
30
0
10
-17.432123878193462
20
33.140108311302619
30
0
10
-17.267862271678037
20
32.749497853253999
30
0
10
-17.141525938293931
20
32.51453104270216
30
0
10
-17.074150577150391
20
32.403407788094121
30
0
0
SPLINE
5
348
100
AcDbEntity
8
0
100
AcDbSpline
70
4
71
5
72
41
73
35
74
0
42
0.000000001
43
0.0000000001
44
0.0000000001
40
0
40
0
40
0
40
0
40
0
40
0
40
0.033333333333333333
40
0.066666666666666666
40
0.10000000000000001
40
0.13333333333333333
40
0.16666666666666666
40
0.19999999999999998
40
0.23333333333333331
40
0.26666666666666666
40
0.29999999999999999
40
0.33333333333333331
40
0.36666666666666664
40
0.39999999999999997
40
0.43333333333333329
40
0.46666666666666662
40
0.49999999999999994
40
0.53333333333333333
40
0.56666666666666665
40
0.59999999999999998
40
0.6333333333333333
40
0.66666666666666663
40
0.69999999999999996
40
0.73333333333333328
40
0.76666666666666661
40
0.79999999999999993
40
0.83333333333333326
40
0.86666666666666659
40
0.89999999999999991
40
0.93333333333333324
40
0.96666666666666656
40
1
40
1
40
1
40
1
40
1
40
1
41
1
41
1
41
1
41
1
41
1
41
1
41
1
41
1
41
1
41
1
41
1
41
1
41
1
41
1
41
1
41
1
41
1
41
1
41
1
41
1
41
1
41
1
41
1
41
1
41
1
41
1
41
1
41
1
41
1
41
1
41
1
41
1
41
1
41
1
41
1
10
-26.868624551639762
20
45.109752403647903
30
0
10
-26.9969623362527
20
45.226862069607904
30
0
10
-27.238472655437892
20
45.477681288650672
30
0
10
-27.555242353101477
20
45.903709887714832
30
0
10
-27.886445888620955
20
46.571526988132696
30
0
10
-28.148348284083198
20
47.571756290655415
30
0
10
-28.259304043806232
20
48.733064547857516
30
0
10
-28.222902229069152
20
50.045299183517784
30
0
10
-28.046354842494516
20
51.490111029213452
30
0
10
-27.741613338246832
20
53.038768465481539
30
0
10
-27.326806346330805
20
54.649169655637891
30
0
10
-26.826928546823208
20
56.264890817866906
30
0
10
-26.271202470123729
20
57.82312890379022
30
0
10
-25.690971159369532
20
59.261274612851778
30
0
10
-25.117406815475892
20
60.524086029723236
30
0
10
-24.579334317832767
20
61.570509298012595
30
0
10
-24.100934817374423
20
62.381149803849347
30
0
10
-23.699599625257829
20
62.9647970359052
30
0
10
-23.383337312452088
20
63.367671044988747
30
0
10
-23.149256285375838
20
63.67561679661685
30
0
10
-22.987617378337642
20
63.979107559186147
30
0
10
-22.885186078777334
20
64.343484495327786
30
0
10
-22.828645272761868
20
64.776155706883017
30
0
10
-22.811571108890156
20
65.248817361172641
30
0
10
-22.840791871910426
20
65.719105686003502
30
0
10
-22.944714930033562
20
66.154399199372349
30
0
10
-23.163950574061989
20
66.532116947462541
30
0
10
-23.540444007164712
20
66.836796193265656
30
0
10
-24.105170186962571
20
67.058223681983989
30
0
10
-24.876939518409721
20
67.190012455878843
30
0
10
-25.866209405998074
20
67.22881421410078
30
0
10
-26.834970865114908
20
67.184438685726803
30
0
10
-27.661574405842227
20
67.10870058563853
30
0
10
-28.257019916736766
20
67.039372864987584
30
0
10
-28.565836909525459
20
67.000000104308128
30
0
0
LINE
5
349
100
AcDbEntity
8
0
100
AcDbLine
10
-28.565836909525459
20
68.983351762963011
30
0
11
-28.565836909525459
21
67.000000104308128
31
0
0
LINE
5
350
100
AcDbEntity
8
0
100
AcDbLine
10
5.000000074505806
20
84.000000357627869
30
0
11
4.8557580967688345
21
84.475334922201583
31
0
0
LINE
5
351
100
AcDbEntity
8
0
100
AcDbLine
10
2.500000037252903
20
87.000000402331352
30
0
11
1.3244321100990231
21
87.959741189132657
31
0
0
LINE
5
352
100
AcDbEntity
8
0
100
AcDbLine
10
1.3244321100990231
20
87.959741189132657
30
0
11
1.1111289937425362
21
94.764110600904615
31
0
0
LINE
5
353
100
AcDbEntity
8
0
100
AcDbLine
10
4.1518578127924259
20
84.000000357627869
30
0
11
3.1757091017357011
21
85.445532423094747
31
0
0
LINE
5
354
100
AcDbEntity
8
0
100
AcDbLine
10
4.8557580967688345
20
84.475334922201583
30
0
11
4.1518578127924259
21
84.000000357627869
31
0
0
LINE
5
355
100
AcDbEntity
8
0
100
AcDbLine
10
5.000000074505806
20
84.000000357627869
30
0
11
4.8557580967688345
21
84.475334922201583
31
0
0
LINE
5
356
100
AcDbEntity
8
0
100
AcDbLine
10
4.8557580967688345
20
84.475334922201583
30
0
11
4.1518578127924259
21
84.000000357627869
31
0
0
LINE
5
357
100
AcDbEntity
8
0
100
AcDbLine
10
4.1518578127924259
20
84.000000357627869
30
0
11
3.1757091017357011
21
85.445532423094747
31
0
0
LINE
5
358
100
AcDbEntity
8
0
100
AcDbLine
10
2.500000037252903
20
87.000000402331352
30
0
11
1.3244321100990231
21
87.959741189132657
31
0
0
ENDSEC
0
SECTION
2
OBJECTS
0
DICTIONARY
5
C
100
AcDbDictionary
3
ACAD_GROUP
350
D
3
ACAD_MLINESTYLE
350
17
0
DICTIONARY
5
D
100
AcDbDictionary
0
DICTIONARY
5
1A
330
C
100
AcDbDictionary
0
DICTIONARY
5
17
100
AcDbDictionary
0
ENDSEC
0
EOF
