ISO-10303-21;
HEADER;
/* Generated by software containing ST-Developer
 * from STEP Tools, Inc. (www.steptools.com) 
 */
/* OPTION: using custom renumber hook */

FILE_DESCRIPTION(
/* description */ ('STEP AP242',
'CAx-IF Rec.Pracs.---Representation and Presentation of Product Manufa
cturing Information (PMI)---4.0---2014-10-13',
'CAx-IF Rec.Pracs.---3D Tessellated Geometry---0.4---2014-09-14','2;1'),

/* implementation_level */ '2;1');

FILE_NAME(
/* name */ '6716b47f764a530376bfd54b',
/* time_stamp */ '2024-10-21T20:07:27Z',
/* author */ (''),
/* organization */ (''),
/* preprocessor_version */ 'ST-DEVELOPER v20',
/* originating_system */ '  ',
/* authorisation */ '  ');

FILE_SCHEMA (('AP242_MANAGED_MODEL_BASED_3D_ENGINEERING_MIM_LF { 1 0 10303 442 1 1 4 }'));
ENDSEC;

DATA;
#10=SHAPE_REPRESENTATION_RELATIONSHIP('','',#1903,#11);
#11=ADVANCED_BREP_SHAPE_REPRESENTATION('',(#1901),#3319);
#12=CONICAL_SURFACE('',#2123,0.00350249990533211,0.785398163397448);
#13=CONICAL_SURFACE('',#2124,0.00350249990533215,0.785398163397448);
#14=CONICAL_SURFACE('',#2125,0.00325,0.785398163397449);
#15=CONICAL_SURFACE('',#2126,0.00325,0.785398163397448);
#16=CONICAL_SURFACE('',#2129,0.00275,0.785398163397449);
#17=CONICAL_SURFACE('',#2130,0.004,0.785398163397448);
#18=CONICAL_SURFACE('',#2131,0.00125,0.785398163397449);
#19=CONICAL_SURFACE('',#2132,0.00425249990533215,0.785398163397449);
#20=CONICAL_SURFACE('',#2135,0.00125,0.785398163397449);
#21=CONICAL_SURFACE('',#2136,0.00425249990533211,0.785398163397448);
#22=CONICAL_SURFACE('',#2137,0.00275,0.785398163397449);
#23=CONICAL_SURFACE('',#2138,0.004,0.785398163397448);
#24=CYLINDRICAL_SURFACE('',#1948,0.004);
#25=CYLINDRICAL_SURFACE('',#1951,0.004);
#26=CYLINDRICAL_SURFACE('',#1954,0.004);
#27=CYLINDRICAL_SURFACE('',#1957,0.004);
#28=CYLINDRICAL_SURFACE('',#1961,0.00500249990533211);
#29=CYLINDRICAL_SURFACE('',#1986,0.00500249990533216);
#30=CYLINDRICAL_SURFACE('',#1988,0.00500249990533209);
#31=CYLINDRICAL_SURFACE('',#1989,0.0035);
#32=CYLINDRICAL_SURFACE('',#1991,0.00500249990533215);
#33=CYLINDRICAL_SURFACE('',#1992,0.0035);
#34=CYLINDRICAL_SURFACE('',#1996,0.004);
#35=CYLINDRICAL_SURFACE('',#1998,0.00350249990533211);
#36=CYLINDRICAL_SURFACE('',#2001,0.00350249990533215);
#37=CYLINDRICAL_SURFACE('',#2003,0.004);
#38=CYLINDRICAL_SURFACE('',#2006,0.004);
#39=CYLINDRICAL_SURFACE('',#2008,0.00350249990533215);
#40=CYLINDRICAL_SURFACE('',#2011,0.00350249990533211);
#41=CYLINDRICAL_SURFACE('',#2013,0.004);
#42=CYLINDRICAL_SURFACE('',#2015,0.00215);
#43=CYLINDRICAL_SURFACE('',#2018,0.00215);
#44=CYLINDRICAL_SURFACE('',#2021,0.00215);
#45=CYLINDRICAL_SURFACE('',#2025,0.00215);
#46=CYLINDRICAL_SURFACE('',#2064,0.004);
#47=CYLINDRICAL_SURFACE('',#2065,0.004);
#48=CYLINDRICAL_SURFACE('',#2072,0.001249998128324);
#49=CYLINDRICAL_SURFACE('',#2073,0.001249998128324);
#50=CYLINDRICAL_SURFACE('',#2080,0.001249998128324);
#51=CYLINDRICAL_SURFACE('',#2081,0.001249998128324);
#52=CYLINDRICAL_SURFACE('',#2084,0.001249998128324);
#53=CYLINDRICAL_SURFACE('',#2085,0.00124999812832401);
#54=CYLINDRICAL_SURFACE('',#2088,0.001249998128324);
#55=CYLINDRICAL_SURFACE('',#2089,0.001249998128324);
#56=CYLINDRICAL_SURFACE('',#2090,0.0012);
#57=CYLINDRICAL_SURFACE('',#2094,0.002);
#58=CYLINDRICAL_SURFACE('',#2095,0.0012);
#59=CYLINDRICAL_SURFACE('',#2099,0.002);
#60=CYLINDRICAL_SURFACE('',#2100,0.001);
#61=CYLINDRICAL_SURFACE('',#2101,0.001);
#62=CYLINDRICAL_SURFACE('',#2102,0.001);
#63=CYLINDRICAL_SURFACE('',#2103,0.001);
#64=CYLINDRICAL_SURFACE('',#2104,0.001);
#65=CYLINDRICAL_SURFACE('',#2105,0.001);
#66=CYLINDRICAL_SURFACE('',#2106,0.001);
#67=CYLINDRICAL_SURFACE('',#2107,0.001);
#68=CYLINDRICAL_SURFACE('',#2108,0.001);
#69=CYLINDRICAL_SURFACE('',#2109,0.001);
#70=CYLINDRICAL_SURFACE('',#2110,0.001);
#71=CYLINDRICAL_SURFACE('',#2111,0.001);
#72=CYLINDRICAL_SURFACE('',#2112,0.001);
#73=CYLINDRICAL_SURFACE('',#2113,0.001);
#74=CYLINDRICAL_SURFACE('',#2114,0.002);
#75=CYLINDRICAL_SURFACE('',#2116,0.002);
#76=CYLINDRICAL_SURFACE('',#2118,0.002);
#77=CYLINDRICAL_SURFACE('',#2120,0.002);
#78=CIRCLE('',#1906,0.002);
#79=CIRCLE('',#1907,0.002);
#80=CIRCLE('',#1908,0.002);
#81=CIRCLE('',#1909,0.002);
#82=CIRCLE('',#1910,0.004);
#83=CIRCLE('',#1911,0.00350249990533211);
#84=CIRCLE('',#1912,0.00350249990533215);
#85=CIRCLE('',#1913,0.004);
#86=CIRCLE('',#1914,0.004);
#87=CIRCLE('',#1915,0.00350249990533215);
#88=CIRCLE('',#1916,0.00350249990533211);
#89=CIRCLE('',#1917,0.004);
#90=CIRCLE('',#1918,0.001249998128324);
#91=CIRCLE('',#1919,0.00215);
#92=CIRCLE('',#1920,0.001249998128324);
#93=CIRCLE('',#1921,0.004);
#94=CIRCLE('',#1922,0.001);
#95=CIRCLE('',#1923,0.001);
#96=CIRCLE('',#1924,0.004);
#97=CIRCLE('',#1925,0.001249998128324);
#98=CIRCLE('',#1926,0.00215);
#99=CIRCLE('',#1927,0.001249998128324);
#100=CIRCLE('',#1928,0.001);
#101=CIRCLE('',#1929,0.00500249990533215);
#102=CIRCLE('',#1930,0.00500249990533211);
#103=CIRCLE('',#1931,0.001);
#104=CIRCLE('',#1932,0.001249998128324);
#105=CIRCLE('',#1933,0.00215);
#106=CIRCLE('',#1934,0.001249998128324);
#107=CIRCLE('',#1935,0.004);
#108=CIRCLE('',#1936,0.001);
#109=CIRCLE('',#1937,0.001);
#110=CIRCLE('',#1938,0.001);
#111=CIRCLE('',#1939,0.001);
#112=CIRCLE('',#1940,0.004);
#113=CIRCLE('',#1941,0.001249998128324);
#114=CIRCLE('',#1942,0.00215);
#115=CIRCLE('',#1943,0.00124999812832401);
#116=CIRCLE('',#1944,0.001);
#117=CIRCLE('',#1945,0.00500249990533209);
#118=CIRCLE('',#1946,0.00500249990533216);
#119=CIRCLE('',#1947,0.001);
#120=CIRCLE('',#1949,0.004);
#121=CIRCLE('',#1950,0.004);
#122=CIRCLE('',#1952,0.004);
#123=CIRCLE('',#1953,0.004);
#124=CIRCLE('',#1955,0.004);
#125=CIRCLE('',#1956,0.004);
#126=CIRCLE('',#1958,0.004);
#127=CIRCLE('',#1959,0.004);
#128=CIRCLE('',#1962,0.00500249990533211);
#129=CIRCLE('',#1964,0.001);
#130=CIRCLE('',#1965,0.001);
#131=CIRCLE('',#1966,0.00500249990533216);
#132=CIRCLE('',#1967,0.00500249990533209);
#133=CIRCLE('',#1968,0.001);
#134=CIRCLE('',#1969,0.004);
#135=CIRCLE('',#1970,0.001);
#136=CIRCLE('',#1971,0.0035);
#137=CIRCLE('',#1972,0.001);
#138=CIRCLE('',#1973,0.001);
#139=CIRCLE('',#1974,0.001);
#140=CIRCLE('',#1975,0.001);
#141=CIRCLE('',#1976,0.001);
#142=CIRCLE('',#1977,0.001);
#143=CIRCLE('',#1978,0.00500249990533215);
#144=CIRCLE('',#1979,0.001);
#145=CIRCLE('',#1980,0.004);
#146=CIRCLE('',#1981,0.001);
#147=CIRCLE('',#1982,0.0035);
#148=CIRCLE('',#1983,0.001);
#149=CIRCLE('',#1984,0.001);
#150=CIRCLE('',#1990,0.0035);
#151=CIRCLE('',#1993,0.0035);
#152=CIRCLE('',#1997,0.004);
#153=CIRCLE('',#1999,0.00350249990533211);
#154=CIRCLE('',#2002,0.00350249990533215);
#155=CIRCLE('',#2004,0.004);
#156=CIRCLE('',#2007,0.004);
#157=CIRCLE('',#2009,0.00350249990533215);
#158=CIRCLE('',#2012,0.00350249990533211);
#159=CIRCLE('',#2014,0.004);
#160=CIRCLE('',#2016,0.00215);
#161=CIRCLE('',#2017,0.00215);
#162=CIRCLE('',#2019,0.00215);
#163=CIRCLE('',#2020,0.00215);
#164=CIRCLE('',#2022,0.00215);
#165=CIRCLE('',#2023,0.00215);
#166=CIRCLE('',#2026,0.00215);
#167=CIRCLE('',#2027,0.00215);
#168=CIRCLE('',#2029,0.00275);
#169=CIRCLE('',#2030,0.00325);
#170=CIRCLE('',#2031,0.00425249990533211);
#171=CIRCLE('',#2032,0.00425249990533215);
#172=CIRCLE('',#2033,0.00325);
#173=CIRCLE('',#2034,0.00325);
#174=CIRCLE('',#2035,0.00425249990533215);
#175=CIRCLE('',#2036,0.00425249990533211);
#176=CIRCLE('',#2037,0.00325);
#177=CIRCLE('',#2038,0.00275);
#178=CIRCLE('',#2039,0.00125);
#179=CIRCLE('',#2040,0.00125);
#180=CIRCLE('',#2041,0.002);
#181=CIRCLE('',#2042,0.002);
#182=CIRCLE('',#2049,0.0012);
#183=CIRCLE('',#2050,0.001);
#184=CIRCLE('',#2051,0.001);
#185=CIRCLE('',#2052,0.004);
#186=CIRCLE('',#2053,0.001);
#187=CIRCLE('',#2054,0.001249998128324);
#188=CIRCLE('',#2055,0.001249998128324);
#189=CIRCLE('',#2057,0.0012);
#190=CIRCLE('',#2058,0.001);
#191=CIRCLE('',#2059,0.001);
#192=CIRCLE('',#2060,0.004);
#193=CIRCLE('',#2061,0.001);
#194=CIRCLE('',#2062,0.00124999812832401);
#195=CIRCLE('',#2063,0.001249998128324);
#196=CIRCLE('',#2069,0.001249998128324);
#197=CIRCLE('',#2070,0.001);
#198=CIRCLE('',#2071,0.001249998128324);
#199=CIRCLE('',#2077,0.001249998128324);
#200=CIRCLE('',#2078,0.001);
#201=CIRCLE('',#2079,0.001249998128324);
#202=CIRCLE('',#2091,0.0012);
#203=CIRCLE('',#2093,0.002);
#204=CIRCLE('',#2096,0.0012);
#205=CIRCLE('',#2098,0.002);
#206=CIRCLE('',#2115,0.002);
#207=CIRCLE('',#2117,0.002);
#208=CIRCLE('',#2119,0.002);
#209=CIRCLE('',#2121,0.002);
#210=ORIENTED_EDGE('',*,*,#762,.T.);
#211=ORIENTED_EDGE('',*,*,#763,.T.);
#212=ORIENTED_EDGE('',*,*,#764,.T.);
#213=ORIENTED_EDGE('',*,*,#765,.F.);
#214=ORIENTED_EDGE('',*,*,#766,.T.);
#215=ORIENTED_EDGE('',*,*,#767,.T.);
#216=ORIENTED_EDGE('',*,*,#768,.F.);
#217=ORIENTED_EDGE('',*,*,#769,.T.);
#218=ORIENTED_EDGE('',*,*,#770,.F.);
#219=ORIENTED_EDGE('',*,*,#771,.F.);
#220=ORIENTED_EDGE('',*,*,#772,.F.);
#221=ORIENTED_EDGE('',*,*,#773,.T.);
#222=ORIENTED_EDGE('',*,*,#774,.F.);
#223=ORIENTED_EDGE('',*,*,#775,.F.);
#224=ORIENTED_EDGE('',*,*,#776,.T.);
#225=ORIENTED_EDGE('',*,*,#777,.T.);
#226=ORIENTED_EDGE('',*,*,#778,.T.);
#227=ORIENTED_EDGE('',*,*,#779,.F.);
#228=ORIENTED_EDGE('',*,*,#780,.F.);
#229=ORIENTED_EDGE('',*,*,#781,.T.);
#230=ORIENTED_EDGE('',*,*,#782,.F.);
#231=ORIENTED_EDGE('',*,*,#783,.T.);
#232=ORIENTED_EDGE('',*,*,#784,.F.);
#233=ORIENTED_EDGE('',*,*,#785,.F.);
#234=ORIENTED_EDGE('',*,*,#786,.T.);
#235=ORIENTED_EDGE('',*,*,#787,.T.);
#236=ORIENTED_EDGE('',*,*,#788,.T.);
#237=ORIENTED_EDGE('',*,*,#789,.F.);
#238=ORIENTED_EDGE('',*,*,#790,.F.);
#239=ORIENTED_EDGE('',*,*,#791,.T.);
#240=ORIENTED_EDGE('',*,*,#792,.T.);
#241=ORIENTED_EDGE('',*,*,#793,.T.);
#242=ORIENTED_EDGE('',*,*,#794,.F.);
#243=ORIENTED_EDGE('',*,*,#795,.T.);
#244=ORIENTED_EDGE('',*,*,#796,.F.);
#245=ORIENTED_EDGE('',*,*,#797,.T.);
#246=ORIENTED_EDGE('',*,*,#798,.F.);
#247=ORIENTED_EDGE('',*,*,#799,.T.);
#248=ORIENTED_EDGE('',*,*,#800,.F.);
#249=ORIENTED_EDGE('',*,*,#801,.T.);
#250=ORIENTED_EDGE('',*,*,#802,.F.);
#251=ORIENTED_EDGE('',*,*,#803,.T.);
#252=ORIENTED_EDGE('',*,*,#804,.F.);
#253=ORIENTED_EDGE('',*,*,#805,.F.);
#254=ORIENTED_EDGE('',*,*,#806,.T.);
#255=ORIENTED_EDGE('',*,*,#807,.T.);
#256=ORIENTED_EDGE('',*,*,#808,.F.);
#257=ORIENTED_EDGE('',*,*,#809,.T.);
#258=ORIENTED_EDGE('',*,*,#810,.F.);
#259=ORIENTED_EDGE('',*,*,#811,.T.);
#260=ORIENTED_EDGE('',*,*,#812,.T.);
#261=ORIENTED_EDGE('',*,*,#813,.T.);
#262=ORIENTED_EDGE('',*,*,#814,.T.);
#263=ORIENTED_EDGE('',*,*,#815,.F.);
#264=ORIENTED_EDGE('',*,*,#816,.F.);
#265=ORIENTED_EDGE('',*,*,#817,.T.);
#266=ORIENTED_EDGE('',*,*,#818,.T.);
#267=ORIENTED_EDGE('',*,*,#819,.T.);
#268=ORIENTED_EDGE('',*,*,#820,.F.);
#269=ORIENTED_EDGE('',*,*,#821,.T.);
#270=ORIENTED_EDGE('',*,*,#822,.F.);
#271=ORIENTED_EDGE('',*,*,#823,.F.);
#272=ORIENTED_EDGE('',*,*,#824,.F.);
#273=ORIENTED_EDGE('',*,*,#825,.T.);
#274=ORIENTED_EDGE('',*,*,#789,.T.);
#275=ORIENTED_EDGE('',*,*,#826,.T.);
#276=ORIENTED_EDGE('',*,*,#827,.T.);
#277=ORIENTED_EDGE('',*,*,#828,.T.);
#278=ORIENTED_EDGE('',*,*,#829,.T.);
#279=ORIENTED_EDGE('',*,*,#830,.F.);
#280=ORIENTED_EDGE('',*,*,#831,.T.);
#281=ORIENTED_EDGE('',*,*,#832,.T.);
#282=ORIENTED_EDGE('',*,*,#833,.T.);
#283=ORIENTED_EDGE('',*,*,#834,.F.);
#284=ORIENTED_EDGE('',*,*,#815,.T.);
#285=ORIENTED_EDGE('',*,*,#835,.T.);
#286=ORIENTED_EDGE('',*,*,#836,.T.);
#287=ORIENTED_EDGE('',*,*,#837,.T.);
#288=ORIENTED_EDGE('',*,*,#785,.T.);
#289=ORIENTED_EDGE('',*,*,#838,.F.);
#290=ORIENTED_EDGE('',*,*,#839,.T.);
#291=ORIENTED_EDGE('',*,*,#840,.T.);
#292=ORIENTED_EDGE('',*,*,#841,.T.);
#293=ORIENTED_EDGE('',*,*,#842,.T.);
#294=ORIENTED_EDGE('',*,*,#805,.T.);
#295=ORIENTED_EDGE('',*,*,#843,.F.);
#296=ORIENTED_EDGE('',*,*,#844,.T.);
#297=ORIENTED_EDGE('',*,*,#845,.T.);
#298=ORIENTED_EDGE('',*,*,#807,.F.);
#299=ORIENTED_EDGE('',*,*,#846,.T.);
#300=ORIENTED_EDGE('',*,*,#847,.F.);
#301=ORIENTED_EDGE('',*,*,#848,.F.);
#302=ORIENTED_EDGE('',*,*,#849,.T.);
#303=ORIENTED_EDGE('',*,*,#850,.T.);
#304=ORIENTED_EDGE('',*,*,#798,.T.);
#305=ORIENTED_EDGE('',*,*,#851,.T.);
#306=ORIENTED_EDGE('',*,*,#852,.T.);
#307=ORIENTED_EDGE('',*,*,#853,.T.);
#308=ORIENTED_EDGE('',*,*,#836,.F.);
#309=ORIENTED_EDGE('',*,*,#854,.T.);
#310=ORIENTED_EDGE('',*,*,#855,.F.);
#311=ORIENTED_EDGE('',*,*,#856,.F.);
#312=ORIENTED_EDGE('',*,*,#857,.F.);
#313=ORIENTED_EDGE('',*,*,#858,.T.);
#314=ORIENTED_EDGE('',*,*,#859,.F.);
#315=ORIENTED_EDGE('',*,*,#860,.T.);
#316=ORIENTED_EDGE('',*,*,#861,.F.);
#317=ORIENTED_EDGE('',*,*,#862,.T.);
#318=ORIENTED_EDGE('',*,*,#831,.F.);
#319=ORIENTED_EDGE('',*,*,#863,.T.);
#320=ORIENTED_EDGE('',*,*,#864,.T.);
#321=ORIENTED_EDGE('',*,*,#865,.T.);
#322=ORIENTED_EDGE('',*,*,#866,.T.);
#323=ORIENTED_EDGE('',*,*,#867,.F.);
#324=ORIENTED_EDGE('',*,*,#868,.T.);
#325=ORIENTED_EDGE('',*,*,#869,.F.);
#326=ORIENTED_EDGE('',*,*,#847,.T.);
#327=ORIENTED_EDGE('',*,*,#870,.T.);
#328=ORIENTED_EDGE('',*,*,#841,.F.);
#329=ORIENTED_EDGE('',*,*,#871,.T.);
#330=ORIENTED_EDGE('',*,*,#849,.F.);
#331=ORIENTED_EDGE('',*,*,#872,.T.);
#332=ORIENTED_EDGE('',*,*,#873,.F.);
#333=ORIENTED_EDGE('',*,*,#874,.T.);
#334=ORIENTED_EDGE('',*,*,#875,.F.);
#335=ORIENTED_EDGE('',*,*,#876,.T.);
#336=ORIENTED_EDGE('',*,*,#877,.F.);
#337=ORIENTED_EDGE('',*,*,#878,.T.);
#338=ORIENTED_EDGE('',*,*,#827,.F.);
#339=ORIENTED_EDGE('',*,*,#879,.T.);
#340=ORIENTED_EDGE('',*,*,#787,.F.);
#341=ORIENTED_EDGE('',*,*,#880,.T.);
#342=ORIENTED_EDGE('',*,*,#852,.F.);
#343=ORIENTED_EDGE('',*,*,#881,.T.);
#344=ORIENTED_EDGE('',*,*,#855,.T.);
#345=ORIENTED_EDGE('',*,*,#882,.T.);
#346=ORIENTED_EDGE('',*,*,#824,.T.);
#347=ORIENTED_EDGE('',*,*,#883,.T.);
#348=ORIENTED_EDGE('',*,*,#864,.F.);
#349=ORIENTED_EDGE('',*,*,#884,.T.);
#350=ORIENTED_EDGE('',*,*,#813,.F.);
#351=ORIENTED_EDGE('',*,*,#885,.T.);
#352=ORIENTED_EDGE('',*,*,#822,.T.);
#353=ORIENTED_EDGE('',*,*,#886,.T.);
#354=ORIENTED_EDGE('',*,*,#857,.T.);
#355=ORIENTED_EDGE('',*,*,#887,.F.);
#356=ORIENTED_EDGE('',*,*,#888,.T.);
#357=ORIENTED_EDGE('',*,*,#889,.T.);
#358=ORIENTED_EDGE('',*,*,#861,.T.);
#359=ORIENTED_EDGE('',*,*,#890,.T.);
#360=ORIENTED_EDGE('',*,*,#796,.T.);
#361=ORIENTED_EDGE('',*,*,#891,.T.);
#362=ORIENTED_EDGE('',*,*,#873,.T.);
#363=ORIENTED_EDGE('',*,*,#892,.F.);
#364=ORIENTED_EDGE('',*,*,#877,.T.);
#365=ORIENTED_EDGE('',*,*,#893,.T.);
#366=ORIENTED_EDGE('',*,*,#894,.T.);
#367=ORIENTED_EDGE('',*,*,#895,.T.);
#368=ORIENTED_EDGE('',*,*,#896,.T.);
#369=ORIENTED_EDGE('',*,*,#897,.T.);
#370=ORIENTED_EDGE('',*,*,#898,.T.);
#371=ORIENTED_EDGE('',*,*,#765,.T.);
#372=ORIENTED_EDGE('',*,*,#899,.T.);
#373=ORIENTED_EDGE('',*,*,#900,.T.);
#374=ORIENTED_EDGE('',*,*,#901,.T.);
#375=ORIENTED_EDGE('',*,*,#762,.F.);
#376=ORIENTED_EDGE('',*,*,#902,.T.);
#377=ORIENTED_EDGE('',*,*,#903,.T.);
#378=ORIENTED_EDGE('',*,*,#899,.F.);
#379=ORIENTED_EDGE('',*,*,#779,.T.);
#380=ORIENTED_EDGE('',*,*,#904,.T.);
#381=ORIENTED_EDGE('',*,*,#905,.T.);
#382=ORIENTED_EDGE('',*,*,#902,.F.);
#383=ORIENTED_EDGE('',*,*,#778,.F.);
#384=ORIENTED_EDGE('',*,*,#906,.T.);
#385=ORIENTED_EDGE('',*,*,#907,.T.);
#386=ORIENTED_EDGE('',*,*,#904,.F.);
#387=ORIENTED_EDGE('',*,*,#777,.F.);
#388=ORIENTED_EDGE('',*,*,#908,.T.);
#389=ORIENTED_EDGE('',*,*,#909,.T.);
#390=ORIENTED_EDGE('',*,*,#906,.F.);
#391=ORIENTED_EDGE('',*,*,#776,.F.);
#392=ORIENTED_EDGE('',*,*,#910,.T.);
#393=ORIENTED_EDGE('',*,*,#911,.T.);
#394=ORIENTED_EDGE('',*,*,#908,.F.);
#395=ORIENTED_EDGE('',*,*,#775,.T.);
#396=ORIENTED_EDGE('',*,*,#912,.T.);
#397=ORIENTED_EDGE('',*,*,#913,.T.);
#398=ORIENTED_EDGE('',*,*,#910,.F.);
#399=ORIENTED_EDGE('',*,*,#774,.T.);
#400=ORIENTED_EDGE('',*,*,#914,.T.);
#401=ORIENTED_EDGE('',*,*,#915,.T.);
#402=ORIENTED_EDGE('',*,*,#912,.F.);
#403=ORIENTED_EDGE('',*,*,#773,.F.);
#404=ORIENTED_EDGE('',*,*,#916,.T.);
#405=ORIENTED_EDGE('',*,*,#917,.T.);
#406=ORIENTED_EDGE('',*,*,#914,.F.);
#407=ORIENTED_EDGE('',*,*,#772,.T.);
#408=ORIENTED_EDGE('',*,*,#918,.T.);
#409=ORIENTED_EDGE('',*,*,#919,.T.);
#410=ORIENTED_EDGE('',*,*,#916,.F.);
#411=ORIENTED_EDGE('',*,*,#771,.T.);
#412=ORIENTED_EDGE('',*,*,#920,.T.);
#413=ORIENTED_EDGE('',*,*,#921,.T.);
#414=ORIENTED_EDGE('',*,*,#918,.F.);
#415=ORIENTED_EDGE('',*,*,#770,.T.);
#416=ORIENTED_EDGE('',*,*,#922,.T.);
#417=ORIENTED_EDGE('',*,*,#923,.T.);
#418=ORIENTED_EDGE('',*,*,#920,.F.);
#419=ORIENTED_EDGE('',*,*,#769,.F.);
#420=ORIENTED_EDGE('',*,*,#924,.T.);
#421=ORIENTED_EDGE('',*,*,#925,.T.);
#422=ORIENTED_EDGE('',*,*,#926,.T.);
#423=ORIENTED_EDGE('',*,*,#782,.T.);
#424=ORIENTED_EDGE('',*,*,#927,.T.);
#425=ORIENTED_EDGE('',*,*,#928,.F.);
#426=ORIENTED_EDGE('',*,*,#792,.F.);
#427=ORIENTED_EDGE('',*,*,#929,.F.);
#428=ORIENTED_EDGE('',*,*,#930,.F.);
#429=ORIENTED_EDGE('',*,*,#931,.F.);
#430=ORIENTED_EDGE('',*,*,#932,.T.);
#431=ORIENTED_EDGE('',*,*,#933,.T.);
#432=ORIENTED_EDGE('',*,*,#934,.T.);
#433=ORIENTED_EDGE('',*,*,#802,.T.);
#434=ORIENTED_EDGE('',*,*,#935,.T.);
#435=ORIENTED_EDGE('',*,*,#936,.T.);
#436=ORIENTED_EDGE('',*,*,#937,.T.);
#437=ORIENTED_EDGE('',*,*,#922,.F.);
#438=ORIENTED_EDGE('',*,*,#768,.T.);
#439=ORIENTED_EDGE('',*,*,#938,.F.);
#440=ORIENTED_EDGE('',*,*,#818,.F.);
#441=ORIENTED_EDGE('',*,*,#939,.F.);
#442=ORIENTED_EDGE('',*,*,#940,.F.);
#443=ORIENTED_EDGE('',*,*,#941,.F.);
#444=ORIENTED_EDGE('',*,*,#942,.T.);
#445=ORIENTED_EDGE('',*,*,#943,.T.);
#446=ORIENTED_EDGE('',*,*,#944,.T.);
#447=ORIENTED_EDGE('',*,*,#945,.T.);
#448=ORIENTED_EDGE('',*,*,#946,.T.);
#449=ORIENTED_EDGE('',*,*,#947,.T.);
#450=ORIENTED_EDGE('',*,*,#948,.T.);
#451=ORIENTED_EDGE('',*,*,#949,.T.);
#452=ORIENTED_EDGE('',*,*,#950,.T.);
#453=ORIENTED_EDGE('',*,*,#951,.T.);
#454=ORIENTED_EDGE('',*,*,#952,.T.);
#455=ORIENTED_EDGE('',*,*,#953,.T.);
#456=ORIENTED_EDGE('',*,*,#954,.T.);
#457=ORIENTED_EDGE('',*,*,#955,.T.);
#458=ORIENTED_EDGE('',*,*,#956,.T.);
#459=ORIENTED_EDGE('',*,*,#957,.T.);
#460=ORIENTED_EDGE('',*,*,#958,.T.);
#461=ORIENTED_EDGE('',*,*,#959,.T.);
#462=ORIENTED_EDGE('',*,*,#960,.T.);
#463=ORIENTED_EDGE('',*,*,#961,.T.);
#464=ORIENTED_EDGE('',*,*,#932,.F.);
#465=ORIENTED_EDGE('',*,*,#931,.T.);
#466=ORIENTED_EDGE('',*,*,#924,.F.);
#467=ORIENTED_EDGE('',*,*,#941,.T.);
#468=ORIENTED_EDGE('',*,*,#797,.F.);
#469=ORIENTED_EDGE('',*,*,#892,.T.);
#470=ORIENTED_EDGE('',*,*,#872,.F.);
#471=ORIENTED_EDGE('',*,*,#851,.F.);
#472=ORIENTED_EDGE('',*,*,#883,.F.);
#473=ORIENTED_EDGE('',*,*,#823,.T.);
#474=ORIENTED_EDGE('',*,*,#887,.T.);
#475=ORIENTED_EDGE('',*,*,#856,.T.);
#476=ORIENTED_EDGE('',*,*,#812,.F.);
#477=ORIENTED_EDGE('',*,*,#962,.T.);
#478=ORIENTED_EDGE('',*,*,#865,.F.);
#479=ORIENTED_EDGE('',*,*,#885,.F.);
#480=ORIENTED_EDGE('',*,*,#867,.T.);
#481=ORIENTED_EDGE('',*,*,#963,.T.);
#482=ORIENTED_EDGE('',*,*,#810,.T.);
#483=ORIENTED_EDGE('',*,*,#964,.T.);
#484=ORIENTED_EDGE('',*,*,#869,.T.);
#485=ORIENTED_EDGE('',*,*,#965,.T.);
#486=ORIENTED_EDGE('',*,*,#808,.T.);
#487=ORIENTED_EDGE('',*,*,#848,.T.);
#488=ORIENTED_EDGE('',*,*,#966,.F.);
#489=ORIENTED_EDGE('',*,*,#829,.F.);
#490=ORIENTED_EDGE('',*,*,#967,.T.);
#491=ORIENTED_EDGE('',*,*,#894,.F.);
#492=ORIENTED_EDGE('',*,*,#968,.T.);
#493=ORIENTED_EDGE('',*,*,#969,.F.);
#494=ORIENTED_EDGE('',*,*,#970,.T.);
#495=ORIENTED_EDGE('',*,*,#971,.F.);
#496=ORIENTED_EDGE('',*,*,#972,.T.);
#497=ORIENTED_EDGE('',*,*,#930,.T.);
#498=ORIENTED_EDGE('',*,*,#973,.T.);
#499=ORIENTED_EDGE('',*,*,#974,.F.);
#500=ORIENTED_EDGE('',*,*,#975,.F.);
#501=ORIENTED_EDGE('',*,*,#833,.F.);
#502=ORIENTED_EDGE('',*,*,#976,.T.);
#503=ORIENTED_EDGE('',*,*,#888,.F.);
#504=ORIENTED_EDGE('',*,*,#977,.T.);
#505=ORIENTED_EDGE('',*,*,#978,.F.);
#506=ORIENTED_EDGE('',*,*,#979,.T.);
#507=ORIENTED_EDGE('',*,*,#980,.F.);
#508=ORIENTED_EDGE('',*,*,#981,.T.);
#509=ORIENTED_EDGE('',*,*,#940,.T.);
#510=ORIENTED_EDGE('',*,*,#982,.T.);
#511=ORIENTED_EDGE('',*,*,#983,.F.);
#512=ORIENTED_EDGE('',*,*,#969,.T.);
#513=ORIENTED_EDGE('',*,*,#984,.T.);
#514=ORIENTED_EDGE('',*,*,#875,.T.);
#515=ORIENTED_EDGE('',*,*,#985,.T.);
#516=ORIENTED_EDGE('',*,*,#978,.T.);
#517=ORIENTED_EDGE('',*,*,#986,.T.);
#518=ORIENTED_EDGE('',*,*,#859,.T.);
#519=ORIENTED_EDGE('',*,*,#987,.T.);
#520=ORIENTED_EDGE('',*,*,#800,.T.);
#521=ORIENTED_EDGE('',*,*,#988,.T.);
#522=ORIENTED_EDGE('',*,*,#989,.T.);
#523=ORIENTED_EDGE('',*,*,#990,.T.);
#524=ORIENTED_EDGE('',*,*,#804,.T.);
#525=ORIENTED_EDGE('',*,*,#991,.F.);
#526=ORIENTED_EDGE('',*,*,#992,.T.);
#527=ORIENTED_EDGE('',*,*,#843,.T.);
#528=ORIENTED_EDGE('',*,*,#993,.T.);
#529=ORIENTED_EDGE('',*,*,#989,.F.);
#530=ORIENTED_EDGE('',*,*,#994,.T.);
#531=ORIENTED_EDGE('',*,*,#844,.F.);
#532=ORIENTED_EDGE('',*,*,#992,.F.);
#533=ORIENTED_EDGE('',*,*,#995,.T.);
#534=ORIENTED_EDGE('',*,*,#933,.F.);
#535=ORIENTED_EDGE('',*,*,#801,.F.);
#536=ORIENTED_EDGE('',*,*,#990,.F.);
#537=ORIENTED_EDGE('',*,*,#993,.F.);
#538=ORIENTED_EDGE('',*,*,#935,.F.);
#539=ORIENTED_EDGE('',*,*,#995,.F.);
#540=ORIENTED_EDGE('',*,*,#991,.T.);
#541=ORIENTED_EDGE('',*,*,#803,.F.);
#542=ORIENTED_EDGE('',*,*,#934,.F.);
#543=ORIENTED_EDGE('',*,*,#780,.T.);
#544=ORIENTED_EDGE('',*,*,#996,.T.);
#545=ORIENTED_EDGE('',*,*,#997,.T.);
#546=ORIENTED_EDGE('',*,*,#998,.T.);
#547=ORIENTED_EDGE('',*,*,#784,.T.);
#548=ORIENTED_EDGE('',*,*,#999,.F.);
#549=ORIENTED_EDGE('',*,*,#1000,.T.);
#550=ORIENTED_EDGE('',*,*,#838,.T.);
#551=ORIENTED_EDGE('',*,*,#1001,.T.);
#552=ORIENTED_EDGE('',*,*,#997,.F.);
#553=ORIENTED_EDGE('',*,*,#1002,.T.);
#554=ORIENTED_EDGE('',*,*,#839,.F.);
#555=ORIENTED_EDGE('',*,*,#1000,.F.);
#556=ORIENTED_EDGE('',*,*,#1003,.T.);
#557=ORIENTED_EDGE('',*,*,#925,.F.);
#558=ORIENTED_EDGE('',*,*,#781,.F.);
#559=ORIENTED_EDGE('',*,*,#998,.F.);
#560=ORIENTED_EDGE('',*,*,#1001,.F.);
#561=ORIENTED_EDGE('',*,*,#927,.F.);
#562=ORIENTED_EDGE('',*,*,#1003,.F.);
#563=ORIENTED_EDGE('',*,*,#999,.T.);
#564=ORIENTED_EDGE('',*,*,#783,.F.);
#565=ORIENTED_EDGE('',*,*,#926,.F.);
#566=ORIENTED_EDGE('',*,*,#816,.T.);
#567=ORIENTED_EDGE('',*,*,#834,.T.);
#568=ORIENTED_EDGE('',*,*,#983,.T.);
#569=ORIENTED_EDGE('',*,*,#1004,.T.);
#570=ORIENTED_EDGE('',*,*,#820,.T.);
#571=ORIENTED_EDGE('',*,*,#1005,.F.);
#572=ORIENTED_EDGE('',*,*,#980,.T.);
#573=ORIENTED_EDGE('',*,*,#1006,.T.);
#574=ORIENTED_EDGE('',*,*,#939,.T.);
#575=ORIENTED_EDGE('',*,*,#817,.F.);
#576=ORIENTED_EDGE('',*,*,#1004,.F.);
#577=ORIENTED_EDGE('',*,*,#982,.F.);
#578=ORIENTED_EDGE('',*,*,#938,.T.);
#579=ORIENTED_EDGE('',*,*,#981,.F.);
#580=ORIENTED_EDGE('',*,*,#1005,.T.);
#581=ORIENTED_EDGE('',*,*,#819,.F.);
#582=ORIENTED_EDGE('',*,*,#790,.T.);
#583=ORIENTED_EDGE('',*,*,#830,.T.);
#584=ORIENTED_EDGE('',*,*,#974,.T.);
#585=ORIENTED_EDGE('',*,*,#1007,.T.);
#586=ORIENTED_EDGE('',*,*,#794,.T.);
#587=ORIENTED_EDGE('',*,*,#1008,.F.);
#588=ORIENTED_EDGE('',*,*,#971,.T.);
#589=ORIENTED_EDGE('',*,*,#1009,.T.);
#590=ORIENTED_EDGE('',*,*,#928,.T.);
#591=ORIENTED_EDGE('',*,*,#972,.F.);
#592=ORIENTED_EDGE('',*,*,#1008,.T.);
#593=ORIENTED_EDGE('',*,*,#793,.F.);
#594=ORIENTED_EDGE('',*,*,#929,.T.);
#595=ORIENTED_EDGE('',*,*,#791,.F.);
#596=ORIENTED_EDGE('',*,*,#1007,.F.);
#597=ORIENTED_EDGE('',*,*,#973,.F.);
#598=ORIENTED_EDGE('',*,*,#1010,.F.);
#599=ORIENTED_EDGE('',*,*,#975,.T.);
#600=ORIENTED_EDGE('',*,*,#1010,.T.);
#601=ORIENTED_EDGE('',*,*,#1011,.F.);
#602=ORIENTED_EDGE('',*,*,#1011,.T.);
#603=ORIENTED_EDGE('',*,*,#960,.F.);
#604=ORIENTED_EDGE('',*,*,#1012,.F.);
#605=ORIENTED_EDGE('',*,*,#966,.T.);
#606=ORIENTED_EDGE('',*,*,#1012,.T.);
#607=ORIENTED_EDGE('',*,*,#1013,.F.);
#608=ORIENTED_EDGE('',*,*,#1013,.T.);
#609=ORIENTED_EDGE('',*,*,#961,.F.);
#610=ORIENTED_EDGE('',*,*,#786,.F.);
#611=ORIENTED_EDGE('',*,*,#837,.F.);
#612=ORIENTED_EDGE('',*,*,#853,.F.);
#613=ORIENTED_EDGE('',*,*,#880,.F.);
#614=ORIENTED_EDGE('',*,*,#862,.F.);
#615=ORIENTED_EDGE('',*,*,#889,.F.);
#616=ORIENTED_EDGE('',*,*,#976,.F.);
#617=ORIENTED_EDGE('',*,*,#832,.F.);
#618=ORIENTED_EDGE('',*,*,#863,.F.);
#619=ORIENTED_EDGE('',*,*,#835,.F.);
#620=ORIENTED_EDGE('',*,*,#814,.F.);
#621=ORIENTED_EDGE('',*,*,#884,.F.);
#622=ORIENTED_EDGE('',*,*,#811,.F.);
#623=ORIENTED_EDGE('',*,*,#963,.F.);
#624=ORIENTED_EDGE('',*,*,#866,.F.);
#625=ORIENTED_EDGE('',*,*,#962,.F.);
#626=ORIENTED_EDGE('',*,*,#809,.F.);
#627=ORIENTED_EDGE('',*,*,#965,.F.);
#628=ORIENTED_EDGE('',*,*,#868,.F.);
#629=ORIENTED_EDGE('',*,*,#964,.F.);
#630=ORIENTED_EDGE('',*,*,#806,.F.);
#631=ORIENTED_EDGE('',*,*,#842,.F.);
#632=ORIENTED_EDGE('',*,*,#870,.F.);
#633=ORIENTED_EDGE('',*,*,#846,.F.);
#634=ORIENTED_EDGE('',*,*,#799,.F.);
#635=ORIENTED_EDGE('',*,*,#850,.F.);
#636=ORIENTED_EDGE('',*,*,#871,.F.);
#637=ORIENTED_EDGE('',*,*,#845,.F.);
#638=ORIENTED_EDGE('',*,*,#994,.F.);
#639=ORIENTED_EDGE('',*,*,#988,.F.);
#640=ORIENTED_EDGE('',*,*,#968,.F.);
#641=ORIENTED_EDGE('',*,*,#893,.F.);
#642=ORIENTED_EDGE('',*,*,#876,.F.);
#643=ORIENTED_EDGE('',*,*,#984,.F.);
#644=ORIENTED_EDGE('',*,*,#874,.F.);
#645=ORIENTED_EDGE('',*,*,#891,.F.);
#646=ORIENTED_EDGE('',*,*,#795,.F.);
#647=ORIENTED_EDGE('',*,*,#1009,.F.);
#648=ORIENTED_EDGE('',*,*,#970,.F.);
#649=ORIENTED_EDGE('',*,*,#985,.F.);
#650=ORIENTED_EDGE('',*,*,#879,.F.);
#651=ORIENTED_EDGE('',*,*,#826,.F.);
#652=ORIENTED_EDGE('',*,*,#788,.F.);
#653=ORIENTED_EDGE('',*,*,#881,.F.);
#654=ORIENTED_EDGE('',*,*,#878,.F.);
#655=ORIENTED_EDGE('',*,*,#895,.F.);
#656=ORIENTED_EDGE('',*,*,#967,.F.);
#657=ORIENTED_EDGE('',*,*,#828,.F.);
#658=ORIENTED_EDGE('',*,*,#825,.F.);
#659=ORIENTED_EDGE('',*,*,#882,.F.);
#660=ORIENTED_EDGE('',*,*,#854,.F.);
#661=ORIENTED_EDGE('',*,*,#840,.F.);
#662=ORIENTED_EDGE('',*,*,#1002,.F.);
#663=ORIENTED_EDGE('',*,*,#996,.F.);
#664=ORIENTED_EDGE('',*,*,#977,.F.);
#665=ORIENTED_EDGE('',*,*,#890,.F.);
#666=ORIENTED_EDGE('',*,*,#860,.F.);
#667=ORIENTED_EDGE('',*,*,#986,.F.);
#668=ORIENTED_EDGE('',*,*,#858,.F.);
#669=ORIENTED_EDGE('',*,*,#886,.F.);
#670=ORIENTED_EDGE('',*,*,#821,.F.);
#671=ORIENTED_EDGE('',*,*,#1006,.F.);
#672=ORIENTED_EDGE('',*,*,#979,.F.);
#673=ORIENTED_EDGE('',*,*,#987,.F.);
#674=ORIENTED_EDGE('',*,*,#1014,.T.);
#675=ORIENTED_EDGE('',*,*,#1015,.T.);
#676=ORIENTED_EDGE('',*,*,#896,.F.);
#677=ORIENTED_EDGE('',*,*,#764,.F.);
#678=ORIENTED_EDGE('',*,*,#898,.F.);
#679=ORIENTED_EDGE('',*,*,#1016,.T.);
#680=ORIENTED_EDGE('',*,*,#1017,.T.);
#681=ORIENTED_EDGE('',*,*,#766,.F.);
#682=ORIENTED_EDGE('',*,*,#1017,.F.);
#683=ORIENTED_EDGE('',*,*,#1018,.T.);
#684=ORIENTED_EDGE('',*,*,#936,.F.);
#685=ORIENTED_EDGE('',*,*,#767,.F.);
#686=ORIENTED_EDGE('',*,*,#901,.F.);
#687=ORIENTED_EDGE('',*,*,#1019,.T.);
#688=ORIENTED_EDGE('',*,*,#1014,.F.);
#689=ORIENTED_EDGE('',*,*,#763,.F.);
#690=ORIENTED_EDGE('',*,*,#1020,.F.);
#691=ORIENTED_EDGE('',*,*,#919,.F.);
#692=ORIENTED_EDGE('',*,*,#1021,.F.);
#693=ORIENTED_EDGE('',*,*,#952,.F.);
#694=ORIENTED_EDGE('',*,*,#1021,.T.);
#695=ORIENTED_EDGE('',*,*,#921,.F.);
#696=ORIENTED_EDGE('',*,*,#1022,.F.);
#697=ORIENTED_EDGE('',*,*,#953,.F.);
#698=ORIENTED_EDGE('',*,*,#1020,.T.);
#699=ORIENTED_EDGE('',*,*,#951,.F.);
#700=ORIENTED_EDGE('',*,*,#1023,.F.);
#701=ORIENTED_EDGE('',*,*,#917,.F.);
#702=ORIENTED_EDGE('',*,*,#1022,.T.);
#703=ORIENTED_EDGE('',*,*,#923,.F.);
#704=ORIENTED_EDGE('',*,*,#1024,.F.);
#705=ORIENTED_EDGE('',*,*,#954,.F.);
#706=ORIENTED_EDGE('',*,*,#1023,.T.);
#707=ORIENTED_EDGE('',*,*,#950,.F.);
#708=ORIENTED_EDGE('',*,*,#1025,.F.);
#709=ORIENTED_EDGE('',*,*,#915,.F.);
#710=ORIENTED_EDGE('',*,*,#1024,.T.);
#711=ORIENTED_EDGE('',*,*,#937,.F.);
#712=ORIENTED_EDGE('',*,*,#1026,.F.);
#713=ORIENTED_EDGE('',*,*,#955,.F.);
#714=ORIENTED_EDGE('',*,*,#1025,.T.);
#715=ORIENTED_EDGE('',*,*,#949,.F.);
#716=ORIENTED_EDGE('',*,*,#1027,.F.);
#717=ORIENTED_EDGE('',*,*,#913,.F.);
#718=ORIENTED_EDGE('',*,*,#1026,.T.);
#719=ORIENTED_EDGE('',*,*,#1018,.F.);
#720=ORIENTED_EDGE('',*,*,#1028,.F.);
#721=ORIENTED_EDGE('',*,*,#956,.F.);
#722=ORIENTED_EDGE('',*,*,#1027,.T.);
#723=ORIENTED_EDGE('',*,*,#948,.F.);
#724=ORIENTED_EDGE('',*,*,#1029,.F.);
#725=ORIENTED_EDGE('',*,*,#911,.F.);
#726=ORIENTED_EDGE('',*,*,#1028,.T.);
#727=ORIENTED_EDGE('',*,*,#1016,.F.);
#728=ORIENTED_EDGE('',*,*,#1030,.F.);
#729=ORIENTED_EDGE('',*,*,#957,.F.);
#730=ORIENTED_EDGE('',*,*,#1029,.T.);
#731=ORIENTED_EDGE('',*,*,#947,.F.);
#732=ORIENTED_EDGE('',*,*,#1031,.F.);
#733=ORIENTED_EDGE('',*,*,#909,.F.);
#734=ORIENTED_EDGE('',*,*,#1030,.T.);
#735=ORIENTED_EDGE('',*,*,#897,.F.);
#736=ORIENTED_EDGE('',*,*,#1032,.F.);
#737=ORIENTED_EDGE('',*,*,#958,.F.);
#738=ORIENTED_EDGE('',*,*,#1031,.T.);
#739=ORIENTED_EDGE('',*,*,#946,.F.);
#740=ORIENTED_EDGE('',*,*,#1033,.F.);
#741=ORIENTED_EDGE('',*,*,#907,.F.);
#742=ORIENTED_EDGE('',*,*,#1032,.T.);
#743=ORIENTED_EDGE('',*,*,#1015,.F.);
#744=ORIENTED_EDGE('',*,*,#1034,.F.);
#745=ORIENTED_EDGE('',*,*,#959,.F.);
#746=ORIENTED_EDGE('',*,*,#1033,.T.);
#747=ORIENTED_EDGE('',*,*,#945,.F.);
#748=ORIENTED_EDGE('',*,*,#1035,.F.);
#749=ORIENTED_EDGE('',*,*,#905,.F.);
#750=ORIENTED_EDGE('',*,*,#1034,.T.);
#751=ORIENTED_EDGE('',*,*,#1019,.F.);
#752=ORIENTED_EDGE('',*,*,#1036,.F.);
#753=ORIENTED_EDGE('',*,*,#942,.F.);
#754=ORIENTED_EDGE('',*,*,#1035,.T.);
#755=ORIENTED_EDGE('',*,*,#944,.F.);
#756=ORIENTED_EDGE('',*,*,#1037,.F.);
#757=ORIENTED_EDGE('',*,*,#903,.F.);
#758=ORIENTED_EDGE('',*,*,#1036,.T.);
#759=ORIENTED_EDGE('',*,*,#900,.F.);
#760=ORIENTED_EDGE('',*,*,#1037,.T.);
#761=ORIENTED_EDGE('',*,*,#943,.F.);
#762=EDGE_CURVE('',#1038,#1039,#1220,.T.);
#763=EDGE_CURVE('',#1039,#1040,#78,.T.);
#764=EDGE_CURVE('',#1040,#1041,#79,.F.);
#765=EDGE_CURVE('',#1042,#1041,#1221,.T.);
#766=EDGE_CURVE('',#1042,#1043,#80,.F.);
#767=EDGE_CURVE('',#1043,#1044,#81,.T.);
#768=EDGE_CURVE('',#1045,#1044,#1222,.T.);
#769=EDGE_CURVE('',#1045,#1046,#82,.F.);
#770=EDGE_CURVE('',#1047,#1046,#83,.F.);
#771=EDGE_CURVE('',#1048,#1047,#1223,.T.);
#772=EDGE_CURVE('',#1049,#1048,#84,.F.);
#773=EDGE_CURVE('',#1049,#1050,#85,.F.);
#774=EDGE_CURVE('',#1051,#1050,#1224,.T.);
#775=EDGE_CURVE('',#1052,#1051,#86,.T.);
#776=EDGE_CURVE('',#1052,#1053,#87,.T.);
#777=EDGE_CURVE('',#1053,#1054,#1225,.T.);
#778=EDGE_CURVE('',#1054,#1055,#88,.T.);
#779=EDGE_CURVE('',#1038,#1055,#89,.T.);
#780=EDGE_CURVE('',#1056,#1057,#1226,.T.);
#781=EDGE_CURVE('',#1056,#1058,#90,.T.);
#782=EDGE_CURVE('',#1059,#1058,#91,.F.);
#783=EDGE_CURVE('',#1059,#1060,#92,.T.);
#784=EDGE_CURVE('',#1061,#1060,#1227,.T.);
#785=EDGE_CURVE('',#1062,#1061,#93,.T.);
#786=EDGE_CURVE('',#1062,#1063,#94,.T.);
#787=EDGE_CURVE('',#1063,#1064,#1228,.T.);
#788=EDGE_CURVE('',#1064,#1065,#95,.T.);
#789=EDGE_CURVE('',#1066,#1065,#96,.T.);
#790=EDGE_CURVE('',#1067,#1066,#1229,.T.);
#791=EDGE_CURVE('',#1067,#1068,#97,.T.);
#792=EDGE_CURVE('',#1068,#1069,#98,.T.);
#793=EDGE_CURVE('',#1069,#1070,#99,.T.);
#794=EDGE_CURVE('',#1071,#1070,#1230,.T.);
#795=EDGE_CURVE('',#1071,#1072,#100,.T.);
#796=EDGE_CURVE('',#1073,#1072,#101,.T.);
#797=EDGE_CURVE('',#1073,#1074,#1231,.T.);
#798=EDGE_CURVE('',#1075,#1074,#102,.T.);
#799=EDGE_CURVE('',#1075,#1076,#103,.T.);
#800=EDGE_CURVE('',#1077,#1076,#1232,.T.);
#801=EDGE_CURVE('',#1077,#1078,#104,.T.);
#802=EDGE_CURVE('',#1079,#1078,#105,.F.);
#803=EDGE_CURVE('',#1079,#1080,#106,.T.);
#804=EDGE_CURVE('',#1081,#1080,#1233,.T.);
#805=EDGE_CURVE('',#1082,#1081,#107,.T.);
#806=EDGE_CURVE('',#1082,#1083,#108,.T.);
#807=EDGE_CURVE('',#1083,#1084,#1234,.T.);
#808=EDGE_CURVE('',#1085,#1084,#1235,.T.);
#809=EDGE_CURVE('',#1085,#1086,#109,.T.);
#810=EDGE_CURVE('',#1087,#1086,#1236,.T.);
#811=EDGE_CURVE('',#1087,#1088,#110,.T.);
#812=EDGE_CURVE('',#1088,#1089,#1237,.T.);
#813=EDGE_CURVE('',#1089,#1090,#1238,.T.);
#814=EDGE_CURVE('',#1090,#1091,#111,.T.);
#815=EDGE_CURVE('',#1092,#1091,#112,.T.);
#816=EDGE_CURVE('',#1093,#1092,#1239,.T.);
#817=EDGE_CURVE('',#1093,#1094,#113,.T.);
#818=EDGE_CURVE('',#1094,#1095,#114,.T.);
#819=EDGE_CURVE('',#1095,#1096,#115,.T.);
#820=EDGE_CURVE('',#1097,#1096,#1240,.T.);
#821=EDGE_CURVE('',#1097,#1098,#116,.T.);
#822=EDGE_CURVE('',#1099,#1098,#117,.T.);
#823=EDGE_CURVE('',#1100,#1099,#1241,.T.);
#824=EDGE_CURVE('',#1101,#1100,#118,.T.);
#825=EDGE_CURVE('',#1101,#1057,#119,.T.);
#826=EDGE_CURVE('',#1065,#1102,#1242,.T.);
#827=EDGE_CURVE('',#1102,#1103,#120,.T.);
#828=EDGE_CURVE('',#1103,#1104,#1243,.F.);
#829=EDGE_CURVE('',#1104,#1105,#121,.F.);
#830=EDGE_CURVE('',#1066,#1105,#1244,.T.);
#831=EDGE_CURVE('',#1106,#1107,#122,.T.);
#832=EDGE_CURVE('',#1107,#1108,#1245,.F.);
#833=EDGE_CURVE('',#1108,#1109,#123,.F.);
#834=EDGE_CURVE('',#1092,#1109,#1246,.T.);
#835=EDGE_CURVE('',#1091,#1106,#1247,.T.);
#836=EDGE_CURVE('',#1110,#1111,#124,.T.);
#837=EDGE_CURVE('',#1111,#1062,#1248,.F.);
#838=EDGE_CURVE('',#1112,#1061,#1249,.F.);
#839=EDGE_CURVE('',#1112,#1113,#125,.T.);
#840=EDGE_CURVE('',#1113,#1110,#1250,.T.);
#841=EDGE_CURVE('',#1114,#1115,#126,.T.);
#842=EDGE_CURVE('',#1115,#1082,#1251,.F.);
#843=EDGE_CURVE('',#1116,#1081,#1252,.F.);
#844=EDGE_CURVE('',#1116,#1117,#127,.T.);
#845=EDGE_CURVE('',#1117,#1114,#1253,.T.);
#846=EDGE_CURVE('',#1083,#1118,#1254,.T.);
#847=EDGE_CURVE('',#1119,#1118,#1255,.T.);
#848=EDGE_CURVE('',#1084,#1119,#1256,.T.);
#849=EDGE_CURVE('',#1120,#1121,#128,.T.);
#850=EDGE_CURVE('',#1121,#1075,#1257,.F.);
#851=EDGE_CURVE('',#1074,#1120,#1258,.T.);
#852=EDGE_CURVE('',#1122,#1123,#1259,.T.);
#853=EDGE_CURVE('',#1123,#1111,#129,.F.);
#854=EDGE_CURVE('',#1110,#1124,#130,.F.);
#855=EDGE_CURVE('',#1125,#1124,#131,.T.);
#856=EDGE_CURVE('',#1126,#1125,#1260,.T.);
#857=EDGE_CURVE('',#1127,#1126,#132,.T.);
#858=EDGE_CURVE('',#1127,#1128,#133,.F.);
#859=EDGE_CURVE('',#1129,#1128,#134,.T.);
#860=EDGE_CURVE('',#1129,#1130,#135,.F.);
#861=EDGE_CURVE('',#1131,#1130,#136,.F.);
#862=EDGE_CURVE('',#1131,#1107,#137,.F.);
#863=EDGE_CURVE('',#1106,#1132,#138,.F.);
#864=EDGE_CURVE('',#1132,#1133,#1261,.T.);
#865=EDGE_CURVE('',#1133,#1134,#1262,.T.);
#866=EDGE_CURVE('',#1134,#1135,#139,.F.);
#867=EDGE_CURVE('',#1136,#1135,#1263,.T.);
#868=EDGE_CURVE('',#1136,#1137,#140,.F.);
#869=EDGE_CURVE('',#1119,#1137,#1264,.T.);
#870=EDGE_CURVE('',#1118,#1115,#141,.F.);
#871=EDGE_CURVE('',#1114,#1121,#142,.F.);
#872=EDGE_CURVE('',#1120,#1138,#1265,.T.);
#873=EDGE_CURVE('',#1139,#1138,#143,.T.);
#874=EDGE_CURVE('',#1139,#1140,#144,.F.);
#875=EDGE_CURVE('',#1141,#1140,#145,.T.);
#876=EDGE_CURVE('',#1141,#1142,#146,.F.);
#877=EDGE_CURVE('',#1143,#1142,#147,.F.);
#878=EDGE_CURVE('',#1143,#1103,#148,.F.);
#879=EDGE_CURVE('',#1102,#1122,#149,.F.);
#880=EDGE_CURVE('',#1063,#1123,#1266,.T.);
#881=EDGE_CURVE('',#1122,#1064,#1267,.F.);
#882=EDGE_CURVE('',#1124,#1101,#1268,.F.);
#883=EDGE_CURVE('',#1100,#1125,#1269,.T.);
#884=EDGE_CURVE('',#1132,#1090,#1270,.F.);
#885=EDGE_CURVE('',#1089,#1133,#1271,.T.);
#886=EDGE_CURVE('',#1098,#1127,#1272,.T.);
#887=EDGE_CURVE('',#1099,#1126,#1273,.T.);
#888=EDGE_CURVE('',#1144,#1145,#150,.T.);
#889=EDGE_CURVE('',#1145,#1131,#1274,.T.);
#890=EDGE_CURVE('',#1130,#1144,#1275,.F.);
#891=EDGE_CURVE('',#1072,#1139,#1276,.T.);
#892=EDGE_CURVE('',#1073,#1138,#1277,.T.);
#893=EDGE_CURVE('',#1142,#1146,#1278,.F.);
#894=EDGE_CURVE('',#1146,#1147,#151,.T.);
#895=EDGE_CURVE('',#1147,#1143,#1279,.T.);
#896=EDGE_CURVE('',#1041,#1148,#1280,.T.);
#897=EDGE_CURVE('',#1148,#1149,#1281,.T.);
#898=EDGE_CURVE('',#1149,#1042,#1282,.F.);
#899=EDGE_CURVE('',#1038,#1150,#1283,.T.);
#900=EDGE_CURVE('',#1150,#1151,#1284,.T.);
#901=EDGE_CURVE('',#1151,#1039,#1285,.F.);
#902=EDGE_CURVE('',#1055,#1152,#1286,.T.);
#903=EDGE_CURVE('',#1152,#1150,#152,.F.);
#904=EDGE_CURVE('',#1054,#1153,#1287,.T.);
#905=EDGE_CURVE('',#1153,#1152,#153,.T.);
#906=EDGE_CURVE('',#1053,#1154,#1288,.T.);
#907=EDGE_CURVE('',#1154,#1153,#1289,.T.);
#908=EDGE_CURVE('',#1052,#1155,#1290,.T.);
#909=EDGE_CURVE('',#1155,#1154,#154,.T.);
#910=EDGE_CURVE('',#1051,#1156,#1291,.T.);
#911=EDGE_CURVE('',#1156,#1155,#155,.F.);
#912=EDGE_CURVE('',#1050,#1157,#1292,.T.);
#913=EDGE_CURVE('',#1157,#1156,#1293,.T.);
#914=EDGE_CURVE('',#1049,#1158,#1294,.T.);
#915=EDGE_CURVE('',#1158,#1157,#156,.F.);
#916=EDGE_CURVE('',#1048,#1159,#1295,.T.);
#917=EDGE_CURVE('',#1159,#1158,#157,.T.);
#918=EDGE_CURVE('',#1047,#1160,#1296,.T.);
#919=EDGE_CURVE('',#1160,#1159,#1297,.T.);
#920=EDGE_CURVE('',#1046,#1161,#1298,.T.);
#921=EDGE_CURVE('',#1161,#1160,#158,.T.);
#922=EDGE_CURVE('',#1045,#1162,#1299,.T.);
#923=EDGE_CURVE('',#1162,#1161,#159,.F.);
#924=EDGE_CURVE('',#1163,#1163,#160,.T.);
#925=EDGE_CURVE('',#1164,#1165,#161,.F.);
#926=EDGE_CURVE('',#1165,#1059,#1300,.T.);
#927=EDGE_CURVE('',#1058,#1164,#1301,.F.);
#928=EDGE_CURVE('',#1069,#1166,#1302,.F.);
#929=EDGE_CURVE('',#1167,#1068,#1303,.T.);
#930=EDGE_CURVE('',#1166,#1167,#162,.T.);
#931=EDGE_CURVE('',#1168,#1168,#163,.T.);
#932=EDGE_CURVE('',#1169,#1169,#164,.T.);
#933=EDGE_CURVE('',#1170,#1171,#165,.F.);
#934=EDGE_CURVE('',#1171,#1079,#1304,.T.);
#935=EDGE_CURVE('',#1078,#1170,#1305,.F.);
#936=EDGE_CURVE('',#1044,#1172,#1306,.T.);
#937=EDGE_CURVE('',#1172,#1162,#1307,.T.);
#938=EDGE_CURVE('',#1095,#1173,#1308,.F.);
#939=EDGE_CURVE('',#1174,#1094,#1309,.T.);
#940=EDGE_CURVE('',#1173,#1174,#166,.T.);
#941=EDGE_CURVE('',#1175,#1175,#167,.T.);
#942=EDGE_CURVE('',#1176,#1177,#168,.F.);
#943=EDGE_CURVE('',#1177,#1178,#1310,.T.);
#944=EDGE_CURVE('',#1178,#1179,#169,.T.);
#945=EDGE_CURVE('',#1179,#1180,#170,.F.);
#946=EDGE_CURVE('',#1180,#1181,#1311,.T.);
#947=EDGE_CURVE('',#1181,#1182,#171,.F.);
#948=EDGE_CURVE('',#1182,#1183,#172,.T.);
#949=EDGE_CURVE('',#1183,#1184,#1312,.T.);
#950=EDGE_CURVE('',#1184,#1185,#173,.T.);
#951=EDGE_CURVE('',#1185,#1186,#174,.F.);
#952=EDGE_CURVE('',#1186,#1187,#1313,.T.);
#953=EDGE_CURVE('',#1187,#1188,#175,.F.);
#954=EDGE_CURVE('',#1188,#1189,#176,.T.);
#955=EDGE_CURVE('',#1189,#1190,#1314,.T.);
#956=EDGE_CURVE('',#1190,#1191,#177,.F.);
#957=EDGE_CURVE('',#1191,#1192,#178,.T.);
#958=EDGE_CURVE('',#1192,#1193,#1315,.T.);
#959=EDGE_CURVE('',#1193,#1176,#179,.T.);
#960=EDGE_CURVE('',#1194,#1194,#180,.T.);
#961=EDGE_CURVE('',#1195,#1195,#181,.T.);
#962=EDGE_CURVE('',#1088,#1134,#1316,.T.);
#963=EDGE_CURVE('',#1135,#1087,#1317,.F.);
#964=EDGE_CURVE('',#1086,#1136,#1318,.T.);
#965=EDGE_CURVE('',#1137,#1085,#1319,.F.);
#966=EDGE_CURVE('',#1196,#1196,#182,.F.);
#967=EDGE_CURVE('',#1104,#1147,#183,.T.);
#968=EDGE_CURVE('',#1146,#1197,#184,.T.);
#969=EDGE_CURVE('',#1198,#1197,#185,.T.);
#970=EDGE_CURVE('',#1198,#1199,#186,.T.);
#971=EDGE_CURVE('',#1200,#1199,#1320,.T.);
#972=EDGE_CURVE('',#1200,#1166,#187,.F.);
#973=EDGE_CURVE('',#1167,#1201,#188,.F.);
#974=EDGE_CURVE('',#1105,#1201,#1321,.T.);
#975=EDGE_CURVE('',#1202,#1202,#189,.F.);
#976=EDGE_CURVE('',#1108,#1145,#190,.T.);
#977=EDGE_CURVE('',#1144,#1203,#191,.T.);
#978=EDGE_CURVE('',#1204,#1203,#192,.T.);
#979=EDGE_CURVE('',#1204,#1205,#193,.T.);
#980=EDGE_CURVE('',#1206,#1205,#1322,.T.);
#981=EDGE_CURVE('',#1206,#1173,#194,.F.);
#982=EDGE_CURVE('',#1174,#1207,#195,.F.);
#983=EDGE_CURVE('',#1109,#1207,#1323,.T.);
#984=EDGE_CURVE('',#1197,#1141,#1324,.T.);
#985=EDGE_CURVE('',#1140,#1198,#1325,.F.);
#986=EDGE_CURVE('',#1203,#1129,#1326,.T.);
#987=EDGE_CURVE('',#1128,#1204,#1327,.F.);
#988=EDGE_CURVE('',#1076,#1208,#1328,.F.);
#989=EDGE_CURVE('',#1208,#1209,#1329,.T.);
#990=EDGE_CURVE('',#1209,#1077,#1330,.T.);
#991=EDGE_CURVE('',#1210,#1080,#1331,.T.);
#992=EDGE_CURVE('',#1210,#1116,#1332,.T.);
#993=EDGE_CURVE('',#1170,#1209,#196,.F.);
#994=EDGE_CURVE('',#1208,#1117,#197,.T.);
#995=EDGE_CURVE('',#1210,#1171,#198,.F.);
#996=EDGE_CURVE('',#1057,#1211,#1333,.F.);
#997=EDGE_CURVE('',#1211,#1212,#1334,.T.);
#998=EDGE_CURVE('',#1212,#1056,#1335,.T.);
#999=EDGE_CURVE('',#1213,#1060,#1336,.T.);
#1000=EDGE_CURVE('',#1213,#1112,#1337,.T.);
#1001=EDGE_CURVE('',#1164,#1212,#199,.F.);
#1002=EDGE_CURVE('',#1211,#1113,#200,.T.);
#1003=EDGE_CURVE('',#1213,#1165,#201,.F.);
#1004=EDGE_CURVE('',#1207,#1093,#1338,.T.);
#1005=EDGE_CURVE('',#1206,#1096,#1339,.T.);
#1006=EDGE_CURVE('',#1205,#1097,#1340,.F.);
#1007=EDGE_CURVE('',#1201,#1067,#1341,.T.);
#1008=EDGE_CURVE('',#1200,#1070,#1342,.T.);
#1009=EDGE_CURVE('',#1199,#1071,#1343,.F.);
#1010=EDGE_CURVE('',#1214,#1214,#202,.T.);
#1011=EDGE_CURVE('',#1215,#1215,#203,.T.);
#1012=EDGE_CURVE('',#1216,#1216,#204,.T.);
#1013=EDGE_CURVE('',#1217,#1217,#205,.T.);
#1014=EDGE_CURVE('',#1040,#1218,#1344,.F.);
#1015=EDGE_CURVE('',#1218,#1148,#206,.F.);
#1016=EDGE_CURVE('',#1149,#1219,#207,.F.);
#1017=EDGE_CURVE('',#1219,#1043,#1345,.F.);
#1018=EDGE_CURVE('',#1219,#1172,#208,.T.);
#1019=EDGE_CURVE('',#1151,#1218,#209,.T.);
#1020=EDGE_CURVE('',#1159,#1186,#1346,.T.);
#1021=EDGE_CURVE('',#1187,#1160,#1347,.T.);
#1022=EDGE_CURVE('',#1188,#1161,#1348,.T.);
#1023=EDGE_CURVE('',#1158,#1185,#1349,.T.);
#1024=EDGE_CURVE('',#1189,#1162,#1350,.T.);
#1025=EDGE_CURVE('',#1157,#1184,#1351,.T.);
#1026=EDGE_CURVE('',#1190,#1172,#1352,.T.);
#1027=EDGE_CURVE('',#1156,#1183,#1353,.T.);
#1028=EDGE_CURVE('',#1191,#1219,#1354,.T.);
#1029=EDGE_CURVE('',#1155,#1182,#1355,.T.);
#1030=EDGE_CURVE('',#1192,#1149,#1356,.T.);
#1031=EDGE_CURVE('',#1154,#1181,#1357,.T.);
#1032=EDGE_CURVE('',#1193,#1148,#1358,.T.);
#1033=EDGE_CURVE('',#1153,#1180,#1359,.T.);
#1034=EDGE_CURVE('',#1176,#1218,#1360,.T.);
#1035=EDGE_CURVE('',#1152,#1179,#1361,.T.);
#1036=EDGE_CURVE('',#1177,#1151,#1362,.T.);
#1037=EDGE_CURVE('',#1150,#1178,#1363,.T.);
#1038=VERTEX_POINT('',#2759);
#1039=VERTEX_POINT('',#2760);
#1040=VERTEX_POINT('',#2762);
#1041=VERTEX_POINT('',#2764);
#1042=VERTEX_POINT('',#2766);
#1043=VERTEX_POINT('',#2768);
#1044=VERTEX_POINT('',#2770);
#1045=VERTEX_POINT('',#2772);
#1046=VERTEX_POINT('',#2774);
#1047=VERTEX_POINT('',#2776);
#1048=VERTEX_POINT('',#2778);
#1049=VERTEX_POINT('',#2780);
#1050=VERTEX_POINT('',#2782);
#1051=VERTEX_POINT('',#2784);
#1052=VERTEX_POINT('',#2786);
#1053=VERTEX_POINT('',#2788);
#1054=VERTEX_POINT('',#2790);
#1055=VERTEX_POINT('',#2792);
#1056=VERTEX_POINT('',#2795);
#1057=VERTEX_POINT('',#2796);
#1058=VERTEX_POINT('',#2798);
#1059=VERTEX_POINT('',#2800);
#1060=VERTEX_POINT('',#2802);
#1061=VERTEX_POINT('',#2804);
#1062=VERTEX_POINT('',#2806);
#1063=VERTEX_POINT('',#2808);
#1064=VERTEX_POINT('',#2810);
#1065=VERTEX_POINT('',#2812);
#1066=VERTEX_POINT('',#2814);
#1067=VERTEX_POINT('',#2816);
#1068=VERTEX_POINT('',#2818);
#1069=VERTEX_POINT('',#2820);
#1070=VERTEX_POINT('',#2822);
#1071=VERTEX_POINT('',#2824);
#1072=VERTEX_POINT('',#2826);
#1073=VERTEX_POINT('',#2828);
#1074=VERTEX_POINT('',#2830);
#1075=VERTEX_POINT('',#2832);
#1076=VERTEX_POINT('',#2834);
#1077=VERTEX_POINT('',#2836);
#1078=VERTEX_POINT('',#2838);
#1079=VERTEX_POINT('',#2840);
#1080=VERTEX_POINT('',#2842);
#1081=VERTEX_POINT('',#2844);
#1082=VERTEX_POINT('',#2846);
#1083=VERTEX_POINT('',#2848);
#1084=VERTEX_POINT('',#2850);
#1085=VERTEX_POINT('',#2852);
#1086=VERTEX_POINT('',#2854);
#1087=VERTEX_POINT('',#2856);
#1088=VERTEX_POINT('',#2858);
#1089=VERTEX_POINT('',#2860);
#1090=VERTEX_POINT('',#2862);
#1091=VERTEX_POINT('',#2864);
#1092=VERTEX_POINT('',#2866);
#1093=VERTEX_POINT('',#2868);
#1094=VERTEX_POINT('',#2870);
#1095=VERTEX_POINT('',#2872);
#1096=VERTEX_POINT('',#2874);
#1097=VERTEX_POINT('',#2876);
#1098=VERTEX_POINT('',#2878);
#1099=VERTEX_POINT('',#2880);
#1100=VERTEX_POINT('',#2882);
#1101=VERTEX_POINT('',#2884);
#1102=VERTEX_POINT('',#2888);
#1103=VERTEX_POINT('',#2890);
#1104=VERTEX_POINT('',#2892);
#1105=VERTEX_POINT('',#2894);
#1106=VERTEX_POINT('',#2898);
#1107=VERTEX_POINT('',#2899);
#1108=VERTEX_POINT('',#2901);
#1109=VERTEX_POINT('',#2903);
#1110=VERTEX_POINT('',#2908);
#1111=VERTEX_POINT('',#2909);
#1112=VERTEX_POINT('',#2912);
#1113=VERTEX_POINT('',#2914);
#1114=VERTEX_POINT('',#2918);
#1115=VERTEX_POINT('',#2919);
#1116=VERTEX_POINT('',#2922);
#1117=VERTEX_POINT('',#2924);
#1118=VERTEX_POINT('',#2928);
#1119=VERTEX_POINT('',#2930);
#1120=VERTEX_POINT('',#2934);
#1121=VERTEX_POINT('',#2935);
#1122=VERTEX_POINT('',#2940);
#1123=VERTEX_POINT('',#2941);
#1124=VERTEX_POINT('',#2944);
#1125=VERTEX_POINT('',#2946);
#1126=VERTEX_POINT('',#2948);
#1127=VERTEX_POINT('',#2950);
#1128=VERTEX_POINT('',#2952);
#1129=VERTEX_POINT('',#2954);
#1130=VERTEX_POINT('',#2956);
#1131=VERTEX_POINT('',#2958);
#1132=VERTEX_POINT('',#2961);
#1133=VERTEX_POINT('',#2963);
#1134=VERTEX_POINT('',#2965);
#1135=VERTEX_POINT('',#2967);
#1136=VERTEX_POINT('',#2969);
#1137=VERTEX_POINT('',#2971);
#1138=VERTEX_POINT('',#2976);
#1139=VERTEX_POINT('',#2978);
#1140=VERTEX_POINT('',#2980);
#1141=VERTEX_POINT('',#2982);
#1142=VERTEX_POINT('',#2984);
#1143=VERTEX_POINT('',#2986);
#1144=VERTEX_POINT('',#3003);
#1145=VERTEX_POINT('',#3004);
#1146=VERTEX_POINT('',#3012);
#1147=VERTEX_POINT('',#3014);
#1148=VERTEX_POINT('',#3018);
#1149=VERTEX_POINT('',#3020);
#1150=VERTEX_POINT('',#3024);
#1151=VERTEX_POINT('',#3026);
#1152=VERTEX_POINT('',#3030);
#1153=VERTEX_POINT('',#3034);
#1154=VERTEX_POINT('',#3038);
#1155=VERTEX_POINT('',#3042);
#1156=VERTEX_POINT('',#3046);
#1157=VERTEX_POINT('',#3050);
#1158=VERTEX_POINT('',#3054);
#1159=VERTEX_POINT('',#3058);
#1160=VERTEX_POINT('',#3062);
#1161=VERTEX_POINT('',#3066);
#1162=VERTEX_POINT('',#3070);
#1163=VERTEX_POINT('',#3074);
#1164=VERTEX_POINT('',#3076);
#1165=VERTEX_POINT('',#3077);
#1166=VERTEX_POINT('',#3082);
#1167=VERTEX_POINT('',#3084);
#1168=VERTEX_POINT('',#3087);
#1169=VERTEX_POINT('',#3090);
#1170=VERTEX_POINT('',#3092);
#1171=VERTEX_POINT('',#3093);
#1172=VERTEX_POINT('',#3098);
#1173=VERTEX_POINT('',#3102);
#1174=VERTEX_POINT('',#3104);
#1175=VERTEX_POINT('',#3107);
#1176=VERTEX_POINT('',#3110);
#1177=VERTEX_POINT('',#3111);
#1178=VERTEX_POINT('',#3113);
#1179=VERTEX_POINT('',#3115);
#1180=VERTEX_POINT('',#3117);
#1181=VERTEX_POINT('',#3119);
#1182=VERTEX_POINT('',#3121);
#1183=VERTEX_POINT('',#3123);
#1184=VERTEX_POINT('',#3125);
#1185=VERTEX_POINT('',#3127);
#1186=VERTEX_POINT('',#3129);
#1187=VERTEX_POINT('',#3131);
#1188=VERTEX_POINT('',#3133);
#1189=VERTEX_POINT('',#3135);
#1190=VERTEX_POINT('',#3137);
#1191=VERTEX_POINT('',#3139);
#1192=VERTEX_POINT('',#3141);
#1193=VERTEX_POINT('',#3143);
#1194=VERTEX_POINT('',#3146);
#1195=VERTEX_POINT('',#3148);
#1196=VERTEX_POINT('',#3160);
#1197=VERTEX_POINT('',#3163);
#1198=VERTEX_POINT('',#3165);
#1199=VERTEX_POINT('',#3167);
#1200=VERTEX_POINT('',#3169);
#1201=VERTEX_POINT('',#3172);
#1202=VERTEX_POINT('',#3176);
#1203=VERTEX_POINT('',#3179);
#1204=VERTEX_POINT('',#3181);
#1205=VERTEX_POINT('',#3183);
#1206=VERTEX_POINT('',#3185);
#1207=VERTEX_POINT('',#3188);
#1208=VERTEX_POINT('',#3198);
#1209=VERTEX_POINT('',#3200);
#1210=VERTEX_POINT('',#3204);
#1211=VERTEX_POINT('',#3214);
#1212=VERTEX_POINT('',#3216);
#1213=VERTEX_POINT('',#3220);
#1214=VERTEX_POINT('',#3244);
#1215=VERTEX_POINT('',#3247);
#1216=VERTEX_POINT('',#3251);
#1217=VERTEX_POINT('',#3254);
#1218=VERTEX_POINT('',#3272);
#1219=VERTEX_POINT('',#3276);
#1220=LINE('',#2758,#1364);
#1221=LINE('',#2765,#1365);
#1222=LINE('',#2771,#1366);
#1223=LINE('',#2777,#1367);
#1224=LINE('',#2783,#1368);
#1225=LINE('',#2789,#1369);
#1226=LINE('',#2794,#1370);
#1227=LINE('',#2803,#1371);
#1228=LINE('',#2809,#1372);
#1229=LINE('',#2815,#1373);
#1230=LINE('',#2823,#1374);
#1231=LINE('',#2829,#1375);
#1232=LINE('',#2835,#1376);
#1233=LINE('',#2843,#1377);
#1234=LINE('',#2849,#1378);
#1235=LINE('',#2851,#1379);
#1236=LINE('',#2855,#1380);
#1237=LINE('',#2859,#1381);
#1238=LINE('',#2861,#1382);
#1239=LINE('',#2867,#1383);
#1240=LINE('',#2875,#1384);
#1241=LINE('',#2881,#1385);
#1242=LINE('',#2887,#1386);
#1243=LINE('',#2891,#1387);
#1244=LINE('',#2895,#1388);
#1245=LINE('',#2900,#1389);
#1246=LINE('',#2904,#1390);
#1247=LINE('',#2905,#1391);
#1248=LINE('',#2910,#1392);
#1249=LINE('',#2911,#1393);
#1250=LINE('',#2915,#1394);
#1251=LINE('',#2920,#1395);
#1252=LINE('',#2921,#1396);
#1253=LINE('',#2925,#1397);
#1254=LINE('',#2927,#1398);
#1255=LINE('',#2929,#1399);
#1256=LINE('',#2931,#1400);
#1257=LINE('',#2936,#1401);
#1258=LINE('',#2937,#1402);
#1259=LINE('',#2939,#1403);
#1260=LINE('',#2947,#1404);
#1261=LINE('',#2962,#1405);
#1262=LINE('',#2964,#1406);
#1263=LINE('',#2968,#1407);
#1264=LINE('',#2972,#1408);
#1265=LINE('',#2975,#1409);
#1266=LINE('',#2990,#1410);
#1267=LINE('',#2991,#1411);
#1268=LINE('',#2993,#1412);
#1269=LINE('',#2994,#1413);
#1270=LINE('',#2996,#1414);
#1271=LINE('',#2997,#1415);
#1272=LINE('',#2999,#1416);
#1273=LINE('',#3000,#1417);
#1274=LINE('',#3005,#1418);
#1275=LINE('',#3006,#1419);
#1276=LINE('',#3008,#1420);
#1277=LINE('',#3009,#1421);
#1278=LINE('',#3011,#1422);
#1279=LINE('',#3015,#1423);
#1280=LINE('',#3017,#1424);
#1281=LINE('',#3019,#1425);
#1282=LINE('',#3021,#1426);
#1283=LINE('',#3023,#1427);
#1284=LINE('',#3025,#1428);
#1285=LINE('',#3027,#1429);
#1286=LINE('',#3029,#1430);
#1287=LINE('',#3033,#1431);
#1288=LINE('',#3037,#1432);
#1289=LINE('',#3039,#1433);
#1290=LINE('',#3041,#1434);
#1291=LINE('',#3045,#1435);
#1292=LINE('',#3049,#1436);
#1293=LINE('',#3051,#1437);
#1294=LINE('',#3053,#1438);
#1295=LINE('',#3057,#1439);
#1296=LINE('',#3061,#1440);
#1297=LINE('',#3063,#1441);
#1298=LINE('',#3065,#1442);
#1299=LINE('',#3069,#1443);
#1300=LINE('',#3078,#1444);
#1301=LINE('',#3079,#1445);
#1302=LINE('',#3081,#1446);
#1303=LINE('',#3083,#1447);
#1304=LINE('',#3094,#1448);
#1305=LINE('',#3095,#1449);
#1306=LINE('',#3097,#1450);
#1307=LINE('',#3099,#1451);
#1308=LINE('',#3101,#1452);
#1309=LINE('',#3103,#1453);
#1310=LINE('',#3112,#1454);
#1311=LINE('',#3118,#1455);
#1312=LINE('',#3124,#1456);
#1313=LINE('',#3130,#1457);
#1314=LINE('',#3136,#1458);
#1315=LINE('',#3142,#1459);
#1316=LINE('',#3152,#1460);
#1317=LINE('',#3154,#1461);
#1318=LINE('',#3155,#1462);
#1319=LINE('',#3157,#1463);
#1320=LINE('',#3168,#1464);
#1321=LINE('',#3173,#1465);
#1322=LINE('',#3184,#1466);
#1323=LINE('',#3189,#1467);
#1324=LINE('',#3191,#1468);
#1325=LINE('',#3192,#1469);
#1326=LINE('',#3194,#1470);
#1327=LINE('',#3195,#1471);
#1328=LINE('',#3197,#1472);
#1329=LINE('',#3199,#1473);
#1330=LINE('',#3201,#1474);
#1331=LINE('',#3203,#1475);
#1332=LINE('',#3205,#1476);
#1333=LINE('',#3213,#1477);
#1334=LINE('',#3215,#1478);
#1335=LINE('',#3217,#1479);
#1336=LINE('',#3219,#1480);
#1337=LINE('',#3221,#1481);
#1338=LINE('',#3229,#1482);
#1339=LINE('',#3231,#1483);
#1340=LINE('',#3232,#1484);
#1341=LINE('',#3236,#1485);
#1342=LINE('',#3238,#1486);
#1343=LINE('',#3239,#1487);
#1344=LINE('',#3271,#1488);
#1345=LINE('',#3277,#1489);
#1346=LINE('',#3283,#1490);
#1347=LINE('',#3284,#1491);
#1348=LINE('',#3286,#1492);
#1349=LINE('',#3288,#1493);
#1350=LINE('',#3290,#1494);
#1351=LINE('',#3292,#1495);
#1352=LINE('',#3294,#1496);
#1353=LINE('',#3296,#1497);
#1354=LINE('',#3298,#1498);
#1355=LINE('',#3300,#1499);
#1356=LINE('',#3302,#1500);
#1357=LINE('',#3304,#1501);
#1358=LINE('',#3306,#1502);
#1359=LINE('',#3308,#1503);
#1360=LINE('',#3310,#1504);
#1361=LINE('',#3312,#1505);
#1362=LINE('',#3314,#1506);
#1363=LINE('',#3316,#1507);
#1364=VECTOR('',#2144,1.);
#1365=VECTOR('',#2149,1.);
#1366=VECTOR('',#2154,1.);
#1367=VECTOR('',#2159,1.);
#1368=VECTOR('',#2164,1.);
#1369=VECTOR('',#2169,1.);
#1370=VECTOR('',#2174,1.);
#1371=VECTOR('',#2181,1.);
#1372=VECTOR('',#2186,1.);
#1373=VECTOR('',#2191,1.);
#1374=VECTOR('',#2198,1.);
#1375=VECTOR('',#2203,1.);
#1376=VECTOR('',#2208,1.);
#1377=VECTOR('',#2215,1.);
#1378=VECTOR('',#2220,1.);
#1379=VECTOR('',#2221,1.);
#1380=VECTOR('',#2224,1.);
#1381=VECTOR('',#2227,1.);
#1382=VECTOR('',#2228,1.);
#1383=VECTOR('',#2233,1.);
#1384=VECTOR('',#2240,1.);
#1385=VECTOR('',#2245,1.);
#1386=VECTOR('',#2252,1.);
#1387=VECTOR('',#2255,1.);
#1388=VECTOR('',#2258,1.);
#1389=VECTOR('',#2263,1.);
#1390=VECTOR('',#2266,1.);
#1391=VECTOR('',#2267,1.);
#1392=VECTOR('',#2272,1.);
#1393=VECTOR('',#2273,1.);
#1394=VECTOR('',#2276,1.);
#1395=VECTOR('',#2281,1.);
#1396=VECTOR('',#2282,1.);
#1397=VECTOR('',#2285,1.);
#1398=VECTOR('',#2288,1.);
#1399=VECTOR('',#2289,1.);
#1400=VECTOR('',#2290,1.);
#1401=VECTOR('',#2295,1.);
#1402=VECTOR('',#2296,1.);
#1403=VECTOR('',#2299,1.);
#1404=VECTOR('',#2306,1.);
#1405=VECTOR('',#2321,1.);
#1406=VECTOR('',#2322,1.);
#1407=VECTOR('',#2325,1.);
#1408=VECTOR('',#2328,1.);
#1409=VECTOR('',#2333,1.);
#1410=VECTOR('',#2350,1.);
#1411=VECTOR('',#2351,1.);
#1412=VECTOR('',#2354,1.);
#1413=VECTOR('',#2355,1.);
#1414=VECTOR('',#2358,1.);
#1415=VECTOR('',#2359,1.);
#1416=VECTOR('',#2362,1.);
#1417=VECTOR('',#2363,1.);
#1418=VECTOR('',#2368,1.);
#1419=VECTOR('',#2369,1.);
#1420=VECTOR('',#2372,1.);
#1421=VECTOR('',#2373,1.);
#1422=VECTOR('',#2376,1.);
#1423=VECTOR('',#2379,1.);
#1424=VECTOR('',#2382,1.);
#1425=VECTOR('',#2383,1.);
#1426=VECTOR('',#2384,1.);
#1427=VECTOR('',#2387,1.);
#1428=VECTOR('',#2388,1.);
#1429=VECTOR('',#2389,1.);
#1430=VECTOR('',#2392,1.);
#1431=VECTOR('',#2397,1.);
#1432=VECTOR('',#2402,1.);
#1433=VECTOR('',#2403,1.);
#1434=VECTOR('',#2406,1.);
#1435=VECTOR('',#2411,1.);
#1436=VECTOR('',#2416,1.);
#1437=VECTOR('',#2417,1.);
#1438=VECTOR('',#2420,1.);
#1439=VECTOR('',#2425,1.);
#1440=VECTOR('',#2430,1.);
#1441=VECTOR('',#2431,1.);
#1442=VECTOR('',#2434,1.);
#1443=VECTOR('',#2439,1.);
#1444=VECTOR('',#2448,1.);
#1445=VECTOR('',#2449,1.);
#1446=VECTOR('',#2452,1.);
#1447=VECTOR('',#2453,1.);
#1448=VECTOR('',#2464,1.);
#1449=VECTOR('',#2465,1.);
#1450=VECTOR('',#2468,1.);
#1451=VECTOR('',#2469,1.);
#1452=VECTOR('',#2472,1.);
#1453=VECTOR('',#2473,1.);
#1454=VECTOR('',#2482,1.);
#1455=VECTOR('',#2487,1.);
#1456=VECTOR('',#2492,1.);
#1457=VECTOR('',#2497,1.);
#1458=VECTOR('',#2502,1.);
#1459=VECTOR('',#2507,1.);
#1460=VECTOR('',#2520,1.);
#1461=VECTOR('',#2523,1.);
#1462=VECTOR('',#2524,1.);
#1463=VECTOR('',#2527,1.);
#1464=VECTOR('',#2540,1.);
#1465=VECTOR('',#2545,1.);
#1466=VECTOR('',#2558,1.);
#1467=VECTOR('',#2563,1.);
#1468=VECTOR('',#2566,1.);
#1469=VECTOR('',#2567,1.);
#1470=VECTOR('',#2570,1.);
#1471=VECTOR('',#2571,1.);
#1472=VECTOR('',#2574,1.);
#1473=VECTOR('',#2575,1.);
#1474=VECTOR('',#2576,1.);
#1475=VECTOR('',#2579,1.);
#1476=VECTOR('',#2580,1.);
#1477=VECTOR('',#2595,1.);
#1478=VECTOR('',#2596,1.);
#1479=VECTOR('',#2597,1.);
#1480=VECTOR('',#2600,1.);
#1481=VECTOR('',#2601,1.);
#1482=VECTOR('',#2616,1.);
#1483=VECTOR('',#2619,1.);
#1484=VECTOR('',#2620,1.);
#1485=VECTOR('',#2627,1.);
#1486=VECTOR('',#2630,1.);
#1487=VECTOR('',#2631,1.);
#1488=VECTOR('',#2686,1.);
#1489=VECTOR('',#2693,1.);
#1490=VECTOR('',#2704,1.);
#1491=VECTOR('',#2705,1.);
#1492=VECTOR('',#2708,1.);
#1493=VECTOR('',#2711,1.);
#1494=VECTOR('',#2714,1.);
#1495=VECTOR('',#2717,1.);
#1496=VECTOR('',#2720,1.);
#1497=VECTOR('',#2723,1.);
#1498=VECTOR('',#2726,1.);
#1499=VECTOR('',#2729,1.);
#1500=VECTOR('',#2732,1.);
#1501=VECTOR('',#2735,1.);
#1502=VECTOR('',#2738,1.);
#1503=VECTOR('',#2741,1.);
#1504=VECTOR('',#2744,1.);
#1505=VECTOR('',#2747,1.);
#1506=VECTOR('',#2750,1.);
#1507=VECTOR('',#2753,1.);
#1508=EDGE_LOOP('',(#210,#211,#212,#213,#214,#215,#216,#217,#218,#219,#220,
#221,#222,#223,#224,#225,#226,#227));
#1509=EDGE_LOOP('',(#228,#229,#230,#231,#232,#233,#234,#235,#236,#237,#238,
#239,#240,#241,#242,#243,#244,#245,#246,#247,#248,#249,#250,#251,#252,#253,
#254,#255,#256,#257,#258,#259,#260,#261,#262,#263,#264,#265,#266,#267,#268,
#269,#270,#271,#272,#273));
#1510=EDGE_LOOP('',(#274,#275,#276,#277,#278,#279));
#1511=EDGE_LOOP('',(#280,#281,#282,#283,#284,#285));
#1512=EDGE_LOOP('',(#286,#287,#288,#289,#290,#291));
#1513=EDGE_LOOP('',(#292,#293,#294,#295,#296,#297));
#1514=EDGE_LOOP('',(#298,#299,#300,#301));
#1515=EDGE_LOOP('',(#302,#303,#304,#305));
#1516=EDGE_LOOP('',(#306,#307,#308,#309,#310,#311,#312,#313,#314,#315,#316,
#317,#318,#319,#320,#321,#322,#323,#324,#325,#326,#327,#328,#329,#330,#331,
#332,#333,#334,#335,#336,#337,#338,#339));
#1517=EDGE_LOOP('',(#340,#341,#342,#343));
#1518=EDGE_LOOP('',(#344,#345,#346,#347));
#1519=EDGE_LOOP('',(#348,#349,#350,#351));
#1520=EDGE_LOOP('',(#352,#353,#354,#355));
#1521=EDGE_LOOP('',(#356,#357,#358,#359));
#1522=EDGE_LOOP('',(#360,#361,#362,#363));
#1523=EDGE_LOOP('',(#364,#365,#366,#367));
#1524=EDGE_LOOP('',(#368,#369,#370,#371));
#1525=EDGE_LOOP('',(#372,#373,#374,#375));
#1526=EDGE_LOOP('',(#376,#377,#378,#379));
#1527=EDGE_LOOP('',(#380,#381,#382,#383));
#1528=EDGE_LOOP('',(#384,#385,#386,#387));
#1529=EDGE_LOOP('',(#388,#389,#390,#391));
#1530=EDGE_LOOP('',(#392,#393,#394,#395));
#1531=EDGE_LOOP('',(#396,#397,#398,#399));
#1532=EDGE_LOOP('',(#400,#401,#402,#403));
#1533=EDGE_LOOP('',(#404,#405,#406,#407));
#1534=EDGE_LOOP('',(#408,#409,#410,#411));
#1535=EDGE_LOOP('',(#412,#413,#414,#415));
#1536=EDGE_LOOP('',(#416,#417,#418,#419));
#1537=EDGE_LOOP('',(#420));
#1538=EDGE_LOOP('',(#421,#422,#423,#424));
#1539=EDGE_LOOP('',(#425,#426,#427,#428));
#1540=EDGE_LOOP('',(#429));
#1541=EDGE_LOOP('',(#430));
#1542=EDGE_LOOP('',(#431,#432,#433,#434));
#1543=EDGE_LOOP('',(#435,#436,#437,#438));
#1544=EDGE_LOOP('',(#439,#440,#441,#442));
#1545=EDGE_LOOP('',(#443));
#1546=EDGE_LOOP('',(#444,#445,#446,#447,#448,#449,#450,#451,#452,#453,#454,
#455,#456,#457,#458,#459,#460,#461));
#1547=EDGE_LOOP('',(#462));
#1548=EDGE_LOOP('',(#463));
#1549=EDGE_LOOP('',(#464));
#1550=EDGE_LOOP('',(#465));
#1551=EDGE_LOOP('',(#466));
#1552=EDGE_LOOP('',(#467));
#1553=EDGE_LOOP('',(#468,#469,#470,#471));
#1554=EDGE_LOOP('',(#472,#473,#474,#475));
#1555=EDGE_LOOP('',(#476,#477,#478,#479));
#1556=EDGE_LOOP('',(#480,#481,#482,#483));
#1557=EDGE_LOOP('',(#484,#485,#486,#487));
#1558=EDGE_LOOP('',(#488));
#1559=EDGE_LOOP('',(#489,#490,#491,#492,#493,#494,#495,#496,#497,#498,#499));
#1560=EDGE_LOOP('',(#500));
#1561=EDGE_LOOP('',(#501,#502,#503,#504,#505,#506,#507,#508,#509,#510,#511));
#1562=EDGE_LOOP('',(#512,#513,#514,#515));
#1563=EDGE_LOOP('',(#516,#517,#518,#519));
#1564=EDGE_LOOP('',(#520,#521,#522,#523));
#1565=EDGE_LOOP('',(#524,#525,#526,#527));
#1566=EDGE_LOOP('',(#528,#529,#530,#531,#532,#533,#534));
#1567=EDGE_LOOP('',(#535,#536,#537,#538));
#1568=EDGE_LOOP('',(#539,#540,#541,#542));
#1569=EDGE_LOOP('',(#543,#544,#545,#546));
#1570=EDGE_LOOP('',(#547,#548,#549,#550));
#1571=EDGE_LOOP('',(#551,#552,#553,#554,#555,#556,#557));
#1572=EDGE_LOOP('',(#558,#559,#560,#561));
#1573=EDGE_LOOP('',(#562,#563,#564,#565));
#1574=EDGE_LOOP('',(#566,#567,#568,#569));
#1575=EDGE_LOOP('',(#570,#571,#572,#573));
#1576=EDGE_LOOP('',(#574,#575,#576,#577));
#1577=EDGE_LOOP('',(#578,#579,#580,#581));
#1578=EDGE_LOOP('',(#582,#583,#584,#585));
#1579=EDGE_LOOP('',(#586,#587,#588,#589));
#1580=EDGE_LOOP('',(#590,#591,#592,#593));
#1581=EDGE_LOOP('',(#594,#595,#596,#597));
#1582=EDGE_LOOP('',(#598));
#1583=EDGE_LOOP('',(#599));
#1584=EDGE_LOOP('',(#600));
#1585=EDGE_LOOP('',(#601));
#1586=EDGE_LOOP('',(#602));
#1587=EDGE_LOOP('',(#603));
#1588=EDGE_LOOP('',(#604));
#1589=EDGE_LOOP('',(#605));
#1590=EDGE_LOOP('',(#606));
#1591=EDGE_LOOP('',(#607));
#1592=EDGE_LOOP('',(#608));
#1593=EDGE_LOOP('',(#609));
#1594=EDGE_LOOP('',(#610,#611,#612,#613));
#1595=EDGE_LOOP('',(#614,#615,#616,#617));
#1596=EDGE_LOOP('',(#618,#619,#620,#621));
#1597=EDGE_LOOP('',(#622,#623,#624,#625));
#1598=EDGE_LOOP('',(#626,#627,#628,#629));
#1599=EDGE_LOOP('',(#630,#631,#632,#633));
#1600=EDGE_LOOP('',(#634,#635,#636,#637,#638,#639));
#1601=EDGE_LOOP('',(#640,#641,#642,#643));
#1602=EDGE_LOOP('',(#644,#645,#646,#647,#648,#649));
#1603=EDGE_LOOP('',(#650,#651,#652,#653));
#1604=EDGE_LOOP('',(#654,#655,#656,#657));
#1605=EDGE_LOOP('',(#658,#659,#660,#661,#662,#663));
#1606=EDGE_LOOP('',(#664,#665,#666,#667));
#1607=EDGE_LOOP('',(#668,#669,#670,#671,#672,#673));
#1608=EDGE_LOOP('',(#674,#675,#676,#677));
#1609=EDGE_LOOP('',(#678,#679,#680,#681));
#1610=EDGE_LOOP('',(#682,#683,#684,#685));
#1611=EDGE_LOOP('',(#686,#687,#688,#689));
#1612=EDGE_LOOP('',(#690,#691,#692,#693));
#1613=EDGE_LOOP('',(#694,#695,#696,#697));
#1614=EDGE_LOOP('',(#698,#699,#700,#701));
#1615=EDGE_LOOP('',(#702,#703,#704,#705));
#1616=EDGE_LOOP('',(#706,#707,#708,#709));
#1617=EDGE_LOOP('',(#710,#711,#712,#713));
#1618=EDGE_LOOP('',(#714,#715,#716,#717));
#1619=EDGE_LOOP('',(#718,#719,#720,#721));
#1620=EDGE_LOOP('',(#722,#723,#724,#725));
#1621=EDGE_LOOP('',(#726,#727,#728,#729));
#1622=EDGE_LOOP('',(#730,#731,#732,#733));
#1623=EDGE_LOOP('',(#734,#735,#736,#737));
#1624=EDGE_LOOP('',(#738,#739,#740,#741));
#1625=EDGE_LOOP('',(#742,#743,#744,#745));
#1626=EDGE_LOOP('',(#746,#747,#748,#749));
#1627=EDGE_LOOP('',(#750,#751,#752,#753));
#1628=EDGE_LOOP('',(#754,#755,#756,#757));
#1629=EDGE_LOOP('',(#758,#759,#760,#761));
#1630=FACE_BOUND('',#1508,.T.);
#1631=FACE_BOUND('',#1509,.T.);
#1632=FACE_BOUND('',#1510,.T.);
#1633=FACE_BOUND('',#1511,.T.);
#1634=FACE_BOUND('',#1512,.T.);
#1635=FACE_BOUND('',#1513,.T.);
#1636=FACE_BOUND('',#1514,.T.);
#1637=FACE_BOUND('',#1515,.T.);
#1638=FACE_BOUND('',#1516,.T.);
#1639=FACE_BOUND('',#1517,.T.);
#1640=FACE_BOUND('',#1518,.T.);
#1641=FACE_BOUND('',#1519,.T.);
#1642=FACE_BOUND('',#1520,.T.);
#1643=FACE_BOUND('',#1521,.T.);
#1644=FACE_BOUND('',#1522,.T.);
#1645=FACE_BOUND('',#1523,.T.);
#1646=FACE_BOUND('',#1524,.T.);
#1647=FACE_BOUND('',#1525,.T.);
#1648=FACE_BOUND('',#1526,.T.);
#1649=FACE_BOUND('',#1527,.T.);
#1650=FACE_BOUND('',#1528,.T.);
#1651=FACE_BOUND('',#1529,.T.);
#1652=FACE_BOUND('',#1530,.T.);
#1653=FACE_BOUND('',#1531,.T.);
#1654=FACE_BOUND('',#1532,.T.);
#1655=FACE_BOUND('',#1533,.T.);
#1656=FACE_BOUND('',#1534,.T.);
#1657=FACE_BOUND('',#1535,.T.);
#1658=FACE_BOUND('',#1536,.T.);
#1659=FACE_BOUND('',#1537,.T.);
#1660=FACE_BOUND('',#1538,.T.);
#1661=FACE_BOUND('',#1539,.T.);
#1662=FACE_BOUND('',#1540,.T.);
#1663=FACE_BOUND('',#1541,.T.);
#1664=FACE_BOUND('',#1542,.T.);
#1665=FACE_BOUND('',#1543,.T.);
#1666=FACE_BOUND('',#1544,.T.);
#1667=FACE_BOUND('',#1545,.T.);
#1668=FACE_BOUND('',#1546,.T.);
#1669=FACE_BOUND('',#1547,.T.);
#1670=FACE_BOUND('',#1548,.T.);
#1671=FACE_BOUND('',#1549,.T.);
#1672=FACE_BOUND('',#1550,.T.);
#1673=FACE_BOUND('',#1551,.T.);
#1674=FACE_BOUND('',#1552,.T.);
#1675=FACE_BOUND('',#1553,.T.);
#1676=FACE_BOUND('',#1554,.T.);
#1677=FACE_BOUND('',#1555,.T.);
#1678=FACE_BOUND('',#1556,.T.);
#1679=FACE_BOUND('',#1557,.T.);
#1680=FACE_BOUND('',#1558,.T.);
#1681=FACE_BOUND('',#1559,.T.);
#1682=FACE_BOUND('',#1560,.T.);
#1683=FACE_BOUND('',#1561,.T.);
#1684=FACE_BOUND('',#1562,.T.);
#1685=FACE_BOUND('',#1563,.T.);
#1686=FACE_BOUND('',#1564,.T.);
#1687=FACE_BOUND('',#1565,.T.);
#1688=FACE_BOUND('',#1566,.T.);
#1689=FACE_BOUND('',#1567,.T.);
#1690=FACE_BOUND('',#1568,.T.);
#1691=FACE_BOUND('',#1569,.T.);
#1692=FACE_BOUND('',#1570,.T.);
#1693=FACE_BOUND('',#1571,.T.);
#1694=FACE_BOUND('',#1572,.T.);
#1695=FACE_BOUND('',#1573,.T.);
#1696=FACE_BOUND('',#1574,.T.);
#1697=FACE_BOUND('',#1575,.T.);
#1698=FACE_BOUND('',#1576,.T.);
#1699=FACE_BOUND('',#1577,.T.);
#1700=FACE_BOUND('',#1578,.T.);
#1701=FACE_BOUND('',#1579,.T.);
#1702=FACE_BOUND('',#1580,.T.);
#1703=FACE_BOUND('',#1581,.T.);
#1704=FACE_BOUND('',#1582,.T.);
#1705=FACE_BOUND('',#1583,.T.);
#1706=FACE_BOUND('',#1584,.T.);
#1707=FACE_BOUND('',#1585,.T.);
#1708=FACE_BOUND('',#1586,.T.);
#1709=FACE_BOUND('',#1587,.T.);
#1710=FACE_BOUND('',#1588,.T.);
#1711=FACE_BOUND('',#1589,.T.);
#1712=FACE_BOUND('',#1590,.T.);
#1713=FACE_BOUND('',#1591,.T.);
#1714=FACE_BOUND('',#1592,.T.);
#1715=FACE_BOUND('',#1593,.T.);
#1716=FACE_BOUND('',#1594,.T.);
#1717=FACE_BOUND('',#1595,.T.);
#1718=FACE_BOUND('',#1596,.T.);
#1719=FACE_BOUND('',#1597,.T.);
#1720=FACE_BOUND('',#1598,.T.);
#1721=FACE_BOUND('',#1599,.T.);
#1722=FACE_BOUND('',#1600,.T.);
#1723=FACE_BOUND('',#1601,.T.);
#1724=FACE_BOUND('',#1602,.T.);
#1725=FACE_BOUND('',#1603,.T.);
#1726=FACE_BOUND('',#1604,.T.);
#1727=FACE_BOUND('',#1605,.T.);
#1728=FACE_BOUND('',#1606,.T.);
#1729=FACE_BOUND('',#1607,.T.);
#1730=FACE_BOUND('',#1608,.T.);
#1731=FACE_BOUND('',#1609,.T.);
#1732=FACE_BOUND('',#1610,.T.);
#1733=FACE_BOUND('',#1611,.T.);
#1734=FACE_BOUND('',#1612,.T.);
#1735=FACE_BOUND('',#1613,.T.);
#1736=FACE_BOUND('',#1614,.T.);
#1737=FACE_BOUND('',#1615,.T.);
#1738=FACE_BOUND('',#1616,.T.);
#1739=FACE_BOUND('',#1617,.T.);
#1740=FACE_BOUND('',#1618,.T.);
#1741=FACE_BOUND('',#1619,.T.);
#1742=FACE_BOUND('',#1620,.T.);
#1743=FACE_BOUND('',#1621,.T.);
#1744=FACE_BOUND('',#1622,.T.);
#1745=FACE_BOUND('',#1623,.T.);
#1746=FACE_BOUND('',#1624,.T.);
#1747=FACE_BOUND('',#1625,.T.);
#1748=FACE_BOUND('',#1626,.T.);
#1749=FACE_BOUND('',#1627,.T.);
#1750=FACE_BOUND('',#1628,.T.);
#1751=FACE_BOUND('',#1629,.T.);
#1752=PLANE('',#1905);
#1753=PLANE('',#1960);
#1754=PLANE('',#1963);
#1755=PLANE('',#1985);
#1756=PLANE('',#1987);
#1757=PLANE('',#1994);
#1758=PLANE('',#1995);
#1759=PLANE('',#2000);
#1760=PLANE('',#2005);
#1761=PLANE('',#2010);
#1762=PLANE('',#2024);
#1763=PLANE('',#2028);
#1764=PLANE('',#2043);
#1765=PLANE('',#2044);
#1766=PLANE('',#2045);
#1767=PLANE('',#2046);
#1768=PLANE('',#2047);
#1769=PLANE('',#2048);
#1770=PLANE('',#2056);
#1771=PLANE('',#2066);
#1772=PLANE('',#2067);
#1773=PLANE('',#2068);
#1774=PLANE('',#2074);
#1775=PLANE('',#2075);
#1776=PLANE('',#2076);
#1777=PLANE('',#2082);
#1778=PLANE('',#2083);
#1779=PLANE('',#2086);
#1780=PLANE('',#2087);
#1781=PLANE('',#2092);
#1782=PLANE('',#2097);
#1783=PLANE('',#2122);
#1784=PLANE('',#2127);
#1785=PLANE('',#2128);
#1786=PLANE('',#2133);
#1787=PLANE('',#2134);
#1788=PLANE('',#2139);
#1789=ADVANCED_FACE('',(#1630,#1631),#1752,.F.);
#1790=ADVANCED_FACE('',(#1632),#24,.T.);
#1791=ADVANCED_FACE('',(#1633),#25,.T.);
#1792=ADVANCED_FACE('',(#1634),#26,.T.);
#1793=ADVANCED_FACE('',(#1635),#27,.T.);
#1794=ADVANCED_FACE('',(#1636),#1753,.T.);
#1795=ADVANCED_FACE('',(#1637),#28,.T.);
#1796=ADVANCED_FACE('',(#1638),#1754,.F.);
#1797=ADVANCED_FACE('',(#1639),#1755,.T.);
#1798=ADVANCED_FACE('',(#1640),#29,.T.);
#1799=ADVANCED_FACE('',(#1641),#1756,.T.);
#1800=ADVANCED_FACE('',(#1642),#30,.T.);
#1801=ADVANCED_FACE('',(#1643),#31,.T.);
#1802=ADVANCED_FACE('',(#1644),#32,.T.);
#1803=ADVANCED_FACE('',(#1645),#33,.T.);
#1804=ADVANCED_FACE('',(#1646),#1757,.F.);
#1805=ADVANCED_FACE('',(#1647),#1758,.T.);
#1806=ADVANCED_FACE('',(#1648),#34,.T.);
#1807=ADVANCED_FACE('',(#1649),#35,.F.);
#1808=ADVANCED_FACE('',(#1650),#1759,.T.);
#1809=ADVANCED_FACE('',(#1651),#36,.F.);
#1810=ADVANCED_FACE('',(#1652),#37,.T.);
#1811=ADVANCED_FACE('',(#1653),#1760,.F.);
#1812=ADVANCED_FACE('',(#1654),#38,.T.);
#1813=ADVANCED_FACE('',(#1655),#39,.F.);
#1814=ADVANCED_FACE('',(#1656),#1761,.F.);
#1815=ADVANCED_FACE('',(#1657),#40,.F.);
#1816=ADVANCED_FACE('',(#1658),#41,.T.);
#1817=ADVANCED_FACE('',(#1659,#1660),#42,.F.);
#1818=ADVANCED_FACE('',(#1661,#1662),#43,.F.);
#1819=ADVANCED_FACE('',(#1663,#1664),#44,.F.);
#1820=ADVANCED_FACE('',(#1665),#1762,.F.);
#1821=ADVANCED_FACE('',(#1666,#1667),#45,.F.);
#1822=ADVANCED_FACE('',(#1668,#1669,#1670,#1671,#1672,#1673,#1674),#1763,
 .T.);
#1823=ADVANCED_FACE('',(#1675),#1764,.T.);
#1824=ADVANCED_FACE('',(#1676),#1765,.F.);
#1825=ADVANCED_FACE('',(#1677),#1766,.T.);
#1826=ADVANCED_FACE('',(#1678),#1767,.F.);
#1827=ADVANCED_FACE('',(#1679),#1768,.F.);
#1828=ADVANCED_FACE('',(#1680,#1681),#1769,.F.);
#1829=ADVANCED_FACE('',(#1682,#1683),#1770,.F.);
#1830=ADVANCED_FACE('',(#1684),#46,.T.);
#1831=ADVANCED_FACE('',(#1685),#47,.T.);
#1832=ADVANCED_FACE('',(#1686),#1771,.T.);
#1833=ADVANCED_FACE('',(#1687),#1772,.T.);
#1834=ADVANCED_FACE('',(#1688),#1773,.F.);
#1835=ADVANCED_FACE('',(#1689),#48,.F.);
#1836=ADVANCED_FACE('',(#1690),#49,.F.);
#1837=ADVANCED_FACE('',(#1691),#1774,.T.);
#1838=ADVANCED_FACE('',(#1692),#1775,.T.);
#1839=ADVANCED_FACE('',(#1693),#1776,.F.);
#1840=ADVANCED_FACE('',(#1694),#50,.F.);
#1841=ADVANCED_FACE('',(#1695),#51,.F.);
#1842=ADVANCED_FACE('',(#1696),#1777,.T.);
#1843=ADVANCED_FACE('',(#1697),#1778,.T.);
#1844=ADVANCED_FACE('',(#1698),#52,.F.);
#1845=ADVANCED_FACE('',(#1699),#53,.F.);
#1846=ADVANCED_FACE('',(#1700),#1779,.T.);
#1847=ADVANCED_FACE('',(#1701),#1780,.T.);
#1848=ADVANCED_FACE('',(#1702),#54,.F.);
#1849=ADVANCED_FACE('',(#1703),#55,.F.);
#1850=ADVANCED_FACE('',(#1704,#1705),#56,.F.);
#1851=ADVANCED_FACE('',(#1706,#1707),#1781,.T.);
#1852=ADVANCED_FACE('',(#1708,#1709),#57,.F.);
#1853=ADVANCED_FACE('',(#1710,#1711),#58,.F.);
#1854=ADVANCED_FACE('',(#1712,#1713),#1782,.T.);
#1855=ADVANCED_FACE('',(#1714,#1715),#59,.F.);
#1856=ADVANCED_FACE('',(#1716),#60,.F.);
#1857=ADVANCED_FACE('',(#1717),#61,.F.);
#1858=ADVANCED_FACE('',(#1718),#62,.F.);
#1859=ADVANCED_FACE('',(#1719),#63,.F.);
#1860=ADVANCED_FACE('',(#1720),#64,.F.);
#1861=ADVANCED_FACE('',(#1721),#65,.F.);
#1862=ADVANCED_FACE('',(#1722),#66,.F.);
#1863=ADVANCED_FACE('',(#1723),#67,.F.);
#1864=ADVANCED_FACE('',(#1724),#68,.F.);
#1865=ADVANCED_FACE('',(#1725),#69,.F.);
#1866=ADVANCED_FACE('',(#1726),#70,.F.);
#1867=ADVANCED_FACE('',(#1727),#71,.F.);
#1868=ADVANCED_FACE('',(#1728),#72,.F.);
#1869=ADVANCED_FACE('',(#1729),#73,.F.);
#1870=ADVANCED_FACE('',(#1730),#74,.T.);
#1871=ADVANCED_FACE('',(#1731),#75,.T.);
#1872=ADVANCED_FACE('',(#1732),#76,.F.);
#1873=ADVANCED_FACE('',(#1733),#77,.F.);
#1874=ADVANCED_FACE('',(#1734),#1783,.T.);
#1875=ADVANCED_FACE('',(#1735),#12,.F.);
#1876=ADVANCED_FACE('',(#1736),#13,.F.);
#1877=ADVANCED_FACE('',(#1737),#14,.T.);
#1878=ADVANCED_FACE('',(#1738),#15,.T.);
#1879=ADVANCED_FACE('',(#1739),#1784,.T.);
#1880=ADVANCED_FACE('',(#1740),#1785,.T.);
#1881=ADVANCED_FACE('',(#1741),#16,.F.);
#1882=ADVANCED_FACE('',(#1742),#17,.T.);
#1883=ADVANCED_FACE('',(#1743),#18,.T.);
#1884=ADVANCED_FACE('',(#1744),#19,.F.);
#1885=ADVANCED_FACE('',(#1745),#1786,.T.);
#1886=ADVANCED_FACE('',(#1746),#1787,.F.);
#1887=ADVANCED_FACE('',(#1747),#20,.T.);
#1888=ADVANCED_FACE('',(#1748),#21,.F.);
#1889=ADVANCED_FACE('',(#1749),#22,.F.);
#1890=ADVANCED_FACE('',(#1750),#23,.T.);
#1891=ADVANCED_FACE('',(#1751),#1788,.F.);
#1892=CLOSED_SHELL('',(#1789,#1790,#1791,#1792,#1793,#1794,#1795,#1796,
#1797,#1798,#1799,#1800,#1801,#1802,#1803,#1804,#1805,#1806,#1807,#1808,
#1809,#1810,#1811,#1812,#1813,#1814,#1815,#1816,#1817,#1818,#1819,#1820,
#1821,#1822,#1823,#1824,#1825,#1826,#1827,#1828,#1829,#1830,#1831,#1832,
#1833,#1834,#1835,#1836,#1837,#1838,#1839,#1840,#1841,#1842,#1843,#1844,
#1845,#1846,#1847,#1848,#1849,#1850,#1851,#1852,#1853,#1854,#1855,#1856,
#1857,#1858,#1859,#1860,#1861,#1862,#1863,#1864,#1865,#1866,#1867,#1868,
#1869,#1870,#1871,#1872,#1873,#1874,#1875,#1876,#1877,#1878,#1879,#1880,
#1881,#1882,#1883,#1884,#1885,#1886,#1887,#1888,#1889,#1890,#1891));
#1893=STYLED_ITEM('',(#1894),#1901);
#1894=PRESENTATION_STYLE_ASSIGNMENT((#1895));
#1895=SURFACE_STYLE_USAGE(.BOTH.,#1896);
#1896=SURFACE_SIDE_STYLE('',(#1897));
#1897=SURFACE_STYLE_FILL_AREA(#1898);
#1898=FILL_AREA_STYLE('',(#1899));
#1899=FILL_AREA_STYLE_COLOUR('',#1900);
#1900=COLOUR_RGB('',0.615686274509804,0.811764705882353,0.929411764705882);
#1901=MANIFOLD_SOLID_BREP('002-1-00-P-03-01',#1892);
#1902=SHAPE_DEFINITION_REPRESENTATION(#3324,#1903);
#1903=SHAPE_REPRESENTATION('002-1-00-P-03-01',(#1904),#3319);
#1904=AXIS2_PLACEMENT_3D('',#2756,#2140,#2141);
#1905=AXIS2_PLACEMENT_3D('',#2757,#2142,#2143);
#1906=AXIS2_PLACEMENT_3D('',#2761,#2145,#2146);
#1907=AXIS2_PLACEMENT_3D('',#2763,#2147,#2148);
#1908=AXIS2_PLACEMENT_3D('',#2767,#2150,#2151);
#1909=AXIS2_PLACEMENT_3D('',#2769,#2152,#2153);
#1910=AXIS2_PLACEMENT_3D('',#2773,#2155,#2156);
#1911=AXIS2_PLACEMENT_3D('',#2775,#2157,#2158);
#1912=AXIS2_PLACEMENT_3D('',#2779,#2160,#2161);
#1913=AXIS2_PLACEMENT_3D('',#2781,#2162,#2163);
#1914=AXIS2_PLACEMENT_3D('',#2785,#2165,#2166);
#1915=AXIS2_PLACEMENT_3D('',#2787,#2167,#2168);
#1916=AXIS2_PLACEMENT_3D('',#2791,#2170,#2171);
#1917=AXIS2_PLACEMENT_3D('',#2793,#2172,#2173);
#1918=AXIS2_PLACEMENT_3D('',#2797,#2175,#2176);
#1919=AXIS2_PLACEMENT_3D('',#2799,#2177,#2178);
#1920=AXIS2_PLACEMENT_3D('',#2801,#2179,#2180);
#1921=AXIS2_PLACEMENT_3D('',#2805,#2182,#2183);
#1922=AXIS2_PLACEMENT_3D('',#2807,#2184,#2185);
#1923=AXIS2_PLACEMENT_3D('',#2811,#2187,#2188);
#1924=AXIS2_PLACEMENT_3D('',#2813,#2189,#2190);
#1925=AXIS2_PLACEMENT_3D('',#2817,#2192,#2193);
#1926=AXIS2_PLACEMENT_3D('',#2819,#2194,#2195);
#1927=AXIS2_PLACEMENT_3D('',#2821,#2196,#2197);
#1928=AXIS2_PLACEMENT_3D('',#2825,#2199,#2200);
#1929=AXIS2_PLACEMENT_3D('',#2827,#2201,#2202);
#1930=AXIS2_PLACEMENT_3D('',#2831,#2204,#2205);
#1931=AXIS2_PLACEMENT_3D('',#2833,#2206,#2207);
#1932=AXIS2_PLACEMENT_3D('',#2837,#2209,#2210);
#1933=AXIS2_PLACEMENT_3D('',#2839,#2211,#2212);
#1934=AXIS2_PLACEMENT_3D('',#2841,#2213,#2214);
#1935=AXIS2_PLACEMENT_3D('',#2845,#2216,#2217);
#1936=AXIS2_PLACEMENT_3D('',#2847,#2218,#2219);
#1937=AXIS2_PLACEMENT_3D('',#2853,#2222,#2223);
#1938=AXIS2_PLACEMENT_3D('',#2857,#2225,#2226);
#1939=AXIS2_PLACEMENT_3D('',#2863,#2229,#2230);
#1940=AXIS2_PLACEMENT_3D('',#2865,#2231,#2232);
#1941=AXIS2_PLACEMENT_3D('',#2869,#2234,#2235);
#1942=AXIS2_PLACEMENT_3D('',#2871,#2236,#2237);
#1943=AXIS2_PLACEMENT_3D('',#2873,#2238,#2239);
#1944=AXIS2_PLACEMENT_3D('',#2877,#2241,#2242);
#1945=AXIS2_PLACEMENT_3D('',#2879,#2243,#2244);
#1946=AXIS2_PLACEMENT_3D('',#2883,#2246,#2247);
#1947=AXIS2_PLACEMENT_3D('',#2885,#2248,#2249);
#1948=AXIS2_PLACEMENT_3D('',#2886,#2250,#2251);
#1949=AXIS2_PLACEMENT_3D('',#2889,#2253,#2254);
#1950=AXIS2_PLACEMENT_3D('',#2893,#2256,#2257);
#1951=AXIS2_PLACEMENT_3D('',#2896,#2259,#2260);
#1952=AXIS2_PLACEMENT_3D('',#2897,#2261,#2262);
#1953=AXIS2_PLACEMENT_3D('',#2902,#2264,#2265);
#1954=AXIS2_PLACEMENT_3D('',#2906,#2268,#2269);
#1955=AXIS2_PLACEMENT_3D('',#2907,#2270,#2271);
#1956=AXIS2_PLACEMENT_3D('',#2913,#2274,#2275);
#1957=AXIS2_PLACEMENT_3D('',#2916,#2277,#2278);
#1958=AXIS2_PLACEMENT_3D('',#2917,#2279,#2280);
#1959=AXIS2_PLACEMENT_3D('',#2923,#2283,#2284);
#1960=AXIS2_PLACEMENT_3D('',#2926,#2286,#2287);
#1961=AXIS2_PLACEMENT_3D('',#2932,#2291,#2292);
#1962=AXIS2_PLACEMENT_3D('',#2933,#2293,#2294);
#1963=AXIS2_PLACEMENT_3D('',#2938,#2297,#2298);
#1964=AXIS2_PLACEMENT_3D('',#2942,#2300,#2301);
#1965=AXIS2_PLACEMENT_3D('',#2943,#2302,#2303);
#1966=AXIS2_PLACEMENT_3D('',#2945,#2304,#2305);
#1967=AXIS2_PLACEMENT_3D('',#2949,#2307,#2308);
#1968=AXIS2_PLACEMENT_3D('',#2951,#2309,#2310);
#1969=AXIS2_PLACEMENT_3D('',#2953,#2311,#2312);
#1970=AXIS2_PLACEMENT_3D('',#2955,#2313,#2314);
#1971=AXIS2_PLACEMENT_3D('',#2957,#2315,#2316);
#1972=AXIS2_PLACEMENT_3D('',#2959,#2317,#2318);
#1973=AXIS2_PLACEMENT_3D('',#2960,#2319,#2320);
#1974=AXIS2_PLACEMENT_3D('',#2966,#2323,#2324);
#1975=AXIS2_PLACEMENT_3D('',#2970,#2326,#2327);
#1976=AXIS2_PLACEMENT_3D('',#2973,#2329,#2330);
#1977=AXIS2_PLACEMENT_3D('',#2974,#2331,#2332);
#1978=AXIS2_PLACEMENT_3D('',#2977,#2334,#2335);
#1979=AXIS2_PLACEMENT_3D('',#2979,#2336,#2337);
#1980=AXIS2_PLACEMENT_3D('',#2981,#2338,#2339);
#1981=AXIS2_PLACEMENT_3D('',#2983,#2340,#2341);
#1982=AXIS2_PLACEMENT_3D('',#2985,#2342,#2343);
#1983=AXIS2_PLACEMENT_3D('',#2987,#2344,#2345);
#1984=AXIS2_PLACEMENT_3D('',#2988,#2346,#2347);
#1985=AXIS2_PLACEMENT_3D('',#2989,#2348,#2349);
#1986=AXIS2_PLACEMENT_3D('',#2992,#2352,#2353);
#1987=AXIS2_PLACEMENT_3D('',#2995,#2356,#2357);
#1988=AXIS2_PLACEMENT_3D('',#2998,#2360,#2361);
#1989=AXIS2_PLACEMENT_3D('',#3001,#2364,#2365);
#1990=AXIS2_PLACEMENT_3D('',#3002,#2366,#2367);
#1991=AXIS2_PLACEMENT_3D('',#3007,#2370,#2371);
#1992=AXIS2_PLACEMENT_3D('',#3010,#2374,#2375);
#1993=AXIS2_PLACEMENT_3D('',#3013,#2377,#2378);
#1994=AXIS2_PLACEMENT_3D('',#3016,#2380,#2381);
#1995=AXIS2_PLACEMENT_3D('',#3022,#2385,#2386);
#1996=AXIS2_PLACEMENT_3D('',#3028,#2390,#2391);
#1997=AXIS2_PLACEMENT_3D('',#3031,#2393,#2394);
#1998=AXIS2_PLACEMENT_3D('',#3032,#2395,#2396);
#1999=AXIS2_PLACEMENT_3D('',#3035,#2398,#2399);
#2000=AXIS2_PLACEMENT_3D('',#3036,#2400,#2401);
#2001=AXIS2_PLACEMENT_3D('',#3040,#2404,#2405);
#2002=AXIS2_PLACEMENT_3D('',#3043,#2407,#2408);
#2003=AXIS2_PLACEMENT_3D('',#3044,#2409,#2410);
#2004=AXIS2_PLACEMENT_3D('',#3047,#2412,#2413);
#2005=AXIS2_PLACEMENT_3D('',#3048,#2414,#2415);
#2006=AXIS2_PLACEMENT_3D('',#3052,#2418,#2419);
#2007=AXIS2_PLACEMENT_3D('',#3055,#2421,#2422);
#2008=AXIS2_PLACEMENT_3D('',#3056,#2423,#2424);
#2009=AXIS2_PLACEMENT_3D('',#3059,#2426,#2427);
#2010=AXIS2_PLACEMENT_3D('',#3060,#2428,#2429);
#2011=AXIS2_PLACEMENT_3D('',#3064,#2432,#2433);
#2012=AXIS2_PLACEMENT_3D('',#3067,#2435,#2436);
#2013=AXIS2_PLACEMENT_3D('',#3068,#2437,#2438);
#2014=AXIS2_PLACEMENT_3D('',#3071,#2440,#2441);
#2015=AXIS2_PLACEMENT_3D('',#3072,#2442,#2443);
#2016=AXIS2_PLACEMENT_3D('',#3073,#2444,#2445);
#2017=AXIS2_PLACEMENT_3D('',#3075,#2446,#2447);
#2018=AXIS2_PLACEMENT_3D('',#3080,#2450,#2451);
#2019=AXIS2_PLACEMENT_3D('',#3085,#2454,#2455);
#2020=AXIS2_PLACEMENT_3D('',#3086,#2456,#2457);
#2021=AXIS2_PLACEMENT_3D('',#3088,#2458,#2459);
#2022=AXIS2_PLACEMENT_3D('',#3089,#2460,#2461);
#2023=AXIS2_PLACEMENT_3D('',#3091,#2462,#2463);
#2024=AXIS2_PLACEMENT_3D('',#3096,#2466,#2467);
#2025=AXIS2_PLACEMENT_3D('',#3100,#2470,#2471);
#2026=AXIS2_PLACEMENT_3D('',#3105,#2474,#2475);
#2027=AXIS2_PLACEMENT_3D('',#3106,#2476,#2477);
#2028=AXIS2_PLACEMENT_3D('',#3108,#2478,#2479);
#2029=AXIS2_PLACEMENT_3D('',#3109,#2480,#2481);
#2030=AXIS2_PLACEMENT_3D('',#3114,#2483,#2484);
#2031=AXIS2_PLACEMENT_3D('',#3116,#2485,#2486);
#2032=AXIS2_PLACEMENT_3D('',#3120,#2488,#2489);
#2033=AXIS2_PLACEMENT_3D('',#3122,#2490,#2491);
#2034=AXIS2_PLACEMENT_3D('',#3126,#2493,#2494);
#2035=AXIS2_PLACEMENT_3D('',#3128,#2495,#2496);
#2036=AXIS2_PLACEMENT_3D('',#3132,#2498,#2499);
#2037=AXIS2_PLACEMENT_3D('',#3134,#2500,#2501);
#2038=AXIS2_PLACEMENT_3D('',#3138,#2503,#2504);
#2039=AXIS2_PLACEMENT_3D('',#3140,#2505,#2506);
#2040=AXIS2_PLACEMENT_3D('',#3144,#2508,#2509);
#2041=AXIS2_PLACEMENT_3D('',#3145,#2510,#2511);
#2042=AXIS2_PLACEMENT_3D('',#3147,#2512,#2513);
#2043=AXIS2_PLACEMENT_3D('',#3149,#2514,#2515);
#2044=AXIS2_PLACEMENT_3D('',#3150,#2516,#2517);
#2045=AXIS2_PLACEMENT_3D('',#3151,#2518,#2519);
#2046=AXIS2_PLACEMENT_3D('',#3153,#2521,#2522);
#2047=AXIS2_PLACEMENT_3D('',#3156,#2525,#2526);
#2048=AXIS2_PLACEMENT_3D('',#3158,#2528,#2529);
#2049=AXIS2_PLACEMENT_3D('',#3159,#2530,#2531);
#2050=AXIS2_PLACEMENT_3D('',#3161,#2532,#2533);
#2051=AXIS2_PLACEMENT_3D('',#3162,#2534,#2535);
#2052=AXIS2_PLACEMENT_3D('',#3164,#2536,#2537);
#2053=AXIS2_PLACEMENT_3D('',#3166,#2538,#2539);
#2054=AXIS2_PLACEMENT_3D('',#3170,#2541,#2542);
#2055=AXIS2_PLACEMENT_3D('',#3171,#2543,#2544);
#2056=AXIS2_PLACEMENT_3D('',#3174,#2546,#2547);
#2057=AXIS2_PLACEMENT_3D('',#3175,#2548,#2549);
#2058=AXIS2_PLACEMENT_3D('',#3177,#2550,#2551);
#2059=AXIS2_PLACEMENT_3D('',#3178,#2552,#2553);
#2060=AXIS2_PLACEMENT_3D('',#3180,#2554,#2555);
#2061=AXIS2_PLACEMENT_3D('',#3182,#2556,#2557);
#2062=AXIS2_PLACEMENT_3D('',#3186,#2559,#2560);
#2063=AXIS2_PLACEMENT_3D('',#3187,#2561,#2562);
#2064=AXIS2_PLACEMENT_3D('',#3190,#2564,#2565);
#2065=AXIS2_PLACEMENT_3D('',#3193,#2568,#2569);
#2066=AXIS2_PLACEMENT_3D('',#3196,#2572,#2573);
#2067=AXIS2_PLACEMENT_3D('',#3202,#2577,#2578);
#2068=AXIS2_PLACEMENT_3D('',#3206,#2581,#2582);
#2069=AXIS2_PLACEMENT_3D('',#3207,#2583,#2584);
#2070=AXIS2_PLACEMENT_3D('',#3208,#2585,#2586);
#2071=AXIS2_PLACEMENT_3D('',#3209,#2587,#2588);
#2072=AXIS2_PLACEMENT_3D('',#3210,#2589,#2590);
#2073=AXIS2_PLACEMENT_3D('',#3211,#2591,#2592);
#2074=AXIS2_PLACEMENT_3D('',#3212,#2593,#2594);
#2075=AXIS2_PLACEMENT_3D('',#3218,#2598,#2599);
#2076=AXIS2_PLACEMENT_3D('',#3222,#2602,#2603);
#2077=AXIS2_PLACEMENT_3D('',#3223,#2604,#2605);
#2078=AXIS2_PLACEMENT_3D('',#3224,#2606,#2607);
#2079=AXIS2_PLACEMENT_3D('',#3225,#2608,#2609);
#2080=AXIS2_PLACEMENT_3D('',#3226,#2610,#2611);
#2081=AXIS2_PLACEMENT_3D('',#3227,#2612,#2613);
#2082=AXIS2_PLACEMENT_3D('',#3228,#2614,#2615);
#2083=AXIS2_PLACEMENT_3D('',#3230,#2617,#2618);
#2084=AXIS2_PLACEMENT_3D('',#3233,#2621,#2622);
#2085=AXIS2_PLACEMENT_3D('',#3234,#2623,#2624);
#2086=AXIS2_PLACEMENT_3D('',#3235,#2625,#2626);
#2087=AXIS2_PLACEMENT_3D('',#3237,#2628,#2629);
#2088=AXIS2_PLACEMENT_3D('',#3240,#2632,#2633);
#2089=AXIS2_PLACEMENT_3D('',#3241,#2634,#2635);
#2090=AXIS2_PLACEMENT_3D('',#3242,#2636,#2637);
#2091=AXIS2_PLACEMENT_3D('',#3243,#2638,#2639);
#2092=AXIS2_PLACEMENT_3D('',#3245,#2640,#2641);
#2093=AXIS2_PLACEMENT_3D('',#3246,#2642,#2643);
#2094=AXIS2_PLACEMENT_3D('',#3248,#2644,#2645);
#2095=AXIS2_PLACEMENT_3D('',#3249,#2646,#2647);
#2096=AXIS2_PLACEMENT_3D('',#3250,#2648,#2649);
#2097=AXIS2_PLACEMENT_3D('',#3252,#2650,#2651);
#2098=AXIS2_PLACEMENT_3D('',#3253,#2652,#2653);
#2099=AXIS2_PLACEMENT_3D('',#3255,#2654,#2655);
#2100=AXIS2_PLACEMENT_3D('',#3256,#2656,#2657);
#2101=AXIS2_PLACEMENT_3D('',#3257,#2658,#2659);
#2102=AXIS2_PLACEMENT_3D('',#3258,#2660,#2661);
#2103=AXIS2_PLACEMENT_3D('',#3259,#2662,#2663);
#2104=AXIS2_PLACEMENT_3D('',#3260,#2664,#2665);
#2105=AXIS2_PLACEMENT_3D('',#3261,#2666,#2667);
#2106=AXIS2_PLACEMENT_3D('',#3262,#2668,#2669);
#2107=AXIS2_PLACEMENT_3D('',#3263,#2670,#2671);
#2108=AXIS2_PLACEMENT_3D('',#3264,#2672,#2673);
#2109=AXIS2_PLACEMENT_3D('',#3265,#2674,#2675);
#2110=AXIS2_PLACEMENT_3D('',#3266,#2676,#2677);
#2111=AXIS2_PLACEMENT_3D('',#3267,#2678,#2679);
#2112=AXIS2_PLACEMENT_3D('',#3268,#2680,#2681);
#2113=AXIS2_PLACEMENT_3D('',#3269,#2682,#2683);
#2114=AXIS2_PLACEMENT_3D('',#3270,#2684,#2685);
#2115=AXIS2_PLACEMENT_3D('',#3273,#2687,#2688);
#2116=AXIS2_PLACEMENT_3D('',#3274,#2689,#2690);
#2117=AXIS2_PLACEMENT_3D('',#3275,#2691,#2692);
#2118=AXIS2_PLACEMENT_3D('',#3278,#2694,#2695);
#2119=AXIS2_PLACEMENT_3D('',#3279,#2696,#2697);
#2120=AXIS2_PLACEMENT_3D('',#3280,#2698,#2699);
#2121=AXIS2_PLACEMENT_3D('',#3281,#2700,#2701);
#2122=AXIS2_PLACEMENT_3D('',#3282,#2702,#2703);
#2123=AXIS2_PLACEMENT_3D('',#3285,#2706,#2707);
#2124=AXIS2_PLACEMENT_3D('',#3287,#2709,#2710);
#2125=AXIS2_PLACEMENT_3D('',#3289,#2712,#2713);
#2126=AXIS2_PLACEMENT_3D('',#3291,#2715,#2716);
#2127=AXIS2_PLACEMENT_3D('',#3293,#2718,#2719);
#2128=AXIS2_PLACEMENT_3D('',#3295,#2721,#2722);
#2129=AXIS2_PLACEMENT_3D('',#3297,#2724,#2725);
#2130=AXIS2_PLACEMENT_3D('',#3299,#2727,#2728);
#2131=AXIS2_PLACEMENT_3D('',#3301,#2730,#2731);
#2132=AXIS2_PLACEMENT_3D('',#3303,#2733,#2734);
#2133=AXIS2_PLACEMENT_3D('',#3305,#2736,#2737);
#2134=AXIS2_PLACEMENT_3D('',#3307,#2739,#2740);
#2135=AXIS2_PLACEMENT_3D('',#3309,#2742,#2743);
#2136=AXIS2_PLACEMENT_3D('',#3311,#2745,#2746);
#2137=AXIS2_PLACEMENT_3D('',#3313,#2748,#2749);
#2138=AXIS2_PLACEMENT_3D('',#3315,#2751,#2752);
#2139=AXIS2_PLACEMENT_3D('',#3317,#2754,#2755);
#2140=DIRECTION('',(0.,0.,1.));
#2141=DIRECTION('',(1.,0.,0.));
#2142=DIRECTION('',(0.,0.,-1.));
#2143=DIRECTION('',(1.,0.,0.));
#2144=DIRECTION('',(0.,-1.,0.));
#2145=DIRECTION('',(0.,0.,-1.));
#2146=DIRECTION('',(-1.,0.,0.));
#2147=DIRECTION('',(0.,0.,-1.));
#2148=DIRECTION('',(-1.,0.,0.));
#2149=DIRECTION('',(0.,1.,0.));
#2150=DIRECTION('',(0.,0.,-1.));
#2151=DIRECTION('',(-1.,0.,0.));
#2152=DIRECTION('',(0.,0.,-1.));
#2153=DIRECTION('',(-1.,0.,0.));
#2154=DIRECTION('',(0.,1.,0.));
#2155=DIRECTION('',(0.,0.,-1.));
#2156=DIRECTION('',(-1.,0.,0.));
#2157=DIRECTION('',(0.,0.,-1.));
#2158=DIRECTION('',(-1.,0.,0.));
#2159=DIRECTION('',(-1.,0.,0.));
#2160=DIRECTION('',(0.,0.,-1.));
#2161=DIRECTION('',(-1.,0.,0.));
#2162=DIRECTION('',(0.,0.,-1.));
#2163=DIRECTION('',(-1.,0.,0.));
#2164=DIRECTION('',(-1.08420214060996E-16,-1.,0.));
#2165=DIRECTION('',(0.,0.,-1.));
#2166=DIRECTION('',(-1.,0.,0.));
#2167=DIRECTION('',(0.,0.,-1.));
#2168=DIRECTION('',(-1.,0.,0.));
#2169=DIRECTION('',(-1.,0.,0.));
#2170=DIRECTION('',(0.,0.,-1.));
#2171=DIRECTION('',(-1.,0.,0.));
#2172=DIRECTION('',(0.,0.,-1.));
#2173=DIRECTION('',(-1.,0.,0.));
#2174=DIRECTION('',(-1.,0.,0.));
#2175=DIRECTION('',(0.,0.,-1.));
#2176=DIRECTION('',(-1.,0.,0.));
#2177=DIRECTION('',(0.,0.,-1.));
#2178=DIRECTION('',(-1.,0.,0.));
#2179=DIRECTION('',(0.,0.,-1.));
#2180=DIRECTION('',(-1.,0.,0.));
#2181=DIRECTION('',(0.,1.,0.));
#2182=DIRECTION('',(0.,0.,-1.));
#2183=DIRECTION('',(-1.,0.,0.));
#2184=DIRECTION('',(0.,0.,-1.));
#2185=DIRECTION('',(-1.,0.,0.));
#2186=DIRECTION('',(0.,-1.,0.));
#2187=DIRECTION('',(0.,0.,-1.));
#2188=DIRECTION('',(-1.,0.,0.));
#2189=DIRECTION('',(0.,0.,-1.));
#2190=DIRECTION('',(-1.,0.,0.));
#2191=DIRECTION('',(0.,1.,0.));
#2192=DIRECTION('',(0.,0.,-1.));
#2193=DIRECTION('',(-1.,0.,0.));
#2194=DIRECTION('',(0.,0.,-1.));
#2195=DIRECTION('',(-1.,0.,0.));
#2196=DIRECTION('',(0.,0.,-1.));
#2197=DIRECTION('',(-1.,0.,0.));
#2198=DIRECTION('',(1.,0.,0.));
#2199=DIRECTION('',(0.,0.,-1.));
#2200=DIRECTION('',(-1.,0.,0.));
#2201=DIRECTION('',(0.,0.,-1.));
#2202=DIRECTION('',(-1.,0.,0.));
#2203=DIRECTION('',(-1.,0.,0.));
#2204=DIRECTION('',(0.,0.,-1.));
#2205=DIRECTION('',(-1.,0.,0.));
#2206=DIRECTION('',(0.,0.,-1.));
#2207=DIRECTION('',(-1.,0.,0.));
#2208=DIRECTION('',(1.,0.,0.));
#2209=DIRECTION('',(0.,0.,-1.));
#2210=DIRECTION('',(-1.,0.,0.));
#2211=DIRECTION('',(0.,0.,-1.));
#2212=DIRECTION('',(-1.,0.,0.));
#2213=DIRECTION('',(0.,0.,-1.));
#2214=DIRECTION('',(-1.,0.,0.));
#2215=DIRECTION('',(0.,-1.,0.));
#2216=DIRECTION('',(0.,0.,-1.));
#2217=DIRECTION('',(-1.,0.,0.));
#2218=DIRECTION('',(0.,0.,-1.));
#2219=DIRECTION('',(-1.,0.,0.));
#2220=DIRECTION('',(0.,1.,0.));
#2221=DIRECTION('',(1.,0.,0.));
#2222=DIRECTION('',(0.,0.,-1.));
#2223=DIRECTION('',(-1.,0.,0.));
#2224=DIRECTION('',(0.,-1.,0.));
#2225=DIRECTION('',(0.,0.,-1.));
#2226=DIRECTION('',(-1.,0.,0.));
#2227=DIRECTION('',(1.,0.,0.));
#2228=DIRECTION('',(0.,1.,0.));
#2229=DIRECTION('',(0.,0.,-1.));
#2230=DIRECTION('',(-1.,0.,0.));
#2231=DIRECTION('',(0.,0.,-1.));
#2232=DIRECTION('',(-1.,0.,0.));
#2233=DIRECTION('',(0.,-1.,0.));
#2234=DIRECTION('',(0.,0.,-1.));
#2235=DIRECTION('',(-1.,0.,0.));
#2236=DIRECTION('',(0.,0.,-1.));
#2237=DIRECTION('',(-1.,0.,0.));
#2238=DIRECTION('',(0.,0.,-1.));
#2239=DIRECTION('',(-1.,0.,0.));
#2240=DIRECTION('',(-1.,0.,0.));
#2241=DIRECTION('',(0.,0.,-1.));
#2242=DIRECTION('',(-1.,0.,0.));
#2243=DIRECTION('',(0.,0.,-1.));
#2244=DIRECTION('',(-1.,0.,0.));
#2245=DIRECTION('',(-1.,0.,0.));
#2246=DIRECTION('',(0.,0.,-1.));
#2247=DIRECTION('',(-1.,0.,0.));
#2248=DIRECTION('',(0.,0.,-1.));
#2249=DIRECTION('',(-1.,0.,0.));
#2250=DIRECTION('',(0.,0.,-1.));
#2251=DIRECTION('',(-1.,0.,0.));
#2252=DIRECTION('',(0.,0.,-1.));
#2253=DIRECTION('',(0.,0.,1.));
#2254=DIRECTION('',(1.,0.,0.));
#2255=DIRECTION('',(0.,0.,-1.));
#2256=DIRECTION('',(0.,0.,-1.));
#2257=DIRECTION('',(-1.,0.,0.));
#2258=DIRECTION('',(0.,0.,-1.));
#2259=DIRECTION('',(0.,0.,-1.));
#2260=DIRECTION('',(-1.,0.,0.));
#2261=DIRECTION('',(0.,0.,1.));
#2262=DIRECTION('',(1.,0.,0.));
#2263=DIRECTION('',(0.,0.,-1.));
#2264=DIRECTION('',(0.,0.,-1.));
#2265=DIRECTION('',(-1.,0.,0.));
#2266=DIRECTION('',(0.,0.,-1.));
#2267=DIRECTION('',(0.,0.,-1.));
#2268=DIRECTION('',(0.,0.,-1.));
#2269=DIRECTION('',(-1.,0.,0.));
#2270=DIRECTION('',(0.,0.,1.));
#2271=DIRECTION('',(1.,0.,0.));
#2272=DIRECTION('',(0.,0.,-1.));
#2273=DIRECTION('',(0.,0.,-1.));
#2274=DIRECTION('',(0.,0.,-1.));
#2275=DIRECTION('',(-1.,0.,0.));
#2276=DIRECTION('',(0.,0.,-1.));
#2277=DIRECTION('',(0.,0.,-1.));
#2278=DIRECTION('',(-1.,0.,0.));
#2279=DIRECTION('',(0.,0.,1.));
#2280=DIRECTION('',(1.,0.,0.));
#2281=DIRECTION('',(0.,0.,-1.));
#2282=DIRECTION('',(0.,0.,-1.));
#2283=DIRECTION('',(0.,0.,-1.));
#2284=DIRECTION('',(-1.,0.,0.));
#2285=DIRECTION('',(0.,0.,-1.));
#2286=DIRECTION('',(1.,0.,0.));
#2287=DIRECTION('',(0.,0.,-1.));
#2288=DIRECTION('',(0.,0.,-1.));
#2289=DIRECTION('',(0.,-1.,0.));
#2290=DIRECTION('',(0.,0.,-1.));
#2291=DIRECTION('',(0.,0.,-1.));
#2292=DIRECTION('',(-1.,0.,0.));
#2293=DIRECTION('',(0.,0.,1.));
#2294=DIRECTION('',(1.,0.,0.));
#2295=DIRECTION('',(0.,0.,-1.));
#2296=DIRECTION('',(0.,0.,-1.));
#2297=DIRECTION('',(0.,0.,-1.));
#2298=DIRECTION('',(1.,0.,0.));
#2299=DIRECTION('',(0.,1.,0.));
#2300=DIRECTION('',(0.,0.,-1.));
#2301=DIRECTION('',(-1.,0.,0.));
#2302=DIRECTION('',(0.,0.,-1.));
#2303=DIRECTION('',(-1.,0.,0.));
#2304=DIRECTION('',(0.,0.,1.));
#2305=DIRECTION('',(1.,0.,0.));
#2306=DIRECTION('',(1.,0.,0.));
#2307=DIRECTION('',(0.,0.,1.));
#2308=DIRECTION('',(1.,0.,0.));
#2309=DIRECTION('',(0.,0.,-1.));
#2310=DIRECTION('',(-1.,0.,0.));
#2311=DIRECTION('',(0.,0.,1.));
#2312=DIRECTION('',(1.,0.,0.));
#2313=DIRECTION('',(0.,0.,-1.));
#2314=DIRECTION('',(-1.,0.,0.));
#2315=DIRECTION('',(0.,0.,-1.));
#2316=DIRECTION('',(-1.,0.,0.));
#2317=DIRECTION('',(0.,0.,-1.));
#2318=DIRECTION('',(-1.,0.,0.));
#2319=DIRECTION('',(0.,0.,-1.));
#2320=DIRECTION('',(-1.,0.,0.));
#2321=DIRECTION('',(0.,-1.,0.));
#2322=DIRECTION('',(-1.,0.,0.));
#2323=DIRECTION('',(0.,0.,-1.));
#2324=DIRECTION('',(-1.,0.,0.));
#2325=DIRECTION('',(0.,1.,0.));
#2326=DIRECTION('',(0.,0.,-1.));
#2327=DIRECTION('',(-1.,0.,0.));
#2328=DIRECTION('',(-1.,0.,0.));
#2329=DIRECTION('',(0.,0.,-1.));
#2330=DIRECTION('',(-1.,0.,0.));
#2331=DIRECTION('',(0.,0.,-1.));
#2332=DIRECTION('',(-1.,0.,0.));
#2333=DIRECTION('',(1.,0.,0.));
#2334=DIRECTION('',(0.,0.,1.));
#2335=DIRECTION('',(1.,0.,0.));
#2336=DIRECTION('',(0.,0.,-1.));
#2337=DIRECTION('',(-1.,0.,0.));
#2338=DIRECTION('',(0.,0.,1.));
#2339=DIRECTION('',(1.,0.,0.));
#2340=DIRECTION('',(0.,0.,-1.));
#2341=DIRECTION('',(-1.,0.,0.));
#2342=DIRECTION('',(0.,0.,-1.));
#2343=DIRECTION('',(-1.,0.,0.));
#2344=DIRECTION('',(0.,0.,-1.));
#2345=DIRECTION('',(-1.,0.,0.));
#2346=DIRECTION('',(0.,0.,-1.));
#2347=DIRECTION('',(-1.,0.,0.));
#2348=DIRECTION('',(-1.,0.,0.));
#2349=DIRECTION('',(0.,0.,1.));
#2350=DIRECTION('',(0.,0.,-1.));
#2351=DIRECTION('',(0.,0.,-1.));
#2352=DIRECTION('',(0.,0.,-1.));
#2353=DIRECTION('',(-1.,0.,0.));
#2354=DIRECTION('',(0.,0.,-1.));
#2355=DIRECTION('',(0.,0.,-1.));
#2356=DIRECTION('',(1.,0.,0.));
#2357=DIRECTION('',(0.,0.,-1.));
#2358=DIRECTION('',(0.,0.,-1.));
#2359=DIRECTION('',(0.,0.,-1.));
#2360=DIRECTION('',(0.,0.,-1.));
#2361=DIRECTION('',(-1.,0.,0.));
#2362=DIRECTION('',(0.,0.,-1.));
#2363=DIRECTION('',(0.,0.,-1.));
#2364=DIRECTION('',(0.,0.,-1.));
#2365=DIRECTION('',(-1.,0.,0.));
#2366=DIRECTION('',(0.,0.,-1.));
#2367=DIRECTION('',(-1.,0.,0.));
#2368=DIRECTION('',(0.,0.,-1.));
#2369=DIRECTION('',(0.,0.,-1.));
#2370=DIRECTION('',(0.,0.,-1.));
#2371=DIRECTION('',(-1.,0.,0.));
#2372=DIRECTION('',(0.,0.,-1.));
#2373=DIRECTION('',(0.,0.,-1.));
#2374=DIRECTION('',(0.,0.,-1.));
#2375=DIRECTION('',(-1.,0.,0.));
#2376=DIRECTION('',(0.,0.,-1.));
#2377=DIRECTION('',(0.,0.,-1.));
#2378=DIRECTION('',(-1.,0.,0.));
#2379=DIRECTION('',(0.,0.,-1.));
#2380=DIRECTION('',(1.,0.,0.));
#2381=DIRECTION('',(0.,0.,-1.));
#2382=DIRECTION('',(0.,0.,-1.));
#2383=DIRECTION('',(0.,-1.,0.));
#2384=DIRECTION('',(0.,0.,-1.));
#2385=DIRECTION('',(-1.,0.,0.));
#2386=DIRECTION('',(0.,0.,1.));
#2387=DIRECTION('',(0.,0.,-1.));
#2388=DIRECTION('',(0.,-1.,0.));
#2389=DIRECTION('',(0.,0.,-1.));
#2390=DIRECTION('',(0.,0.,-1.));
#2391=DIRECTION('',(-1.,0.,0.));
#2392=DIRECTION('',(0.,0.,-1.));
#2393=DIRECTION('',(0.,0.,-1.));
#2394=DIRECTION('',(-1.,0.,0.));
#2395=DIRECTION('',(0.,0.,-1.));
#2396=DIRECTION('',(-1.,0.,0.));
#2397=DIRECTION('',(0.,0.,-1.));
#2398=DIRECTION('',(0.,0.,-1.));
#2399=DIRECTION('',(-1.,0.,0.));
#2400=DIRECTION('',(0.,1.,0.));
#2401=DIRECTION('',(0.,0.,1.));
#2402=DIRECTION('',(0.,0.,-1.));
#2403=DIRECTION('',(-1.,0.,0.));
#2404=DIRECTION('',(0.,0.,-1.));
#2405=DIRECTION('',(-1.,0.,0.));
#2406=DIRECTION('',(0.,0.,-1.));
#2407=DIRECTION('',(0.,0.,-1.));
#2408=DIRECTION('',(-1.,0.,0.));
#2409=DIRECTION('',(0.,0.,-1.));
#2410=DIRECTION('',(-1.,0.,0.));
#2411=DIRECTION('',(0.,0.,-1.));
#2412=DIRECTION('',(0.,0.,-1.));
#2413=DIRECTION('',(-1.,0.,0.));
#2414=DIRECTION('',(-1.,1.08420214060996E-16,0.));
#2415=DIRECTION('',(-1.08420214060996E-16,-1.,0.));
#2416=DIRECTION('',(0.,0.,-1.));
#2417=DIRECTION('',(1.08420214060996E-16,1.,0.));
#2418=DIRECTION('',(0.,0.,-1.));
#2419=DIRECTION('',(-1.,0.,0.));
#2420=DIRECTION('',(0.,0.,-1.));
#2421=DIRECTION('',(0.,0.,-1.));
#2422=DIRECTION('',(-1.,0.,0.));
#2423=DIRECTION('',(0.,0.,-1.));
#2424=DIRECTION('',(-1.,0.,0.));
#2425=DIRECTION('',(0.,0.,-1.));
#2426=DIRECTION('',(0.,0.,-1.));
#2427=DIRECTION('',(-1.,0.,0.));
#2428=DIRECTION('',(0.,1.,0.));
#2429=DIRECTION('',(0.,0.,1.));
#2430=DIRECTION('',(0.,0.,-1.));
#2431=DIRECTION('',(1.,0.,0.));
#2432=DIRECTION('',(0.,0.,-1.));
#2433=DIRECTION('',(-1.,0.,0.));
#2434=DIRECTION('',(0.,0.,-1.));
#2435=DIRECTION('',(0.,0.,-1.));
#2436=DIRECTION('',(-1.,0.,0.));
#2437=DIRECTION('',(0.,0.,-1.));
#2438=DIRECTION('',(-1.,0.,0.));
#2439=DIRECTION('',(0.,0.,-1.));
#2440=DIRECTION('',(0.,0.,-1.));
#2441=DIRECTION('',(-1.,0.,0.));
#2442=DIRECTION('',(0.,0.,-1.));
#2443=DIRECTION('',(-1.,0.,0.));
#2444=DIRECTION('',(0.,0.,-1.));
#2445=DIRECTION('',(-1.,0.,0.));
#2446=DIRECTION('',(0.,0.,-1.));
#2447=DIRECTION('',(-1.,0.,0.));
#2448=DIRECTION('',(0.,0.,1.));
#2449=DIRECTION('',(0.,0.,1.));
#2450=DIRECTION('',(0.,0.,-1.));
#2451=DIRECTION('',(-1.,0.,0.));
#2452=DIRECTION('',(0.,0.,1.));
#2453=DIRECTION('',(0.,0.,1.));
#2454=DIRECTION('',(0.,0.,-1.));
#2455=DIRECTION('',(-1.,0.,0.));
#2456=DIRECTION('',(0.,0.,1.));
#2457=DIRECTION('',(-1.,0.,0.));
#2458=DIRECTION('',(0.,0.,-1.));
#2459=DIRECTION('',(-1.,0.,0.));
#2460=DIRECTION('',(0.,0.,-1.));
#2461=DIRECTION('',(-1.,0.,0.));
#2462=DIRECTION('',(0.,0.,-1.));
#2463=DIRECTION('',(-1.,0.,0.));
#2464=DIRECTION('',(0.,0.,1.));
#2465=DIRECTION('',(0.,0.,1.));
#2466=DIRECTION('',(1.,0.,0.));
#2467=DIRECTION('',(0.,0.,-1.));
#2468=DIRECTION('',(0.,0.,-1.));
#2469=DIRECTION('',(0.,-1.,0.));
#2470=DIRECTION('',(0.,0.,-1.));
#2471=DIRECTION('',(-1.,0.,0.));
#2472=DIRECTION('',(0.,0.,1.));
#2473=DIRECTION('',(0.,0.,1.));
#2474=DIRECTION('',(0.,0.,-1.));
#2475=DIRECTION('',(-1.,0.,0.));
#2476=DIRECTION('',(0.,0.,1.));
#2477=DIRECTION('',(-1.,0.,0.));
#2478=DIRECTION('',(0.,0.,-1.));
#2479=DIRECTION('',(1.,0.,0.));
#2480=DIRECTION('',(0.,0.,-1.));
#2481=DIRECTION('',(-1.,0.,0.));
#2482=DIRECTION('',(0.,1.,0.));
#2483=DIRECTION('',(0.,0.,-1.));
#2484=DIRECTION('',(-1.,0.,0.));
#2485=DIRECTION('',(0.,0.,-1.));
#2486=DIRECTION('',(-1.,0.,0.));
#2487=DIRECTION('',(1.,0.,0.));
#2488=DIRECTION('',(0.,0.,-1.));
#2489=DIRECTION('',(-1.,0.,0.));
#2490=DIRECTION('',(0.,0.,-1.));
#2491=DIRECTION('',(-1.,0.,0.));
#2492=DIRECTION('',(-1.08420214060996E-16,-1.,0.));
#2493=DIRECTION('',(0.,0.,-1.));
#2494=DIRECTION('',(-1.,0.,0.));
#2495=DIRECTION('',(0.,0.,-1.));
#2496=DIRECTION('',(-1.,0.,0.));
#2497=DIRECTION('',(-1.,0.,0.));
#2498=DIRECTION('',(0.,0.,-1.));
#2499=DIRECTION('',(-1.,0.,0.));
#2500=DIRECTION('',(0.,0.,-1.));
#2501=DIRECTION('',(-1.,0.,0.));
#2502=DIRECTION('',(0.,1.,0.));
#2503=DIRECTION('',(0.,0.,-1.));
#2504=DIRECTION('',(-1.,0.,0.));
#2505=DIRECTION('',(0.,0.,-1.));
#2506=DIRECTION('',(-1.,0.,0.));
#2507=DIRECTION('',(0.,1.,0.));
#2508=DIRECTION('',(0.,0.,-1.));
#2509=DIRECTION('',(-1.,0.,0.));
#2510=DIRECTION('',(0.,0.,1.));
#2511=DIRECTION('',(1.,0.,0.));
#2512=DIRECTION('',(0.,0.,1.));
#2513=DIRECTION('',(1.,0.,0.));
#2514=DIRECTION('',(0.,1.,0.));
#2515=DIRECTION('',(0.,0.,1.));
#2516=DIRECTION('',(0.,1.,0.));
#2517=DIRECTION('',(0.,0.,1.));
#2518=DIRECTION('',(0.,-1.,0.));
#2519=DIRECTION('',(0.,0.,-1.));
#2520=DIRECTION('',(0.,0.,-1.));
#2521=DIRECTION('',(-1.,0.,0.));
#2522=DIRECTION('',(0.,0.,1.));
#2523=DIRECTION('',(0.,0.,-1.));
#2524=DIRECTION('',(0.,0.,-1.));
#2525=DIRECTION('',(0.,-1.,0.));
#2526=DIRECTION('',(0.,0.,-1.));
#2527=DIRECTION('',(0.,0.,-1.));
#2528=DIRECTION('',(0.,0.,-1.));
#2529=DIRECTION('',(1.,0.,0.));
#2530=DIRECTION('',(0.,0.,-1.));
#2531=DIRECTION('',(-1.,0.,0.));
#2532=DIRECTION('',(0.,0.,-1.));
#2533=DIRECTION('',(-1.,0.,0.));
#2534=DIRECTION('',(0.,0.,-1.));
#2535=DIRECTION('',(-1.,0.,0.));
#2536=DIRECTION('',(0.,0.,-1.));
#2537=DIRECTION('',(-1.,0.,0.));
#2538=DIRECTION('',(0.,0.,-1.));
#2539=DIRECTION('',(-1.,0.,0.));
#2540=DIRECTION('',(-1.,0.,0.));
#2541=DIRECTION('',(0.,0.,-1.));
#2542=DIRECTION('',(-1.,0.,0.));
#2543=DIRECTION('',(0.,0.,-1.));
#2544=DIRECTION('',(-1.,0.,0.));
#2545=DIRECTION('',(0.,-1.,0.));
#2546=DIRECTION('',(0.,0.,-1.));
#2547=DIRECTION('',(1.,0.,0.));
#2548=DIRECTION('',(0.,0.,-1.));
#2549=DIRECTION('',(-1.,0.,0.));
#2550=DIRECTION('',(0.,0.,-1.));
#2551=DIRECTION('',(-1.,0.,0.));
#2552=DIRECTION('',(0.,0.,-1.));
#2553=DIRECTION('',(-1.,0.,0.));
#2554=DIRECTION('',(0.,0.,-1.));
#2555=DIRECTION('',(-1.,0.,0.));
#2556=DIRECTION('',(0.,0.,-1.));
#2557=DIRECTION('',(-1.,0.,0.));
#2558=DIRECTION('',(1.,0.,0.));
#2559=DIRECTION('',(0.,0.,-1.));
#2560=DIRECTION('',(-1.,0.,0.));
#2561=DIRECTION('',(0.,0.,-1.));
#2562=DIRECTION('',(-1.,0.,0.));
#2563=DIRECTION('',(0.,1.,0.));
#2564=DIRECTION('',(0.,0.,-1.));
#2565=DIRECTION('',(-1.,0.,0.));
#2566=DIRECTION('',(0.,0.,-1.));
#2567=DIRECTION('',(0.,0.,-1.));
#2568=DIRECTION('',(0.,0.,-1.));
#2569=DIRECTION('',(-1.,0.,0.));
#2570=DIRECTION('',(0.,0.,-1.));
#2571=DIRECTION('',(0.,0.,-1.));
#2572=DIRECTION('',(0.,1.,0.));
#2573=DIRECTION('',(0.,0.,1.));
#2574=DIRECTION('',(0.,0.,1.));
#2575=DIRECTION('',(-1.,0.,0.));
#2576=DIRECTION('',(0.,0.,1.));
#2577=DIRECTION('',(1.,0.,0.));
#2578=DIRECTION('',(0.,0.,-1.));
#2579=DIRECTION('',(0.,0.,1.));
#2580=DIRECTION('',(0.,1.,0.));
#2581=DIRECTION('',(0.,0.,-1.));
#2582=DIRECTION('',(1.,0.,0.));
#2583=DIRECTION('',(0.,0.,-1.));
#2584=DIRECTION('',(-1.,0.,0.));
#2585=DIRECTION('',(0.,0.,-1.));
#2586=DIRECTION('',(-1.,0.,0.));
#2587=DIRECTION('',(0.,0.,-1.));
#2588=DIRECTION('',(-1.,0.,0.));
#2589=DIRECTION('',(0.,0.,1.));
#2590=DIRECTION('',(1.,0.,0.));
#2591=DIRECTION('',(0.,0.,1.));
#2592=DIRECTION('',(1.,0.,0.));
#2593=DIRECTION('',(0.,-1.,0.));
#2594=DIRECTION('',(0.,0.,-1.));
#2595=DIRECTION('',(0.,0.,1.));
#2596=DIRECTION('',(1.,0.,0.));
#2597=DIRECTION('',(0.,0.,1.));
#2598=DIRECTION('',(-1.,0.,0.));
#2599=DIRECTION('',(0.,0.,1.));
#2600=DIRECTION('',(0.,0.,1.));
#2601=DIRECTION('',(0.,-1.,0.));
#2602=DIRECTION('',(0.,0.,-1.));
#2603=DIRECTION('',(1.,0.,0.));
#2604=DIRECTION('',(0.,0.,-1.));
#2605=DIRECTION('',(-1.,0.,0.));
#2606=DIRECTION('',(0.,0.,-1.));
#2607=DIRECTION('',(-1.,0.,0.));
#2608=DIRECTION('',(0.,0.,-1.));
#2609=DIRECTION('',(-1.,0.,0.));
#2610=DIRECTION('',(0.,0.,1.));
#2611=DIRECTION('',(1.,0.,0.));
#2612=DIRECTION('',(0.,0.,1.));
#2613=DIRECTION('',(1.,0.,0.));
#2614=DIRECTION('',(1.,0.,0.));
#2615=DIRECTION('',(0.,0.,-1.));
#2616=DIRECTION('',(0.,0.,1.));
#2617=DIRECTION('',(0.,-1.,0.));
#2618=DIRECTION('',(0.,0.,-1.));
#2619=DIRECTION('',(0.,0.,1.));
#2620=DIRECTION('',(0.,0.,-1.));
#2621=DIRECTION('',(0.,0.,1.));
#2622=DIRECTION('',(1.,0.,0.));
#2623=DIRECTION('',(0.,0.,1.));
#2624=DIRECTION('',(1.,0.,0.));
#2625=DIRECTION('',(-1.,0.,0.));
#2626=DIRECTION('',(0.,0.,1.));
#2627=DIRECTION('',(0.,0.,1.));
#2628=DIRECTION('',(0.,1.,0.));
#2629=DIRECTION('',(0.,0.,1.));
#2630=DIRECTION('',(0.,0.,1.));
#2631=DIRECTION('',(0.,0.,-1.));
#2632=DIRECTION('',(0.,0.,1.));
#2633=DIRECTION('',(1.,0.,0.));
#2634=DIRECTION('',(0.,0.,1.));
#2635=DIRECTION('',(1.,0.,0.));
#2636=DIRECTION('',(0.,0.,1.));
#2637=DIRECTION('',(1.,0.,0.));
#2638=DIRECTION('',(0.,0.,1.));
#2639=DIRECTION('',(1.,0.,0.));
#2640=DIRECTION('',(0.,0.,-1.));
#2641=DIRECTION('',(-1.,0.,0.));
#2642=DIRECTION('',(0.,0.,1.));
#2643=DIRECTION('',(1.,0.,0.));
#2644=DIRECTION('',(0.,0.,1.));
#2645=DIRECTION('',(1.,0.,0.));
#2646=DIRECTION('',(0.,0.,1.));
#2647=DIRECTION('',(1.,0.,0.));
#2648=DIRECTION('',(0.,0.,1.));
#2649=DIRECTION('',(1.,0.,0.));
#2650=DIRECTION('',(0.,0.,-1.));
#2651=DIRECTION('',(-1.,0.,0.));
#2652=DIRECTION('',(0.,0.,1.));
#2653=DIRECTION('',(1.,0.,0.));
#2654=DIRECTION('',(0.,0.,1.));
#2655=DIRECTION('',(1.,0.,0.));
#2656=DIRECTION('',(0.,0.,-1.));
#2657=DIRECTION('',(-1.,0.,0.));
#2658=DIRECTION('',(0.,0.,-1.));
#2659=DIRECTION('',(-1.,0.,0.));
#2660=DIRECTION('',(0.,0.,-1.));
#2661=DIRECTION('',(-1.,0.,0.));
#2662=DIRECTION('',(0.,0.,-1.));
#2663=DIRECTION('',(-1.,0.,0.));
#2664=DIRECTION('',(0.,0.,1.));
#2665=DIRECTION('',(1.,0.,0.));
#2666=DIRECTION('',(0.,0.,-1.));
#2667=DIRECTION('',(-1.,0.,0.));
#2668=DIRECTION('',(0.,0.,1.));
#2669=DIRECTION('',(1.,0.,0.));
#2670=DIRECTION('',(0.,0.,1.));
#2671=DIRECTION('',(1.,0.,0.));
#2672=DIRECTION('',(0.,0.,-1.));
#2673=DIRECTION('',(-1.,0.,0.));
#2674=DIRECTION('',(0.,0.,-1.));
#2675=DIRECTION('',(-1.,0.,0.));
#2676=DIRECTION('',(0.,0.,-1.));
#2677=DIRECTION('',(-1.,0.,0.));
#2678=DIRECTION('',(0.,0.,1.));
#2679=DIRECTION('',(1.,0.,0.));
#2680=DIRECTION('',(0.,0.,1.));
#2681=DIRECTION('',(1.,0.,0.));
#2682=DIRECTION('',(0.,0.,-1.));
#2683=DIRECTION('',(-1.,0.,0.));
#2684=DIRECTION('',(0.,0.,1.));
#2685=DIRECTION('',(1.,0.,0.));
#2686=DIRECTION('',(0.,0.,1.));
#2687=DIRECTION('',(0.,0.,-1.));
#2688=DIRECTION('',(-1.,0.,0.));
#2689=DIRECTION('',(0.,0.,-1.));
#2690=DIRECTION('',(-1.,0.,0.));
#2691=DIRECTION('',(0.,0.,-1.));
#2692=DIRECTION('',(-1.,0.,0.));
#2693=DIRECTION('',(0.,0.,-1.));
#2694=DIRECTION('',(0.,0.,-1.));
#2695=DIRECTION('',(-1.,0.,0.));
#2696=DIRECTION('',(0.,0.,-1.));
#2697=DIRECTION('',(-1.,0.,0.));
#2698=DIRECTION('',(0.,0.,1.));
#2699=DIRECTION('',(1.,0.,0.));
#2700=DIRECTION('',(0.,0.,-1.));
#2701=DIRECTION('',(-1.,0.,0.));
#2702=DIRECTION('',(0.,-0.707106781186548,-0.707106781186548));
#2703=DIRECTION('',(-1.,0.,0.));
#2704=DIRECTION('',(0.,0.707106781186548,-0.707106781186548));
#2705=DIRECTION('',(0.,-0.707106781186548,0.707106781186548));
#2706=DIRECTION('',(0.,0.,-1.));
#2707=DIRECTION('',(-1.,0.,0.));
#2708=DIRECTION('',(0.480672437477996,-0.518607759148436,0.707106781186548));
#2709=DIRECTION('',(0.,0.,-1.));
#2710=DIRECTION('',(-1.,0.,0.));
#2711=DIRECTION('',(0.480672437477995,0.518607759148438,-0.707106781186547));
#2712=DIRECTION('',(0.,0.,1.));
#2713=DIRECTION('',(1.,0.,0.));
#2714=DIRECTION('',(-0.707106781186549,0.,0.707106781186546));
#2715=DIRECTION('',(0.,0.,1.));
#2716=DIRECTION('',(1.,0.,0.));
#2717=DIRECTION('',(-0.707106781186548,0.,-0.707106781186548));
#2718=DIRECTION('',(-0.707106781186548,0.,-0.707106781186548));
#2719=DIRECTION('',(0.,1.,0.));
#2720=DIRECTION('',(-0.707106781186548,0.,0.707106781186548));
#2721=DIRECTION('',(0.707106781186548,-7.66646685802274E-17,-0.707106781186548));
#2722=DIRECTION('',(-1.08420214060996E-16,-1.,0.));
#2723=DIRECTION('',(-0.707106781186548,0.,-0.707106781186548));
#2724=DIRECTION('',(0.,0.,-1.));
#2725=DIRECTION('',(-1.,0.,0.));
#2726=DIRECTION('',(-0.608607066499715,-0.359996442491607,0.707106781186547));
#2727=DIRECTION('',(0.,0.,1.));
#2728=DIRECTION('',(1.,0.,0.));
#2729=DIRECTION('',(0.480672437477993,-0.518607759148436,-0.707106781186549));
#2730=DIRECTION('',(0.,0.,1.));
#2731=DIRECTION('',(1.,0.,0.));
#2732=DIRECTION('',(-0.707106781186548,0.,0.707106781186548));
#2733=DIRECTION('',(0.,0.,-1.));
#2734=DIRECTION('',(-1.,0.,0.));
#2735=DIRECTION('',(0.,-0.707106781186548,-0.707106781186548));
#2736=DIRECTION('',(-0.707106781186548,0.,-0.707106781186548));
#2737=DIRECTION('',(0.,1.,0.));
#2738=DIRECTION('',(-0.707106781186548,0.,0.707106781186548));
#2739=DIRECTION('',(0.,-0.707106781186548,0.707106781186548));
#2740=DIRECTION('',(1.,0.,0.));
#2741=DIRECTION('',(0.,-0.707106781186548,-0.707106781186548));
#2742=DIRECTION('',(0.,0.,1.));
#2743=DIRECTION('',(1.,0.,0.));
#2744=DIRECTION('',(-0.608607066499715,0.359996442491607,0.707106781186547));
#2745=DIRECTION('',(0.,0.,-1.));
#2746=DIRECTION('',(-1.,0.,0.));
#2747=DIRECTION('',(-0.480672437477995,-0.518607759148436,-0.707106781186548));
#2748=DIRECTION('',(0.,0.,-1.));
#2749=DIRECTION('',(-1.,0.,0.));
#2750=DIRECTION('',(-0.707106781186548,0.,0.707106781186548));
#2751=DIRECTION('',(0.,0.,1.));
#2752=DIRECTION('',(1.,0.,0.));
#2753=DIRECTION('',(0.707106781186548,0.,-0.707106781186548));
#2754=DIRECTION('',(0.707106781186548,0.,0.707106781186548));
#2755=DIRECTION('',(0.,1.,0.));
#2756=CARTESIAN_POINT('',(0.,0.,0.));
#2757=CARTESIAN_POINT('',(9.11466251161735E-10,-9.1146125093213E-10,0.0008));
#2758=CARTESIAN_POINT('',(-0.0200000004704,0.0127233002352,0.0008));
#2759=CARTESIAN_POINT('',(-0.0200000004704,0.0160000004704,0.0008));
#2760=CARTESIAN_POINT('',(-0.0200000004704,0.00948304740551078,0.0008));
#2761=CARTESIAN_POINT('',(-0.0220000004704,0.00948304740551078,0.0008));
#2762=CARTESIAN_POINT('',(-0.0202785997352,0.00846482370275539,0.0008));
#2763=CARTESIAN_POINT('',(-0.018557199,0.0074466,0.0008));
#2764=CARTESIAN_POINT('',(-0.020557199,0.0074466,0.0008));
#2765=CARTESIAN_POINT('',(-0.020557199,0.,0.0008));
#2766=CARTESIAN_POINT('',(-0.020557199,-0.0074466,0.0008));
#2767=CARTESIAN_POINT('',(-0.018557199,-0.0074466,0.0008));
#2768=CARTESIAN_POINT('',(-0.0202785997352,-0.00846482370275539,0.0008));
#2769=CARTESIAN_POINT('',(-0.0220000004704,-0.00948304740551078,0.0008));
#2770=CARTESIAN_POINT('',(-0.0200000004704,-0.00948304740551078,0.0008));
#2771=CARTESIAN_POINT('',(-0.0200000004704,-0.0127233002352,0.0008));
#2772=CARTESIAN_POINT('',(-0.0200000004704,-0.0160000004704,0.0008));
#2773=CARTESIAN_POINT('',(-0.0160000004704,-0.0160000004704,0.0008));
#2774=CARTESIAN_POINT('',(-0.0132809065498387,-0.0189336889765585,0.0008));
#2775=CARTESIAN_POINT('',(-0.0109,-0.0215024999053321,0.0008));
#2776=CARTESIAN_POINT('',(-0.0109,-0.018,0.0008));
#2777=CARTESIAN_POINT('',(0.,-0.018,0.0008));
#2778=CARTESIAN_POINT('',(0.0109,-0.018,0.0008));
#2779=CARTESIAN_POINT('',(0.0109,-0.0215024999053322,0.0008));
#2780=CARTESIAN_POINT('',(0.0132809065498387,-0.0189336889765585,0.0008));
#2781=CARTESIAN_POINT('',(0.0160000004704,-0.0160000004704,0.0008));
#2782=CARTESIAN_POINT('',(0.0200000004704,-0.0160000004704,0.0008));
#2783=CARTESIAN_POINT('',(0.0200000004704,0.,0.0008));
#2784=CARTESIAN_POINT('',(0.0200000004704,0.0160000004704,0.0008));
#2785=CARTESIAN_POINT('',(0.0160000004704,0.0160000004704,0.0008));
#2786=CARTESIAN_POINT('',(0.0132809065498387,0.0189336889765585,0.0008));
#2787=CARTESIAN_POINT('',(0.0109,0.0215024999053322,0.0008));
#2788=CARTESIAN_POINT('',(0.0109,0.018,0.0008));
#2789=CARTESIAN_POINT('',(0.,0.018,0.0008));
#2790=CARTESIAN_POINT('',(-0.0109,0.018,0.0008));
#2791=CARTESIAN_POINT('',(-0.0109,0.0215024999053321,0.0008));
#2792=CARTESIAN_POINT('',(-0.0132809065498387,0.0189336889765585,0.0008));
#2793=CARTESIAN_POINT('',(-0.0160000004704,0.0160000004704,0.0008));
#2794=CARTESIAN_POINT('',(9.11466251161735E-10,0.01625,0.0008));
#2795=CARTESIAN_POINT('',(0.0130657133247912,0.0162499961705047,0.0008));
#2796=CARTESIAN_POINT('',(0.011687842115845,0.01625,0.0008));
#2797=CARTESIAN_POINT('',(0.0130657133247912,0.0149999980421807,0.0008));
#2798=CARTESIAN_POINT('',(0.0138501674836554,0.0159732025394238,0.0008));
#2799=CARTESIAN_POINT('',(0.0160000004704,0.0160000004704,0.0008));
#2800=CARTESIAN_POINT('',(0.0159732180472901,0.0138501672904038,0.0008));
#2801=CARTESIAN_POINT('',(0.0150000036946085,0.0130657253584878,0.0008));
#2802=CARTESIAN_POINT('',(0.01625,0.0130657253584878,0.0008));
#2803=CARTESIAN_POINT('',(0.01625,-9.1146125093213E-10,0.0008));
#2804=CARTESIAN_POINT('',(0.01625,0.0120078205852746,0.0008));
#2805=CARTESIAN_POINT('',(0.0160000004704,0.0160000004704,0.0008));
#2806=CARTESIAN_POINT('',(0.0172000004704,0.0121842436647322,0.0008));
#2807=CARTESIAN_POINT('',(0.0175000004704,0.0112303044633153,0.0008));
#2808=CARTESIAN_POINT('',(0.0185000004704,0.0112303044633153,0.0008));
#2809=CARTESIAN_POINT('',(0.0185000004704,0.,0.0008));
#2810=CARTESIAN_POINT('',(0.0185000004704,-0.0112303044633153,0.0008));
#2811=CARTESIAN_POINT('',(0.0175000004704,-0.0112303044633153,0.0008));
#2812=CARTESIAN_POINT('',(0.0172000004704,-0.0121842436647322,0.0008));
#2813=CARTESIAN_POINT('',(0.0160000004704,-0.0160000004704,0.0008));
#2814=CARTESIAN_POINT('',(0.01625,-0.0120078205852746,0.0008));
#2815=CARTESIAN_POINT('',(0.01625,-9.1146125093213E-10,0.0008));
#2816=CARTESIAN_POINT('',(0.01625,-0.0130657133247852,0.0008));
#2817=CARTESIAN_POINT('',(0.0149999980421807,-0.0130657133247852,0.0008));
#2818=CARTESIAN_POINT('',(0.0159732025394189,-0.0138501674836554,0.0008));
#2819=CARTESIAN_POINT('',(0.0160000004704,-0.0160000004704,0.0008));
#2820=CARTESIAN_POINT('',(0.013850167290404,-0.015973218047281,0.0008));
#2821=CARTESIAN_POINT('',(0.0130657253584878,-0.0150000036945995,0.0008));
#2822=CARTESIAN_POINT('',(0.0130657253584878,-0.01625,0.0008));
#2823=CARTESIAN_POINT('',(9.11466251161735E-10,-0.01625,0.0008));
#2824=CARTESIAN_POINT('',(0.011687842115845,-0.01625,0.0008));
#2825=CARTESIAN_POINT('',(0.0110249328202721,-0.0155013002832623,0.000800000000000023));
#2826=CARTESIAN_POINT('',(0.0110041193555087,-0.0165010836596417,0.0008));
#2827=CARTESIAN_POINT('',(0.0109,-0.0215024999053322,0.0008));
#2828=CARTESIAN_POINT('',(0.0109,-0.0165,0.0008));
#2829=CARTESIAN_POINT('',(0.,-0.0165,0.0008));
#2830=CARTESIAN_POINT('',(-0.0109,-0.0165,0.0008));
#2831=CARTESIAN_POINT('',(-0.0109,-0.0215024999053321,0.0008));
#2832=CARTESIAN_POINT('',(-0.0110041193555087,-0.0165010836596417,0.0008));
#2833=CARTESIAN_POINT('',(-0.0110249328202721,-0.0155013002832623,0.000800000000000023));
#2834=CARTESIAN_POINT('',(-0.011687842115845,-0.01625,0.0008));
#2835=CARTESIAN_POINT('',(9.11466251161735E-10,-0.01625,0.0008));
#2836=CARTESIAN_POINT('',(-0.0130657214765,-0.016249999999994,0.0008));
#2837=CARTESIAN_POINT('',(-0.0130657214765,-0.01500000187167,0.0008));
#2838=CARTESIAN_POINT('',(-0.0138501673527265,-0.0159732130450978,0.0008));
#2839=CARTESIAN_POINT('',(-0.0160000004704,-0.0160000004704,0.0008));
#2840=CARTESIAN_POINT('',(-0.0159732130450978,-0.0138501673527265,0.0008));
#2841=CARTESIAN_POINT('',(-0.01500000187167,-0.0130657214765,0.0008));
#2842=CARTESIAN_POINT('',(-0.01625,-0.0130657214765,0.0008));
#2843=CARTESIAN_POINT('',(-0.01625,-9.1146125093213E-10,0.0008));
#2844=CARTESIAN_POINT('',(-0.01625,-0.0120078205852746,0.0008));
#2845=CARTESIAN_POINT('',(-0.0160000004704,-0.0160000004704,0.0008));
#2846=CARTESIAN_POINT('',(-0.0172000004704,-0.0121842436647322,0.0008));
#2847=CARTESIAN_POINT('',(-0.0175000004704,-0.0112303044633153,0.0008));
#2848=CARTESIAN_POINT('',(-0.0185000004704,-0.0112303044633153,0.0008));
#2849=CARTESIAN_POINT('',(-0.0185000004704,-0.0113017002352,0.0008));
#2850=CARTESIAN_POINT('',(-0.0185000004704,-0.0066034,0.0008));
#2851=CARTESIAN_POINT('',(-0.0190285997352,-0.0066034,0.0008));
#2852=CARTESIAN_POINT('',(-0.018557199,-0.0066034,0.0008));
#2853=CARTESIAN_POINT('',(-0.018557199,-0.0056034,0.000800000000000023));
#2854=CARTESIAN_POINT('',(-0.019557199,-0.0056034,0.0008));
#2855=CARTESIAN_POINT('',(-0.019557199,0.0007966,0.0008));
#2856=CARTESIAN_POINT('',(-0.019557199,0.0071966,0.0008));
#2857=CARTESIAN_POINT('',(-0.018557199,0.0071966,0.000800000000000023));
#2858=CARTESIAN_POINT('',(-0.018557199,0.0081966,0.0008));
#2859=CARTESIAN_POINT('',(-0.0190285997352,0.0081966,0.0008));
#2860=CARTESIAN_POINT('',(-0.0185000004704,0.0081966,0.0008));
#2861=CARTESIAN_POINT('',(-0.0185000004704,0.0120983002352,0.0008));
#2862=CARTESIAN_POINT('',(-0.0185000004704,0.0112303044633153,0.0008));
#2863=CARTESIAN_POINT('',(-0.0175000004704,0.0112303044633153,0.0008));
#2864=CARTESIAN_POINT('',(-0.0172000004704,0.0121842436647322,0.0008));
#2865=CARTESIAN_POINT('',(-0.0160000004704,0.0160000004704,0.0008));
#2866=CARTESIAN_POINT('',(-0.01625,0.0120078205852746,0.0008));
#2867=CARTESIAN_POINT('',(-0.01625,-9.1146125093213E-10,0.0008));
#2868=CARTESIAN_POINT('',(-0.016249999999994,0.013065721476503,0.0008));
#2869=CARTESIAN_POINT('',(-0.01500000187167,0.013065721476503,0.0008));
#2870=CARTESIAN_POINT('',(-0.0159732130451002,0.0138501673527265,0.0008));
#2871=CARTESIAN_POINT('',(-0.0160000004704,0.0160000004704,0.0008));
#2872=CARTESIAN_POINT('',(-0.0138501673527264,0.0159732130451049,0.0008));
#2873=CARTESIAN_POINT('',(-0.0130657214765,0.015000001871677,0.0008));
#2874=CARTESIAN_POINT('',(-0.0130657214765,0.01625,0.0008));
#2875=CARTESIAN_POINT('',(9.11466251161735E-10,0.01625,0.0008));
#2876=CARTESIAN_POINT('',(-0.011687842115845,0.01625,0.0008));
#2877=CARTESIAN_POINT('',(-0.0110249328202721,0.0155013002832623,0.000800000000000023));
#2878=CARTESIAN_POINT('',(-0.0110041193555087,0.0165010836596417,0.0008));
#2879=CARTESIAN_POINT('',(-0.0109,0.0215024999053321,0.0008));
#2880=CARTESIAN_POINT('',(-0.0109,0.0165,0.0008));
#2881=CARTESIAN_POINT('',(0.,0.0165,0.0008));
#2882=CARTESIAN_POINT('',(0.0109,0.0165,0.0008));
#2883=CARTESIAN_POINT('',(0.0109,0.0215024999053322,0.0008));
#2884=CARTESIAN_POINT('',(0.0110041193555087,0.0165010836596417,0.0008));
#2885=CARTESIAN_POINT('',(0.0110249328202721,0.0155013002832623,0.000800000000000023));
#2886=CARTESIAN_POINT('',(0.0160000004704,-0.0160000004704,0.000802));
#2887=CARTESIAN_POINT('',(0.0172000004704,-0.0121842436647322,0.000802));
#2888=CARTESIAN_POINT('',(0.0172000004704,-0.0121842436647322,-0.0025));
#2889=CARTESIAN_POINT('',(0.0160000004704,-0.0160000004704,-0.0025));
#2890=CARTESIAN_POINT('',(0.0171953567073118,-0.0121827863728053,-0.0025));
#2891=CARTESIAN_POINT('',(0.0171953567073118,-0.0121827863728053,0.000802));
#2892=CARTESIAN_POINT('',(0.0171953567073118,-0.0121827863728053,0.));
#2893=CARTESIAN_POINT('',(0.0160000004704,-0.0160000004704,0.));
#2894=CARTESIAN_POINT('',(0.01625,-0.0120078205852746,0.));
#2895=CARTESIAN_POINT('',(0.01625,-0.0120078205852746,0.000802));
#2896=CARTESIAN_POINT('',(-0.0160000004704,0.0160000004704,0.000802));
#2897=CARTESIAN_POINT('',(-0.0160000004704,0.0160000004704,-0.0025));
#2898=CARTESIAN_POINT('',(-0.0172000004704,0.0121842436647322,-0.0025));
#2899=CARTESIAN_POINT('',(-0.0171953567073118,0.0121827863728053,-0.0025));
#2900=CARTESIAN_POINT('',(-0.0171953567073118,0.0121827863728053,0.000802));
#2901=CARTESIAN_POINT('',(-0.0171953567073118,0.0121827863728053,0.));
#2902=CARTESIAN_POINT('',(-0.0160000004704,0.0160000004704,0.));
#2903=CARTESIAN_POINT('',(-0.01625,0.0120078205852746,0.));
#2904=CARTESIAN_POINT('',(-0.01625,0.0120078205852746,0.000802));
#2905=CARTESIAN_POINT('',(-0.0172000004704,0.0121842436647322,0.000802));
#2906=CARTESIAN_POINT('',(0.0160000004704,0.0160000004704,0.000802));
#2907=CARTESIAN_POINT('',(0.0160000004704,0.0160000004704,-0.0025));
#2908=CARTESIAN_POINT('',(0.0120199463502977,0.0156010403206898,-0.0025));
#2909=CARTESIAN_POINT('',(0.0172000004704,0.0121842436647322,-0.0025));
#2910=CARTESIAN_POINT('',(0.0172000004704,0.0121842436647322,0.000802));
#2911=CARTESIAN_POINT('',(0.01625,0.0120078205852746,0.000802));
#2912=CARTESIAN_POINT('',(0.01625,0.0120078205852746,0.));
#2913=CARTESIAN_POINT('',(0.0160000004704,0.0160000004704,0.));
#2914=CARTESIAN_POINT('',(0.0120199463502977,0.0156010403206898,0.));
#2915=CARTESIAN_POINT('',(0.0120199463502977,0.0156010403206898,0.000802));
#2916=CARTESIAN_POINT('',(-0.0160000004704,-0.0160000004704,0.000802));
#2917=CARTESIAN_POINT('',(-0.0160000004704,-0.0160000004704,-0.0025));
#2918=CARTESIAN_POINT('',(-0.0120199463502977,-0.0156010403206898,-0.0025));
#2919=CARTESIAN_POINT('',(-0.0172000004704,-0.0121842436647322,-0.0025));
#2920=CARTESIAN_POINT('',(-0.0172000004704,-0.0121842436647322,0.000802));
#2921=CARTESIAN_POINT('',(-0.01625,-0.0120078205852746,0.000802));
#2922=CARTESIAN_POINT('',(-0.01625,-0.0120078205852746,0.));
#2923=CARTESIAN_POINT('',(-0.0160000004704,-0.0160000004704,0.));
#2924=CARTESIAN_POINT('',(-0.0120199463502977,-0.0156010403206898,0.));
#2925=CARTESIAN_POINT('',(-0.0120199463502977,-0.0156010403206898,0.000802));
#2926=CARTESIAN_POINT('',(-0.0185000004704,-0.0113017002352,0.258117621135332));
#2927=CARTESIAN_POINT('',(-0.0185000004704,-0.0112303044633153,0.258117621135332));
#2928=CARTESIAN_POINT('',(-0.0185000004704,-0.0112303044633153,-0.0025));
#2929=CARTESIAN_POINT('',(-0.0185000004704,-0.0113017002352,-0.0025));
#2930=CARTESIAN_POINT('',(-0.0185000004704,-0.0066034,-0.0025));
#2931=CARTESIAN_POINT('',(-0.0185000004704,-0.0066034,0.258117621135332));
#2932=CARTESIAN_POINT('',(-0.0109,-0.0215024999053321,0.258117621135332));
#2933=CARTESIAN_POINT('',(-0.0109,-0.0215024999053321,-0.0025));
#2934=CARTESIAN_POINT('',(-0.0109,-0.0165,-0.0025));
#2935=CARTESIAN_POINT('',(-0.0110041193555087,-0.0165010836596417,-0.0025));
#2936=CARTESIAN_POINT('',(-0.0110041193555087,-0.0165010836596417,0.258117621135332));
#2937=CARTESIAN_POINT('',(-0.0109,-0.0165,0.258117621135332));
#2938=CARTESIAN_POINT('',(0.00400164055144835,0.0020723729463815,-0.0025));
#2939=CARTESIAN_POINT('',(0.0185000004704,0.,-0.0025));
#2940=CARTESIAN_POINT('',(0.0185000004704,-0.0112303044633153,-0.0025));
#2941=CARTESIAN_POINT('',(0.0185000004704,0.0112303044633153,-0.0025));
#2942=CARTESIAN_POINT('',(0.0175000004704,0.0112303044633153,-0.0025));
#2943=CARTESIAN_POINT('',(0.0110249328202721,0.0155013002832623,-0.0025));
#2944=CARTESIAN_POINT('',(0.0110041193555087,0.0165010836596417,-0.0025));
#2945=CARTESIAN_POINT('',(0.0109,0.0215024999053322,-0.0025));
#2946=CARTESIAN_POINT('',(0.0109,0.0165,-0.0025));
#2947=CARTESIAN_POINT('',(0.,0.0165,-0.0025));
#2948=CARTESIAN_POINT('',(-0.0109,0.0165,-0.0025));
#2949=CARTESIAN_POINT('',(-0.0109,0.0215024999053321,-0.0025));
#2950=CARTESIAN_POINT('',(-0.0110041193555087,0.0165010836596417,-0.0025));
#2951=CARTESIAN_POINT('',(-0.0110249328202721,0.0155013002832623,-0.0025));
#2952=CARTESIAN_POINT('',(-0.0120199463502977,0.0156010403206898,-0.0025));
#2953=CARTESIAN_POINT('',(-0.0160000004704,0.0160000004704,-0.0025));
#2954=CARTESIAN_POINT('',(-0.0120693497611693,0.0152583907333927,-0.0025));
#2955=CARTESIAN_POINT('',(-0.0110866870838616,0.0150729882991408,-0.0025));
#2956=CARTESIAN_POINT('',(-0.0115118677318924,0.0141678797882206,-0.0025));
#2957=CARTESIAN_POINT('',(-0.013,0.011,-0.0025));
#2958=CARTESIAN_POINT('',(-0.0164954855961976,0.011177708882094,-0.0025));
#2959=CARTESIAN_POINT('',(-0.0174941957665398,0.0112284828484066,-0.0025));
#2960=CARTESIAN_POINT('',(-0.0175000004704,0.0112303044633153,-0.0025));
#2961=CARTESIAN_POINT('',(-0.0185000004704,0.0112303044633153,-0.0025));
#2962=CARTESIAN_POINT('',(-0.0185000004704,0.0120983002352,-0.0025));
#2963=CARTESIAN_POINT('',(-0.0185000004704,0.0081966,-0.0025));
#2964=CARTESIAN_POINT('',(-0.0190285997352,0.0081966,-0.0025));
#2965=CARTESIAN_POINT('',(-0.018557199,0.0081966,-0.0025));
#2966=CARTESIAN_POINT('',(-0.018557199,0.0071966,-0.0025));
#2967=CARTESIAN_POINT('',(-0.019557199,0.0071966,-0.0025));
#2968=CARTESIAN_POINT('',(-0.019557199,0.0007966,-0.0025));
#2969=CARTESIAN_POINT('',(-0.019557199,-0.0056034,-0.0025));
#2970=CARTESIAN_POINT('',(-0.018557199,-0.0056034,-0.0025));
#2971=CARTESIAN_POINT('',(-0.018557199,-0.0066034,-0.0025));
#2972=CARTESIAN_POINT('',(-0.0190285997352,-0.0066034,-0.0025));
#2973=CARTESIAN_POINT('',(-0.0175000004704,-0.0112303044633153,-0.0025));
#2974=CARTESIAN_POINT('',(-0.0110249328202721,-0.0155013002832623,-0.0025));
#2975=CARTESIAN_POINT('',(0.,-0.0165,-0.0025));
#2976=CARTESIAN_POINT('',(0.0109,-0.0165,-0.0025));
#2977=CARTESIAN_POINT('',(0.0109,-0.0215024999053322,-0.0025));
#2978=CARTESIAN_POINT('',(0.0110041193555087,-0.0165010836596417,-0.0025));
#2979=CARTESIAN_POINT('',(0.0110249328202721,-0.0155013002832623,-0.0025));
#2980=CARTESIAN_POINT('',(0.0120199463502977,-0.0156010403206898,-0.0025));
#2981=CARTESIAN_POINT('',(0.0160000004704,-0.0160000004704,-0.0025));
#2982=CARTESIAN_POINT('',(0.0120693497611693,-0.0152583907333927,-0.0025));
#2983=CARTESIAN_POINT('',(0.0110866870838616,-0.0150729882991408,-0.0025));
#2984=CARTESIAN_POINT('',(0.0115118677318924,-0.0141678797882206,-0.0025));
#2985=CARTESIAN_POINT('',(0.013,-0.011,-0.0025));
#2986=CARTESIAN_POINT('',(0.0164954855961976,-0.011177708882094,-0.0025));
#2987=CARTESIAN_POINT('',(0.0174941957665398,-0.0112284828484066,-0.0025));
#2988=CARTESIAN_POINT('',(0.0175000004704,-0.0112303044633153,-0.0025));
#2989=CARTESIAN_POINT('',(0.0185000004704,0.,0.258117621135332));
#2990=CARTESIAN_POINT('',(0.0185000004704,0.0112303044633153,0.258117621135332));
#2991=CARTESIAN_POINT('',(0.0185000004704,-0.0112303044633153,0.258117621135332));
#2992=CARTESIAN_POINT('',(0.0109,0.0215024999053322,0.258117621135332));
#2993=CARTESIAN_POINT('',(0.0110041193555087,0.0165010836596417,0.258117621135332));
#2994=CARTESIAN_POINT('',(0.0109,0.0165,0.258117621135332));
#2995=CARTESIAN_POINT('',(-0.0185000004704,0.0120983002352,0.258117621135332));
#2996=CARTESIAN_POINT('',(-0.0185000004704,0.0112303044633153,0.258117621135332));
#2997=CARTESIAN_POINT('',(-0.0185000004704,0.0081966,0.258117621135332));
#2998=CARTESIAN_POINT('',(-0.0109,0.0215024999053321,0.258117621135332));
#2999=CARTESIAN_POINT('',(-0.0110041193555087,0.0165010836596417,0.258117621135332));
#3000=CARTESIAN_POINT('',(-0.0109,0.0165,0.258117621135332));
#3001=CARTESIAN_POINT('',(-0.013,0.011,1.99999999999983E-6));
#3002=CARTESIAN_POINT('',(-0.013,0.011,0.));
#3003=CARTESIAN_POINT('',(-0.0115118677318924,0.0141678797882206,0.));
#3004=CARTESIAN_POINT('',(-0.0164954855961976,0.011177708882094,0.));
#3005=CARTESIAN_POINT('',(-0.0164954855961976,0.011177708882094,1.99999999999983E-6));
#3006=CARTESIAN_POINT('',(-0.0115118677318924,0.0141678797882206,1.99999999999983E-6));
#3007=CARTESIAN_POINT('',(0.0109,-0.0215024999053322,0.258117621135332));
#3008=CARTESIAN_POINT('',(0.0110041193555087,-0.0165010836596417,0.258117621135332));
#3009=CARTESIAN_POINT('',(0.0109,-0.0165,0.258117621135332));
#3010=CARTESIAN_POINT('',(0.013,-0.011,1.99999999999983E-6));
#3011=CARTESIAN_POINT('',(0.0115118677318924,-0.0141678797882206,1.99999999999983E-6));
#3012=CARTESIAN_POINT('',(0.0115118677318924,-0.0141678797882206,0.));
#3013=CARTESIAN_POINT('',(0.013,-0.011,0.));
#3014=CARTESIAN_POINT('',(0.0164954855961976,-0.011177708882094,0.));
#3015=CARTESIAN_POINT('',(0.0164954855961976,-0.011177708882094,1.99999999999983E-6));
#3016=CARTESIAN_POINT('',(-0.020557199,0.,-0.0025));
#3017=CARTESIAN_POINT('',(-0.020557199,0.0074466,-0.004));
#3018=CARTESIAN_POINT('',(-0.020557199,0.0074466,-0.00325));
#3019=CARTESIAN_POINT('',(-0.020557199,-0.0074466,-0.00325));
#3020=CARTESIAN_POINT('',(-0.020557199,-0.0074466,-0.00325));
#3021=CARTESIAN_POINT('',(-0.020557199,-0.0074466,-0.0025));
#3022=CARTESIAN_POINT('',(-0.0200000004704,0.0127233002352,-0.0025));
#3023=CARTESIAN_POINT('',(-0.0200000004704,0.0160000004704,-0.0025));
#3024=CARTESIAN_POINT('',(-0.0200000004704,0.0160000004704,-0.00325));
#3025=CARTESIAN_POINT('',(-0.0200000004704,0.0127233002352,-0.00325));
#3026=CARTESIAN_POINT('',(-0.0200000004704,0.00948304740551078,-0.00325));
#3027=CARTESIAN_POINT('',(-0.0200000004704,0.00948304740551078,0.0008));
#3028=CARTESIAN_POINT('',(-0.0160000004704,0.0160000004704,-0.0025));
#3029=CARTESIAN_POINT('',(-0.0132809065498387,0.0189336889765585,-0.0025));
#3030=CARTESIAN_POINT('',(-0.0132809065498387,0.0189336889765585,-0.00325));
#3031=CARTESIAN_POINT('',(-0.0160000004704,0.0160000004704,-0.00325));
#3032=CARTESIAN_POINT('',(-0.0109,0.0215024999053321,-0.0025));
#3033=CARTESIAN_POINT('',(-0.0109,0.018,-0.0025));
#3034=CARTESIAN_POINT('',(-0.0109,0.018,-0.00325));
#3035=CARTESIAN_POINT('',(-0.0109,0.0215024999053321,-0.00325));
#3036=CARTESIAN_POINT('',(0.,0.018,-0.0025));
#3037=CARTESIAN_POINT('',(0.0109,0.018,-0.0025));
#3038=CARTESIAN_POINT('',(0.0109,0.018,-0.00325));
#3039=CARTESIAN_POINT('',(0.,0.018,-0.00325));
#3040=CARTESIAN_POINT('',(0.0109,0.0215024999053322,-0.0025));
#3041=CARTESIAN_POINT('',(0.0132809065498387,0.0189336889765585,-0.0025));
#3042=CARTESIAN_POINT('',(0.0132809065498387,0.0189336889765585,-0.00325));
#3043=CARTESIAN_POINT('',(0.0109,0.0215024999053322,-0.00325));
#3044=CARTESIAN_POINT('',(0.0160000004704,0.0160000004704,-0.0025));
#3045=CARTESIAN_POINT('',(0.0200000004704,0.0160000004704,-0.0025));
#3046=CARTESIAN_POINT('',(0.0200000004704,0.0160000004704,-0.00325));
#3047=CARTESIAN_POINT('',(0.0160000004704,0.0160000004704,-0.00325));
#3048=CARTESIAN_POINT('',(0.0200000004704,0.,-0.0025));
#3049=CARTESIAN_POINT('',(0.0200000004704,-0.0160000004704,-0.0025));
#3050=CARTESIAN_POINT('',(0.0200000004704,-0.0160000004704,-0.00325));
#3051=CARTESIAN_POINT('',(0.0200000004704,0.0160000004704,-0.00325));
#3052=CARTESIAN_POINT('',(0.0160000004704,-0.0160000004704,-0.0025));
#3053=CARTESIAN_POINT('',(0.0132809065498387,-0.0189336889765585,-0.0025));
#3054=CARTESIAN_POINT('',(0.0132809065498387,-0.0189336889765585,-0.00325));
#3055=CARTESIAN_POINT('',(0.0160000004704,-0.0160000004704,-0.00325));
#3056=CARTESIAN_POINT('',(0.0109,-0.0215024999053322,-0.0025));
#3057=CARTESIAN_POINT('',(0.0109,-0.018,-0.0025));
#3058=CARTESIAN_POINT('',(0.0109,-0.018,-0.00325));
#3059=CARTESIAN_POINT('',(0.0109,-0.0215024999053322,-0.00325));
#3060=CARTESIAN_POINT('',(0.,-0.018,-0.0025));
#3061=CARTESIAN_POINT('',(-0.0109,-0.018,-0.0025));
#3062=CARTESIAN_POINT('',(-0.0109,-0.018,-0.00325));
#3063=CARTESIAN_POINT('',(0.0109,-0.018,-0.00325));
#3064=CARTESIAN_POINT('',(-0.0109,-0.0215024999053321,-0.0025));
#3065=CARTESIAN_POINT('',(-0.0132809065498387,-0.0189336889765585,-0.0025));
#3066=CARTESIAN_POINT('',(-0.0132809065498387,-0.0189336889765585,-0.00325));
#3067=CARTESIAN_POINT('',(-0.0109,-0.0215024999053321,-0.00325));
#3068=CARTESIAN_POINT('',(-0.0160000004704,-0.0160000004704,-0.0025));
#3069=CARTESIAN_POINT('',(-0.0200000004704,-0.0160000004704,-0.0025));
#3070=CARTESIAN_POINT('',(-0.0200000004704,-0.0160000004704,-0.00325));
#3071=CARTESIAN_POINT('',(-0.0160000004704,-0.0160000004704,-0.00325));
#3072=CARTESIAN_POINT('',(0.0160000004704,0.0160000004704,-0.0025));
#3073=CARTESIAN_POINT('',(0.0160000004704,0.0160000004704,-0.004));
#3074=CARTESIAN_POINT('',(0.0138500004704,0.0160000004704,-0.004));
#3075=CARTESIAN_POINT('',(0.0160000004704,0.0160000004704,0.));
#3076=CARTESIAN_POINT('',(0.0138501674836554,0.0159732025394238,0.));
#3077=CARTESIAN_POINT('',(0.0159732180472901,0.0138501672904038,0.));
#3078=CARTESIAN_POINT('',(0.0159732180472901,0.0138501672904038,0.0008));
#3079=CARTESIAN_POINT('',(0.0138501674836554,0.0159732025394238,0.0008));
#3080=CARTESIAN_POINT('',(0.0160000004704,-0.0160000004704,-0.0025));
#3081=CARTESIAN_POINT('',(0.013850167290404,-0.015973218047281,0.0008));
#3082=CARTESIAN_POINT('',(0.013850167290404,-0.015973218047281,0.));
#3083=CARTESIAN_POINT('',(0.0159732025394189,-0.0138501674836554,0.0008));
#3084=CARTESIAN_POINT('',(0.0159732025394189,-0.0138501674836554,0.));
#3085=CARTESIAN_POINT('',(0.0160000004704,-0.0160000004704,0.));
#3086=CARTESIAN_POINT('',(0.0160000004704,-0.0160000004704,-0.004));
#3087=CARTESIAN_POINT('',(0.0138500004704,-0.0160000004704,-0.004));
#3088=CARTESIAN_POINT('',(-0.0160000004704,-0.0160000004704,-0.0025));
#3089=CARTESIAN_POINT('',(-0.0160000004704,-0.0160000004704,-0.004));
#3090=CARTESIAN_POINT('',(-0.0181500004704,-0.0160000004704,-0.004));
#3091=CARTESIAN_POINT('',(-0.0160000004704,-0.0160000004704,0.));
#3092=CARTESIAN_POINT('',(-0.0138501673527265,-0.0159732130450978,0.));
#3093=CARTESIAN_POINT('',(-0.0159732130450978,-0.0138501673527265,0.));
#3094=CARTESIAN_POINT('',(-0.0159732130450978,-0.0138501673527265,0.0008));
#3095=CARTESIAN_POINT('',(-0.0138501673527265,-0.0159732130450978,0.0008));
#3096=CARTESIAN_POINT('',(-0.0200000004704,-0.0127233002352,-0.0025));
#3097=CARTESIAN_POINT('',(-0.0200000004704,-0.00948304740551078,-0.0025));
#3098=CARTESIAN_POINT('',(-0.0200000004704,-0.00948304740551078,-0.00325));
#3099=CARTESIAN_POINT('',(-0.0200000004704,-0.0160000004704,-0.00325));
#3100=CARTESIAN_POINT('',(-0.0160000004704,0.0160000004704,-0.0025));
#3101=CARTESIAN_POINT('',(-0.0138501673527264,0.0159732130451049,0.0008));
#3102=CARTESIAN_POINT('',(-0.0138501673527264,0.0159732130451049,0.));
#3103=CARTESIAN_POINT('',(-0.0159732130451002,0.0138501673527265,0.0008));
#3104=CARTESIAN_POINT('',(-0.0159732130451002,0.0138501673527265,0.));
#3105=CARTESIAN_POINT('',(-0.0160000004704,0.0160000004704,0.));
#3106=CARTESIAN_POINT('',(-0.0160000004704,0.0160000004704,-0.004));
#3107=CARTESIAN_POINT('',(-0.0181500004704,0.0160000004704,-0.004));
#3108=CARTESIAN_POINT('',(0.00400164055144835,0.0020723729463815,-0.004));
#3109=CARTESIAN_POINT('',(-0.0220000004704,0.00948304740551078,-0.004));
#3110=CARTESIAN_POINT('',(-0.0196330744595,0.00808298981422212,-0.004));
#3111=CARTESIAN_POINT('',(-0.0192500004704,0.00948304740551078,-0.004));
#3112=CARTESIAN_POINT('',(-0.0192500004704,0.0020723729463815,-0.004));
#3113=CARTESIAN_POINT('',(-0.0192500004704,0.0160000004704,-0.004));
#3114=CARTESIAN_POINT('',(-0.0160000004704,0.0160000004704,-0.004));
#3115=CARTESIAN_POINT('',(-0.013790736659944,0.0183836223816538,-0.004));
#3116=CARTESIAN_POINT('',(-0.0109,0.0215024999053321,-0.004));
#3117=CARTESIAN_POINT('',(-0.0109,0.01725,-0.004));
#3118=CARTESIAN_POINT('',(0.00400164055144835,0.01725,-0.004));
#3119=CARTESIAN_POINT('',(0.0109,0.01725,-0.004));
#3120=CARTESIAN_POINT('',(0.0109,0.0215024999053322,-0.004));
#3121=CARTESIAN_POINT('',(0.013790736659944,0.0183836223816538,-0.004));
#3122=CARTESIAN_POINT('',(0.0160000004704,0.0160000004704,-0.004));
#3123=CARTESIAN_POINT('',(0.0192500004704,0.0160000004704,-0.004));
#3124=CARTESIAN_POINT('',(0.0192500004704,-0.0160000004704,-0.004));
#3125=CARTESIAN_POINT('',(0.0192500004704,-0.0160000004704,-0.004));
#3126=CARTESIAN_POINT('',(0.0160000004704,-0.0160000004704,-0.004));
#3127=CARTESIAN_POINT('',(0.013790736659944,-0.0183836223816538,-0.004));
#3128=CARTESIAN_POINT('',(0.0109,-0.0215024999053322,-0.004));
#3129=CARTESIAN_POINT('',(0.0109,-0.01725,-0.004));
#3130=CARTESIAN_POINT('',(-0.0109,-0.01725,-0.004));
#3131=CARTESIAN_POINT('',(-0.0109,-0.01725,-0.004));
#3132=CARTESIAN_POINT('',(-0.0109,-0.0215024999053321,-0.004));
#3133=CARTESIAN_POINT('',(-0.013790736659944,-0.0183836223816538,-0.004));
#3134=CARTESIAN_POINT('',(-0.0160000004704,-0.0160000004704,-0.004));
#3135=CARTESIAN_POINT('',(-0.0192500004704,-0.0160000004704,-0.004));
#3136=CARTESIAN_POINT('',(-0.0192500004704,-0.00948304740551078,-0.004));
#3137=CARTESIAN_POINT('',(-0.0192500004704,-0.00948304740551078,-0.004));
#3138=CARTESIAN_POINT('',(-0.0220000004704,-0.00948304740551078,-0.004));
#3139=CARTESIAN_POINT('',(-0.0196330744595,-0.00808298981422212,-0.004));
#3140=CARTESIAN_POINT('',(-0.018557199,-0.0074466,-0.004));
#3141=CARTESIAN_POINT('',(-0.019807199,-0.0074466,-0.004));
#3142=CARTESIAN_POINT('',(-0.019807199,0.0074466,-0.004));
#3143=CARTESIAN_POINT('',(-0.019807199,0.0074466,-0.004));
#3144=CARTESIAN_POINT('',(-0.018557199,0.0074466,-0.004));
#3145=CARTESIAN_POINT('',(-0.013,0.011,-0.004));
#3146=CARTESIAN_POINT('',(-0.011,0.011,-0.004));
#3147=CARTESIAN_POINT('',(0.013,-0.011,-0.004));
#3148=CARTESIAN_POINT('',(0.015,-0.011,-0.004));
#3149=CARTESIAN_POINT('',(0.,-0.0165,0.258117621135332));
#3150=CARTESIAN_POINT('',(0.,0.0165,0.258117621135332));
#3151=CARTESIAN_POINT('',(-0.0190285997352,0.0081966,0.258117621135332));
#3152=CARTESIAN_POINT('',(-0.018557199,0.0081966,0.258117621135332));
#3153=CARTESIAN_POINT('',(-0.019557199,0.0007966,0.258117621135332));
#3154=CARTESIAN_POINT('',(-0.019557199,0.0071966,0.258117621135332));
#3155=CARTESIAN_POINT('',(-0.019557199,-0.0056034,-0.0025));
#3156=CARTESIAN_POINT('',(-0.0190285997352,-0.0066034,0.258117621135332));
#3157=CARTESIAN_POINT('',(-0.018557199,-0.0066034,0.000800000000000023));
#3158=CARTESIAN_POINT('',(9.11466251161735E-10,-9.1146125093213E-10,0.));
#3159=CARTESIAN_POINT('',(0.013,-0.011,0.));
#3160=CARTESIAN_POINT('',(0.0118,-0.011,0.));
#3161=CARTESIAN_POINT('',(0.0174941957665398,-0.0112284828484066,0.));
#3162=CARTESIAN_POINT('',(0.0110866870838616,-0.0150729882991408,0.));
#3163=CARTESIAN_POINT('',(0.0120693497611693,-0.0152583907333927,0.));
#3164=CARTESIAN_POINT('',(0.0160000004704,-0.0160000004704,0.));
#3165=CARTESIAN_POINT('',(0.0120199463502977,-0.0156010403206898,0.));
#3166=CARTESIAN_POINT('',(0.0110249328202721,-0.0155013002832623,0.));
#3167=CARTESIAN_POINT('',(0.011687842115845,-0.01625,0.));
#3168=CARTESIAN_POINT('',(1.94099391073732E-9,-0.01625,0.));
#3169=CARTESIAN_POINT('',(0.0130657253584878,-0.01625,-8.470329472543E-22));
#3170=CARTESIAN_POINT('',(0.0130657253584878,-0.0150000036945995,0.));
#3171=CARTESIAN_POINT('',(0.0149999980421807,-0.0130657133247852,0.));
#3172=CARTESIAN_POINT('',(0.01625,-0.0130657133247852,-8.470329472543E-22));
#3173=CARTESIAN_POINT('',(0.01625,6.016851329671E-9,0.));
#3174=CARTESIAN_POINT('',(9.11466251161735E-10,-9.1146125093213E-10,0.));
#3175=CARTESIAN_POINT('',(-0.013,0.011,0.));
#3176=CARTESIAN_POINT('',(-0.0142,0.011,0.));
#3177=CARTESIAN_POINT('',(-0.0174941957665398,0.0112284828484066,0.));
#3178=CARTESIAN_POINT('',(-0.0110866870838616,0.0150729882991408,0.));
#3179=CARTESIAN_POINT('',(-0.0120693497611693,0.0152583907333927,0.));
#3180=CARTESIAN_POINT('',(-0.0160000004704,0.0160000004704,0.));
#3181=CARTESIAN_POINT('',(-0.0120199463502977,0.0156010403206898,0.));
#3182=CARTESIAN_POINT('',(-0.0110249328202721,0.0155013002832623,0.));
#3183=CARTESIAN_POINT('',(-0.011687842115845,0.01625,0.));
#3184=CARTESIAN_POINT('',(-4.07585441872943E-9,0.01625,0.));
#3185=CARTESIAN_POINT('',(-0.0130657214765,0.01625,-8.470329472543E-22));
#3186=CARTESIAN_POINT('',(-0.0130657214765,0.015000001871677,0.));
#3187=CARTESIAN_POINT('',(-0.01500000187167,0.013065721476503,0.));
#3188=CARTESIAN_POINT('',(-0.016249999999994,0.013065721476503,-8.470329472543E-22));
#3189=CARTESIAN_POINT('',(-0.01625,1.50140316845793E-15,0.));
#3190=CARTESIAN_POINT('',(0.0160000004704,-0.0160000004704,0.000802));
#3191=CARTESIAN_POINT('',(0.0120693497611693,-0.0152583907333927,0.000802));
#3192=CARTESIAN_POINT('',(0.0120199463502977,-0.0156010403206898,0.000802));
#3193=CARTESIAN_POINT('',(-0.0160000004704,0.0160000004704,0.000802));
#3194=CARTESIAN_POINT('',(-0.0120693497611693,0.0152583907333927,0.000802));
#3195=CARTESIAN_POINT('',(-0.0120199463502977,0.0156010403206898,0.000802));
#3196=CARTESIAN_POINT('',(1.94099391073732E-9,-0.01625,-2.00000000000005E-6));
#3197=CARTESIAN_POINT('',(-0.011687842115845,-0.01625,0.0008));
#3198=CARTESIAN_POINT('',(-0.011687842115845,-0.01625,0.));
#3199=CARTESIAN_POINT('',(1.94099391073732E-9,-0.01625,0.));
#3200=CARTESIAN_POINT('',(-0.0130657214765,-0.016249999999994,-8.470329472543E-22));
#3201=CARTESIAN_POINT('',(-0.0130657214765,-0.016249999999994,-2.00000000000005E-6));
#3202=CARTESIAN_POINT('',(-0.01625,1.50140316845793E-15,-2.00000000000005E-6));
#3203=CARTESIAN_POINT('',(-0.01625,-0.0130657214765,-2.00000000000005E-6));
#3204=CARTESIAN_POINT('',(-0.01625,-0.0130657214765,-8.470329472543E-22));
#3205=CARTESIAN_POINT('',(-0.01625,1.50140316845793E-15,0.));
#3206=CARTESIAN_POINT('',(9.11466251161735E-10,-9.1146125093213E-10,0.));
#3207=CARTESIAN_POINT('',(-0.0130657214765,-0.01500000187167,0.));
#3208=CARTESIAN_POINT('',(-0.0110249328202721,-0.0155013002832623,0.));
#3209=CARTESIAN_POINT('',(-0.01500000187167,-0.0130657214765,0.));
#3210=CARTESIAN_POINT('',(-0.0130657214765,-0.01500000187167,-2.00000000000005E-6));
#3211=CARTESIAN_POINT('',(-0.01500000187167,-0.0130657214765,-2.00000000000005E-6));
#3212=CARTESIAN_POINT('',(-4.07585441872943E-9,0.01625,-2.00000000000005E-6));
#3213=CARTESIAN_POINT('',(0.011687842115845,0.01625,0.0008));
#3214=CARTESIAN_POINT('',(0.011687842115845,0.01625,0.));
#3215=CARTESIAN_POINT('',(-4.07585441872943E-9,0.01625,0.));
#3216=CARTESIAN_POINT('',(0.0130657133247912,0.0162499961705047,-8.470329472543E-22));
#3217=CARTESIAN_POINT('',(0.0130657133247912,0.0162499961705047,-2.00000000000005E-6));
#3218=CARTESIAN_POINT('',(0.01625,6.016851329671E-9,-2.00000000000005E-6));
#3219=CARTESIAN_POINT('',(0.01625,0.0130657253584878,-2.00000000000005E-6));
#3220=CARTESIAN_POINT('',(0.01625,0.0130657253584878,-8.470329472543E-22));
#3221=CARTESIAN_POINT('',(0.01625,6.016851329671E-9,0.));
#3222=CARTESIAN_POINT('',(9.11466251161735E-10,-9.1146125093213E-10,0.));
#3223=CARTESIAN_POINT('',(0.0130657133247912,0.0149999980421807,0.));
#3224=CARTESIAN_POINT('',(0.0110249328202721,0.0155013002832623,0.));
#3225=CARTESIAN_POINT('',(0.0150000036946085,0.0130657253584878,0.));
#3226=CARTESIAN_POINT('',(0.0130657133247912,0.0149999980421807,-2.00000000000005E-6));
#3227=CARTESIAN_POINT('',(0.0150000036946085,0.0130657253584878,-2.00000000000005E-6));
#3228=CARTESIAN_POINT('',(-0.01625,1.50140316845793E-15,-2.00000000000005E-6));
#3229=CARTESIAN_POINT('',(-0.016249999999994,0.013065721476503,-2.00000000000005E-6));
#3230=CARTESIAN_POINT('',(-4.07585441872943E-9,0.01625,-2.00000000000005E-6));
#3231=CARTESIAN_POINT('',(-0.0130657214765,0.01625,-2.00000000000005E-6));
#3232=CARTESIAN_POINT('',(-0.011687842115845,0.01625,0.));
#3233=CARTESIAN_POINT('',(-0.01500000187167,0.013065721476503,-2.00000000000005E-6));
#3234=CARTESIAN_POINT('',(-0.0130657214765,0.015000001871677,-2.00000000000005E-6));
#3235=CARTESIAN_POINT('',(0.01625,6.016851329671E-9,-2.00000000000005E-6));
#3236=CARTESIAN_POINT('',(0.01625,-0.0130657133247852,-2.00000000000005E-6));
#3237=CARTESIAN_POINT('',(1.94099391073732E-9,-0.01625,-2.00000000000005E-6));
#3238=CARTESIAN_POINT('',(0.0130657253584878,-0.01625,-2.00000000000005E-6));
#3239=CARTESIAN_POINT('',(0.011687842115845,-0.01625,0.));
#3240=CARTESIAN_POINT('',(0.0130657253584878,-0.0150000036945995,-2.00000000000005E-6));
#3241=CARTESIAN_POINT('',(0.0149999980421807,-0.0130657133247852,-2.00000000000005E-6));
#3242=CARTESIAN_POINT('',(-0.013,0.011,-0.004));
#3243=CARTESIAN_POINT('',(-0.013,0.011,-0.002));
#3244=CARTESIAN_POINT('',(-0.0118,0.011,-0.002));
#3245=CARTESIAN_POINT('',(-0.011,0.011,-0.002));
#3246=CARTESIAN_POINT('',(-0.013,0.011,-0.002));
#3247=CARTESIAN_POINT('',(-0.011,0.011,-0.002));
#3248=CARTESIAN_POINT('',(-0.013,0.011,-0.004));
#3249=CARTESIAN_POINT('',(0.013,-0.011,-0.004));
#3250=CARTESIAN_POINT('',(0.013,-0.011,-0.002));
#3251=CARTESIAN_POINT('',(0.0142,-0.011,-0.002));
#3252=CARTESIAN_POINT('',(0.015,-0.011,-0.002));
#3253=CARTESIAN_POINT('',(0.013,-0.011,-0.002));
#3254=CARTESIAN_POINT('',(0.015,-0.011,-0.002));
#3255=CARTESIAN_POINT('',(0.013,-0.011,-0.004));
#3256=CARTESIAN_POINT('',(0.0175000004704,0.0112303044633153,0.000802));
#3257=CARTESIAN_POINT('',(-0.0174941957665398,0.0112284828484066,1.99999999999983E-6));
#3258=CARTESIAN_POINT('',(-0.0175000004704,0.0112303044633153,0.000802));
#3259=CARTESIAN_POINT('',(-0.018557199,0.0071966,0.258117621135332));
#3260=CARTESIAN_POINT('',(-0.018557199,-0.0056034,0.258117621135332));
#3261=CARTESIAN_POINT('',(-0.0175000004704,-0.0112303044633153,0.000802));
#3262=CARTESIAN_POINT('',(-0.0110249328202721,-0.0155013002832623,0.258117621135332));
#3263=CARTESIAN_POINT('',(0.0110866870838616,-0.0150729882991408,1.99999999999983E-6));
#3264=CARTESIAN_POINT('',(0.0110249328202721,-0.0155013002832623,0.258117621135332));
#3265=CARTESIAN_POINT('',(0.0175000004704,-0.0112303044633153,0.000802));
#3266=CARTESIAN_POINT('',(0.0174941957665398,-0.0112284828484066,1.99999999999983E-6));
#3267=CARTESIAN_POINT('',(0.0110249328202721,0.0155013002832623,0.258117621135332));
#3268=CARTESIAN_POINT('',(-0.0110866870838616,0.0150729882991408,1.99999999999983E-6));
#3269=CARTESIAN_POINT('',(-0.0110249328202721,0.0155013002832623,0.258117621135332));
#3270=CARTESIAN_POINT('',(-0.018557199,0.0074466,-0.0025));
#3271=CARTESIAN_POINT('',(-0.0202785997352,0.00846482370275539,-0.0025));
#3272=CARTESIAN_POINT('',(-0.0202785997352,0.00846482370275539,-0.00325));
#3273=CARTESIAN_POINT('',(-0.018557199,0.0074466,-0.00325));
#3274=CARTESIAN_POINT('',(-0.018557199,-0.0074466,-0.0025));
#3275=CARTESIAN_POINT('',(-0.018557199,-0.0074466,-0.00325));
#3276=CARTESIAN_POINT('',(-0.0202785997352,-0.00846482370275539,-0.00325));
#3277=CARTESIAN_POINT('',(-0.0202785997352,-0.00846482370275539,-0.0025));
#3278=CARTESIAN_POINT('',(-0.0220000004704,-0.00948304740551078,-0.0025));
#3279=CARTESIAN_POINT('',(-0.0220000004704,-0.00948304740551078,-0.00325));
#3280=CARTESIAN_POINT('',(-0.0220000004704,0.00948304740551078,-0.0025));
#3281=CARTESIAN_POINT('',(-0.0220000004704,0.00948304740551078,-0.00325));
#3282=CARTESIAN_POINT('',(0.,-0.018,-0.00325));
#3283=CARTESIAN_POINT('',(0.0109,-0.018,-0.00325));
#3284=CARTESIAN_POINT('',(-0.0109,-0.01725,-0.004));
#3285=CARTESIAN_POINT('',(-0.0109,-0.0215024999053321,-0.00325));
#3286=CARTESIAN_POINT('',(-0.013790736659944,-0.0183836223816538,-0.004));
#3287=CARTESIAN_POINT('',(0.0109,-0.0215024999053322,-0.00325));
#3288=CARTESIAN_POINT('',(0.0132809065498387,-0.0189336889765585,-0.00325));
#3289=CARTESIAN_POINT('',(-0.0160000004704,-0.0160000004704,-0.004));
#3290=CARTESIAN_POINT('',(-0.0192500004704,-0.0160000004704,-0.004));
#3291=CARTESIAN_POINT('',(0.0160000004704,-0.0160000004704,-0.004));
#3292=CARTESIAN_POINT('',(0.0200000004704,-0.0160000004704,-0.00325));
#3293=CARTESIAN_POINT('',(-0.0200000004704,-0.0127233002352,-0.00325));
#3294=CARTESIAN_POINT('',(-0.0192500004704,-0.00948304740551078,-0.004));
#3295=CARTESIAN_POINT('',(0.0200000004704,0.,-0.00325));
#3296=CARTESIAN_POINT('',(0.0200000004704,0.0160000004704,-0.00325));
#3297=CARTESIAN_POINT('',(-0.0220000004704,-0.00948304740551078,-0.004));
#3298=CARTESIAN_POINT('',(-0.0196330744595,-0.00808298981422212,-0.004));
#3299=CARTESIAN_POINT('',(0.0160000004704,0.0160000004704,-0.00325));
#3300=CARTESIAN_POINT('',(0.0132809065498387,0.0189336889765585,-0.00325));
#3301=CARTESIAN_POINT('',(-0.018557199,-0.0074466,-0.004));
#3302=CARTESIAN_POINT('',(-0.019807199,-0.0074466,-0.004));
#3303=CARTESIAN_POINT('',(0.0109,0.0215024999053322,-0.004));
#3304=CARTESIAN_POINT('',(0.0109,0.018,-0.00325));
#3305=CARTESIAN_POINT('',(-0.020557199,0.,-0.00325));
#3306=CARTESIAN_POINT('',(-0.019807199,0.0074466,-0.004));
#3307=CARTESIAN_POINT('',(0.00400164055144835,0.01725,-0.004));
#3308=CARTESIAN_POINT('',(-0.0109,0.018,-0.00325));
#3309=CARTESIAN_POINT('',(-0.018557199,0.0074466,-0.004));
#3310=CARTESIAN_POINT('',(-0.0196330744595,0.00808298981422212,-0.004));
#3311=CARTESIAN_POINT('',(-0.0109,0.0215024999053321,-0.004));
#3312=CARTESIAN_POINT('',(-0.0132809065498387,0.0189336889765585,-0.00325));
#3313=CARTESIAN_POINT('',(-0.0220000004704,0.00948304740551078,-0.004));
#3314=CARTESIAN_POINT('',(-0.0192500004704,0.00948304740551078,-0.004));
#3315=CARTESIAN_POINT('',(-0.0160000004704,0.0160000004704,-0.00325));
#3316=CARTESIAN_POINT('',(-0.0200000004704,0.0160000004704,-0.00325));
#3317=CARTESIAN_POINT('',(-0.0192500004704,0.0020723729463815,-0.004));
#3318=MECHANICAL_DESIGN_GEOMETRIC_PRESENTATION_REPRESENTATION('',(#1893),
#3319);
#3319=(
GEOMETRIC_REPRESENTATION_CONTEXT(3)
GLOBAL_UNCERTAINTY_ASSIGNED_CONTEXT((#3320))
GLOBAL_UNIT_ASSIGNED_CONTEXT((#3323,#3322,#3321))
REPRESENTATION_CONTEXT('002-1-00-P-03-01','TOP_LEVEL_ASSEMBLY_PART')
);
#3320=UNCERTAINTY_MEASURE_WITH_UNIT(LENGTH_MEASURE(5.E-6),#3323,
'DISTANCE_ACCURACY_VALUE','Maximum Tolerance applied to model');
#3321=(
NAMED_UNIT(*)
SI_UNIT($,.STERADIAN.)
SOLID_ANGLE_UNIT()
);
#3322=(
NAMED_UNIT(*)
PLANE_ANGLE_UNIT()
SI_UNIT($,.RADIAN.)
);
#3323=(
LENGTH_UNIT()
NAMED_UNIT(*)
SI_UNIT($,.METRE.)
);
#3324=PRODUCT_DEFINITION_SHAPE('','',#3325);
#3325=PRODUCT_DEFINITION('','',#3327,#3326);
#3326=PRODUCT_DEFINITION_CONTEXT('',#3333,'design');
#3327=PRODUCT_DEFINITION_FORMATION_WITH_SPECIFIED_SOURCE('','',#3329,
 .NOT_KNOWN.);
#3328=PRODUCT_RELATED_PRODUCT_CATEGORY('','',(#3329));
#3329=PRODUCT('002-1-00-P-03-01','002-1-00-P-03-01','002-1-00-P-03-01',
(#3331));
#3330=PRODUCT_CATEGORY('','');
#3331=PRODUCT_CONTEXT('',#3333,'mechanical');
#3332=APPLICATION_PROTOCOL_DEFINITION('international standard',
'ap242_managed_model_based_3d_engineering',2011,#3333);
#3333=APPLICATION_CONTEXT('managed model based 3d engineering');
ENDSEC;
END-ISO-10303-21;
