solid ASCII
  facet normal 8.403854e-17 -9.858951e-02 -9.951282e-01
    outer loop
      vertex   9.392549e+00 1.606770e+02 3.432924e+00
      vertex   1.458595e+01 1.600000e+02 3.500000e+00
      vertex   9.367497e+00 1.600000e+02 3.500000e+00
    endloop
  endfacet
  facet normal 8.468803e-17 9.824781e-02 -9.951620e-01
    outer loop
      vertex   9.367497e+00 1.600000e+02 3.500000e+00
      vertex   1.458595e+01 1.600000e+02 3.500000e+00
      vertex   1.460194e+01 1.593253e+02 3.433393e+00
    endloop
  endfacet
  facet normal 4.468488e-05 9.859115e-02 -9.951280e-01
    outer loop
      vertex   9.367497e+00 1.600000e+02 3.500000e+00
      vertex   1.460194e+01 1.593253e+02 3.433393e+00
      vertex   9.392549e+00 1.593230e+02 3.432924e+00
    endloop
  endfacet
  facet normal -4.525137e-05 2.881988e-01 -9.575706e-01
    outer loop
      vertex   9.392549e+00 1.593230e+02 3.432924e+00
      vertex   1.460194e+01 1.593253e+02 3.433393e+00
      vertex   1.464752e+01 1.586584e+02 3.232670e+00
    endloop
  endfacet
  facet normal 5.563670e-05 2.889302e-01 -9.573502e-01
    outer loop
      vertex   9.392549e+00 1.593230e+02 3.432924e+00
      vertex   1.464752e+01 1.586584e+02 3.232670e+00
      vertex   9.463454e+00 1.586558e+02 3.231569e+00
    endloop
  endfacet
  facet normal -5.547970e-05 4.743094e-01 -8.803582e-01
    outer loop
      vertex   9.463454e+00 1.586558e+02 3.231569e+00
      vertex   1.464752e+01 1.586584e+02 3.232670e+00
      vertex   1.471633e+01 1.580464e+02 2.902947e+00
    endloop
  endfacet
  facet normal 2.499178e-05 4.748468e-01 -8.800685e-01
    outer loop
      vertex   9.463454e+00 1.586558e+02 3.231569e+00
      vertex   1.471633e+01 1.580464e+02 2.902947e+00
      vertex   9.569474e+00 1.580451e+02 2.902074e+00
    endloop
  endfacet
  facet normal -3.502997e-05 6.345953e-01 -7.728447e-01
    outer loop
      vertex   9.569474e+00 1.580451e+02 2.902074e+00
      vertex   1.471633e+01 1.580464e+02 2.902947e+00
      vertex   1.479441e+01 1.575252e+02 2.474972e+00
    endloop
  endfacet
  facet normal -1.161736e-05 6.347358e-01 -7.727293e-01
    outer loop
      vertex   9.569474e+00 1.580451e+02 2.902074e+00
      vertex   1.479441e+01 1.575252e+02 2.474972e+00
      vertex   9.688776e+00 1.575257e+02 2.475402e+00
    endloop
  endfacet
  facet normal 1.160316e-05 7.724832e-01 -6.350352e-01
    outer loop
      vertex   9.688776e+00 1.575257e+02 2.475402e+00
      vertex   1.479441e+01 1.575252e+02 2.474972e+00
      vertex   9.806598e+00 1.570987e+02 1.955996e+00
    endloop
  endfacet
  facet normal -5.406009e-05 7.727927e-01 -6.346585e-01
    outer loop
      vertex   9.806598e+00 1.570987e+02 1.955996e+00
      vertex   1.479441e+01 1.575252e+02 2.474972e+00
      vertex   1.487206e+01 1.570972e+02 1.953768e+00
    endloop
  endfacet
  facet normal 4.731189e-05 8.799268e-01 -4.751092e-01
    outer loop
      vertex   9.806598e+00 1.570987e+02 1.955996e+00
      vertex   1.487206e+01 1.570972e+02 1.953768e+00
      vertex   9.909143e+00 1.567687e+02 1.344946e+00
    endloop
  endfacet
  facet normal -6.970264e-05 8.803254e-01 -4.743704e-01
    outer loop
      vertex   9.909143e+00 1.567687e+02 1.344946e+00
      vertex   1.487206e+01 1.570972e+02 1.953768e+00
      vertex   1.493987e+01 1.567674e+02 1.341713e+00
    endloop
  endfacet
  facet normal 6.994716e-05 9.573144e-01 -2.890486e-01
    outer loop
      vertex   9.909143e+00 1.567687e+02 1.344946e+00
      vertex   1.493987e+01 1.567674e+02 1.341713e+00
      vertex   9.976496e+00 1.565671e+02 6.772776e-01
    endloop
  endfacet
  facet normal -4.978442e-05 9.575616e-01 -2.882287e-01
    outer loop
      vertex   9.976496e+00 1.565671e+02 6.772776e-01
      vertex   1.493987e+01 1.567674e+02 1.341713e+00
      vertex   1.498445e+01 1.565666e+02 6.747091e-01
    endloop
  endfacet
  facet normal 5.130194e-05 9.951241e-01 -9.863089e-02
    outer loop
      vertex   9.976496e+00 1.565671e+02 6.772776e-01
      vertex   1.498445e+01 1.565666e+02 6.747091e-01
      vertex   1.000000e+01 1.565000e+02 -8.419191e-15
    endloop
  endfacet
  facet normal 1.654465e-16 9.951612e-01 -9.825556e-02
    outer loop
      vertex   1.000000e+01 1.565000e+02 -8.419191e-15
      vertex   1.498445e+01 1.565666e+02 6.747091e-01
      vertex   1.500000e+01 1.565000e+02 0.000000e+00
    endloop
  endfacet
  facet normal -1.660814e-16 9.951239e-01 9.863266e-02
    outer loop
      vertex   1.000000e+01 1.565000e+02 -8.419191e-15
      vertex   1.500000e+01 1.565000e+02 0.000000e+00
      vertex   9.976496e+00 1.565671e+02 -6.772776e-01
    endloop
  endfacet
  facet normal -2.985398e-03 9.927045e-01 1.205361e-01
    outer loop
      vertex   9.976496e+00 1.565671e+02 -6.772776e-01
      vertex   1.500000e+01 1.565000e+02 0.000000e+00
      vertex   1.500000e+01 1.566017e+02 -8.376048e-01
    endloop
  endfacet
  facet normal 2.628275e-03 9.573825e-01 2.888111e-01
    outer loop
      vertex   9.976496e+00 1.565671e+02 -6.772776e-01
      vertex   1.500000e+01 1.566017e+02 -8.376048e-01
      vertex   9.909143e+00 1.567687e+02 -1.344946e+00
    endloop
  endfacet
  facet normal -4.662309e-03 9.350061e-01 3.546010e-01
    outer loop
      vertex   9.909143e+00 1.567687e+02 -1.344946e+00
      vertex   1.500000e+01 1.566017e+02 -8.376048e-01
      vertex   1.500000e+01 1.569009e+02 -1.626531e+00
    endloop
  endfacet
  facet normal 3.403041e-03 8.801571e-01 4.746704e-01
    outer loop
      vertex   9.909143e+00 1.567687e+02 -1.344946e+00
      vertex   1.500000e+01 1.569009e+02 -1.626531e+00
      vertex   9.806598e+00 1.570987e+02 -1.955996e+00
    endloop
  endfacet
  facet normal -4.698870e-03 8.229748e-01 5.680585e-01
    outer loop
      vertex   9.806598e+00 1.570987e+02 -1.955996e+00
      vertex   1.500000e+01 1.569009e+02 -1.626531e+00
      vertex   1.500000e+01 1.573802e+02 -2.320929e+00
    endloop
  endfacet
  facet normal 2.702933e-03 7.727798e-01 6.346685e-01
    outer loop
      vertex   9.806598e+00 1.570987e+02 -1.955996e+00
      vertex   1.500000e+01 1.573802e+02 -2.320929e+00
      vertex   9.688776e+00 1.575257e+02 -2.475402e+00
    endloop
  endfacet
  facet normal -3.610897e-03 6.631183e-01 7.485059e-01
    outer loop
      vertex   9.688776e+00 1.575257e+02 -2.475402e+00
      vertex   1.500000e+01 1.573802e+02 -2.320929e+00
      vertex   1.500000e+01 1.580118e+02 -2.880444e+00
    endloop
  endfacet
  facet normal 8.166646e-04 6.348491e-01 7.726357e-01
    outer loop
      vertex   9.688776e+00 1.575257e+02 -2.475402e+00
      vertex   1.500000e+01 1.580118e+02 -2.880444e+00
      vertex   9.569474e+00 1.580451e+02 -2.902074e+00
    endloop
  endfacet
  facet normal -5.933766e-04 4.747636e-01 8.801132e-01
    outer loop
      vertex   9.569474e+00 1.580451e+02 -2.902074e+00
      vertex   1.500000e+01 1.580118e+02 -2.880444e+00
      vertex   9.463454e+00 1.586558e+02 -3.231569e+00
    endloop
  endfacet
  facet normal -2.100082e-03 4.647221e-01 8.854541e-01
    outer loop
      vertex   9.463454e+00 1.586558e+02 -3.231569e+00
      vertex   1.500000e+01 1.580118e+02 -2.880444e+00
      vertex   1.500000e+01 1.587589e+02 -3.272557e+00
    endloop
  endfacet
  facet normal 1.702840e-03 2.890902e-01 9.573003e-01
    outer loop
      vertex   9.463454e+00 1.586558e+02 -3.231569e+00
      vertex   1.500000e+01 1.587589e+02 -3.272557e+00
      vertex   9.392549e+00 1.593230e+02 -3.432924e+00
    endloop
  endfacet
  facet normal -3.694258e-03 2.393140e-01 9.709352e-01
    outer loop
      vertex   9.392549e+00 1.593230e+02 -3.432924e+00
      vertex   1.500000e+01 1.587589e+02 -3.272557e+00
      vertex   1.500000e+01 1.595781e+02 -3.474481e+00
    endloop
  endfacet
  facet normal 2.883788e-03 9.869477e-02 9.951136e-01
    outer loop
      vertex   9.392549e+00 1.593230e+02 -3.432924e+00
      vertex   1.500000e+01 1.595781e+02 -3.474481e+00
      vertex   9.367497e+00 1.600000e+02 -3.500000e+00
    endloop
  endfacet
  facet normal -4.530611e-03 0.000000e+00 9.999897e-01
    outer loop
      vertex   9.367497e+00 1.600000e+02 -3.500000e+00
      vertex   1.500000e+01 1.595781e+02 -3.474481e+00
      vertex   1.500000e+01 1.604219e+02 -3.474481e+00
    endloop
  endfacet
  facet normal 2.883788e-03 -9.869477e-02 9.951136e-01
    outer loop
      vertex   9.367497e+00 1.600000e+02 -3.500000e+00
      vertex   1.500000e+01 1.604219e+02 -3.474481e+00
      vertex   9.392549e+00 1.606770e+02 -3.432924e+00
    endloop
  endfacet
  facet normal -3.694258e-03 -2.393140e-01 9.709352e-01
    outer loop
      vertex   9.392549e+00 1.606770e+02 -3.432924e+00
      vertex   1.500000e+01 1.604219e+02 -3.474481e+00
      vertex   1.500000e+01 1.612411e+02 -3.272557e+00
    endloop
  endfacet
  facet normal 1.702840e-03 -2.890902e-01 9.573003e-01
    outer loop
      vertex   9.392549e+00 1.606770e+02 -3.432924e+00
      vertex   1.500000e+01 1.612411e+02 -3.272557e+00
      vertex   9.463454e+00 1.613442e+02 -3.231569e+00
    endloop
  endfacet
  facet normal -2.100082e-03 -4.647221e-01 8.854541e-01
    outer loop
      vertex   9.463454e+00 1.613442e+02 -3.231569e+00
      vertex   1.500000e+01 1.612411e+02 -3.272557e+00
      vertex   1.500000e+01 1.619882e+02 -2.880444e+00
    endloop
  endfacet
  facet normal -5.933766e-04 -4.747636e-01 8.801132e-01
    outer loop
      vertex   9.463454e+00 1.613442e+02 -3.231569e+00
      vertex   1.500000e+01 1.619882e+02 -2.880444e+00
      vertex   9.569474e+00 1.619549e+02 -2.902074e+00
    endloop
  endfacet
  facet normal 8.166646e-04 -6.348491e-01 7.726357e-01
    outer loop
      vertex   9.569474e+00 1.619549e+02 -2.902074e+00
      vertex   1.500000e+01 1.619882e+02 -2.880444e+00
      vertex   9.688776e+00 1.624743e+02 -2.475402e+00
    endloop
  endfacet
  facet normal -3.610897e-03 -6.631183e-01 7.485059e-01
    outer loop
      vertex   9.688776e+00 1.624743e+02 -2.475402e+00
      vertex   1.500000e+01 1.619882e+02 -2.880444e+00
      vertex   1.500000e+01 1.626198e+02 -2.320929e+00
    endloop
  endfacet
  facet normal 2.702933e-03 -7.727798e-01 6.346685e-01
    outer loop
      vertex   9.688776e+00 1.624743e+02 -2.475402e+00
      vertex   1.500000e+01 1.626198e+02 -2.320929e+00
      vertex   9.806598e+00 1.629013e+02 -1.955996e+00
    endloop
  endfacet
  facet normal -4.698870e-03 -8.229748e-01 5.680585e-01
    outer loop
      vertex   9.806598e+00 1.629013e+02 -1.955996e+00
      vertex   1.500000e+01 1.626198e+02 -2.320929e+00
      vertex   1.500000e+01 1.630991e+02 -1.626531e+00
    endloop
  endfacet
  facet normal 3.403041e-03 -8.801571e-01 4.746704e-01
    outer loop
      vertex   9.806598e+00 1.629013e+02 -1.955996e+00
      vertex   1.500000e+01 1.630991e+02 -1.626531e+00
      vertex   9.909143e+00 1.632313e+02 -1.344946e+00
    endloop
  endfacet
  facet normal -4.662309e-03 -9.350061e-01 3.546010e-01
    outer loop
      vertex   9.909143e+00 1.632313e+02 -1.344946e+00
      vertex   1.500000e+01 1.630991e+02 -1.626531e+00
      vertex   1.500000e+01 1.633983e+02 -8.376048e-01
    endloop
  endfacet
  facet normal 2.628275e-03 -9.573825e-01 2.888111e-01
    outer loop
      vertex   9.909143e+00 1.632313e+02 -1.344946e+00
      vertex   1.500000e+01 1.633983e+02 -8.376048e-01
      vertex   9.976496e+00 1.634329e+02 -6.772776e-01
    endloop
  endfacet
  facet normal -2.985398e-03 -9.927045e-01 1.205361e-01
    outer loop
      vertex   9.976496e+00 1.634329e+02 -6.772776e-01
      vertex   1.500000e+01 1.633983e+02 -8.376048e-01
      vertex   1.500000e+01 1.635000e+02 0.000000e+00
    endloop
  endfacet
  facet normal -1.685490e-14 -9.951239e-01 9.863266e-02
    outer loop
      vertex   9.976496e+00 1.634329e+02 -6.772776e-01
      vertex   1.500000e+01 1.635000e+02 0.000000e+00
      vertex   1.000000e+01 1.635000e+02 5.759282e-15
    endloop
  endfacet
  facet normal -1.708369e-14 -9.951612e-01 -9.825556e-02
    outer loop
      vertex   1.000000e+01 1.635000e+02 5.759282e-15
      vertex   1.500000e+01 1.635000e+02 0.000000e+00
      vertex   1.498445e+01 1.634334e+02 6.747091e-01
    endloop
  endfacet
  facet normal 5.130194e-05 -9.951241e-01 -9.863089e-02
    outer loop
      vertex   1.000000e+01 1.635000e+02 5.759282e-15
      vertex   1.498445e+01 1.634334e+02 6.747091e-01
      vertex   9.976496e+00 1.634329e+02 6.772776e-01
    endloop
  endfacet
  facet normal -4.978442e-05 -9.575616e-01 -2.882287e-01
    outer loop
      vertex   9.976496e+00 1.634329e+02 6.772776e-01
      vertex   1.498445e+01 1.634334e+02 6.747091e-01
      vertex   1.493987e+01 1.632326e+02 1.341713e+00
    endloop
  endfacet
  facet normal 6.994716e-05 -9.573144e-01 -2.890486e-01
    outer loop
      vertex   9.976496e+00 1.634329e+02 6.772776e-01
      vertex   1.493987e+01 1.632326e+02 1.341713e+00
      vertex   9.909143e+00 1.632313e+02 1.344946e+00
    endloop
  endfacet
  facet normal -6.970264e-05 -8.803254e-01 -4.743704e-01
    outer loop
      vertex   9.909143e+00 1.632313e+02 1.344946e+00
      vertex   1.493987e+01 1.632326e+02 1.341713e+00
      vertex   1.487206e+01 1.629028e+02 1.953768e+00
    endloop
  endfacet
  facet normal 4.731189e-05 -8.799268e-01 -4.751092e-01
    outer loop
      vertex   9.909143e+00 1.632313e+02 1.344946e+00
      vertex   1.487206e+01 1.629028e+02 1.953768e+00
      vertex   9.806598e+00 1.629013e+02 1.955996e+00
    endloop
  endfacet
  facet normal -5.406009e-05 -7.727927e-01 -6.346585e-01
    outer loop
      vertex   9.806598e+00 1.629013e+02 1.955996e+00
      vertex   1.487206e+01 1.629028e+02 1.953768e+00
      vertex   1.479441e+01 1.624748e+02 2.474972e+00
    endloop
  endfacet
  facet normal 1.160316e-05 -7.724832e-01 -6.350352e-01
    outer loop
      vertex   9.806598e+00 1.629013e+02 1.955996e+00
      vertex   1.479441e+01 1.624748e+02 2.474972e+00
      vertex   9.688776e+00 1.624743e+02 2.475402e+00
    endloop
  endfacet
  facet normal -1.163861e-05 -6.345973e-01 -7.728429e-01
    outer loop
      vertex   9.688776e+00 1.624743e+02 2.475402e+00
      vertex   1.479441e+01 1.624748e+02 2.474972e+00
      vertex   1.471633e+01 1.619536e+02 2.902947e+00
    endloop
  endfacet
  facet normal -3.508505e-05 -6.347325e-01 -7.727319e-01
    outer loop
      vertex   9.688776e+00 1.624743e+02 2.475402e+00
      vertex   1.471633e+01 1.619536e+02 2.902947e+00
      vertex   9.569474e+00 1.619549e+02 2.902074e+00
    endloop
  endfacet
  facet normal 2.517919e-05 -4.743164e-01 -8.803545e-01
    outer loop
      vertex   9.569474e+00 1.619549e+02 2.902074e+00
      vertex   1.471633e+01 1.619536e+02 2.902947e+00
      vertex   1.464752e+01 1.613416e+02 3.232670e+00
    endloop
  endfacet
  facet normal -5.580918e-05 -4.748359e-01 -8.800743e-01
    outer loop
      vertex   9.569474e+00 1.619549e+02 2.902074e+00
      vertex   1.464752e+01 1.613416e+02 3.232670e+00
      vertex   9.463454e+00 1.613442e+02 3.231569e+00
    endloop
  endfacet
  facet normal 5.563670e-05 -2.889302e-01 -9.573502e-01
    outer loop
      vertex   9.463454e+00 1.613442e+02 3.231569e+00
      vertex   1.464752e+01 1.613416e+02 3.232670e+00
      vertex   9.392549e+00 1.606770e+02 3.432924e+00
    endloop
  endfacet
  facet normal -4.525137e-05 -2.881988e-01 -9.575706e-01
    outer loop
      vertex   9.392549e+00 1.606770e+02 3.432924e+00
      vertex   1.464752e+01 1.613416e+02 3.232670e+00
      vertex   1.460194e+01 1.606747e+02 3.433393e+00
    endloop
  endfacet
  facet normal 4.484417e-05 -9.824886e-02 -9.951619e-01
    outer loop
      vertex   9.392549e+00 1.606770e+02 3.432924e+00
      vertex   1.460194e+01 1.606747e+02 3.433393e+00
      vertex   1.458595e+01 1.600000e+02 3.500000e+00
    endloop
  endfacet
  facet normal 5.081400e-16 9.858951e-02 -9.951282e-01
    outer loop
      vertex   -9.392549e+00 1.593230e+02 3.432924e+00
      vertex   -1.458595e+01 1.600000e+02 3.500000e+00
      vertex   -9.367497e+00 1.600000e+02 3.500000e+00
    endloop
  endfacet
  facet normal 5.081282e-16 -9.824781e-02 -9.951620e-01
    outer loop
      vertex   -9.367497e+00 1.600000e+02 3.500000e+00
      vertex   -1.458595e+01 1.600000e+02 3.500000e+00
      vertex   -1.460194e+01 1.606747e+02 3.433393e+00
    endloop
  endfacet
  facet normal -4.468488e-05 -9.859115e-02 -9.951280e-01
    outer loop
      vertex   -9.367497e+00 1.600000e+02 3.500000e+00
      vertex   -1.460194e+01 1.606747e+02 3.433393e+00
      vertex   -9.392549e+00 1.606770e+02 3.432924e+00
    endloop
  endfacet
  facet normal 4.525137e-05 -2.881988e-01 -9.575706e-01
    outer loop
      vertex   -9.392549e+00 1.606770e+02 3.432924e+00
      vertex   -1.460194e+01 1.606747e+02 3.433393e+00
      vertex   -1.464752e+01 1.613416e+02 3.232670e+00
    endloop
  endfacet
  facet normal -5.563670e-05 -2.889302e-01 -9.573502e-01
    outer loop
      vertex   -9.392549e+00 1.606770e+02 3.432924e+00
      vertex   -1.464752e+01 1.613416e+02 3.232670e+00
      vertex   -9.463454e+00 1.613442e+02 3.231569e+00
    endloop
  endfacet
  facet normal 5.547970e-05 -4.743094e-01 -8.803582e-01
    outer loop
      vertex   -9.463454e+00 1.613442e+02 3.231569e+00
      vertex   -1.464752e+01 1.613416e+02 3.232670e+00
      vertex   -1.471633e+01 1.619536e+02 2.902947e+00
    endloop
  endfacet
  facet normal -2.499178e-05 -4.748468e-01 -8.800685e-01
    outer loop
      vertex   -9.463454e+00 1.613442e+02 3.231569e+00
      vertex   -1.471633e+01 1.619536e+02 2.902947e+00
      vertex   -9.569474e+00 1.619549e+02 2.902074e+00
    endloop
  endfacet
  facet normal 3.502997e-05 -6.345953e-01 -7.728447e-01
    outer loop
      vertex   -9.569474e+00 1.619549e+02 2.902074e+00
      vertex   -1.471633e+01 1.619536e+02 2.902947e+00
      vertex   -1.479441e+01 1.624748e+02 2.474972e+00
    endloop
  endfacet
  facet normal 1.161736e-05 -6.347358e-01 -7.727293e-01
    outer loop
      vertex   -9.569474e+00 1.619549e+02 2.902074e+00
      vertex   -1.479441e+01 1.624748e+02 2.474972e+00
      vertex   -9.688776e+00 1.624743e+02 2.475402e+00
    endloop
  endfacet
  facet normal -1.160316e-05 -7.724832e-01 -6.350352e-01
    outer loop
      vertex   -9.688776e+00 1.624743e+02 2.475402e+00
      vertex   -1.479441e+01 1.624748e+02 2.474972e+00
      vertex   -9.806598e+00 1.629013e+02 1.955996e+00
    endloop
  endfacet
  facet normal 5.406009e-05 -7.727927e-01 -6.346585e-01
    outer loop
      vertex   -9.806598e+00 1.629013e+02 1.955996e+00
      vertex   -1.479441e+01 1.624748e+02 2.474972e+00
      vertex   -1.487206e+01 1.629028e+02 1.953768e+00
    endloop
  endfacet
  facet normal -4.731189e-05 -8.799268e-01 -4.751092e-01
    outer loop
      vertex   -9.806598e+00 1.629013e+02 1.955996e+00
      vertex   -1.487206e+01 1.629028e+02 1.953768e+00
      vertex   -9.909143e+00 1.632313e+02 1.344946e+00
    endloop
  endfacet
  facet normal 6.970264e-05 -8.803254e-01 -4.743704e-01
    outer loop
      vertex   -9.909143e+00 1.632313e+02 1.344946e+00
      vertex   -1.487206e+01 1.629028e+02 1.953768e+00
      vertex   -1.493987e+01 1.632326e+02 1.341713e+00
    endloop
  endfacet
  facet normal -6.994716e-05 -9.573144e-01 -2.890486e-01
    outer loop
      vertex   -9.909143e+00 1.632313e+02 1.344946e+00
      vertex   -1.493987e+01 1.632326e+02 1.341713e+00
      vertex   -9.976496e+00 1.634329e+02 6.772776e-01
    endloop
  endfacet
  facet normal 4.978442e-05 -9.575616e-01 -2.882287e-01
    outer loop
      vertex   -9.976496e+00 1.634329e+02 6.772776e-01
      vertex   -1.493987e+01 1.632326e+02 1.341713e+00
      vertex   -1.498445e+01 1.634334e+02 6.747091e-01
    endloop
  endfacet
  facet normal -5.130194e-05 -9.951241e-01 -9.863089e-02
    outer loop
      vertex   -9.976496e+00 1.634329e+02 6.772776e-01
      vertex   -1.498445e+01 1.634334e+02 6.747091e-01
      vertex   -1.000000e+01 1.635000e+02 6.950459e-15
    endloop
  endfacet
  facet normal 1.365842e-16 -9.951612e-01 -9.825556e-02
    outer loop
      vertex   -1.000000e+01 1.635000e+02 6.950459e-15
      vertex   -1.498445e+01 1.634334e+02 6.747091e-01
      vertex   -1.500000e+01 1.635000e+02 0.000000e+00
    endloop
  endfacet
  facet normal -1.371084e-16 -9.951239e-01 9.863266e-02
    outer loop
      vertex   -1.000000e+01 1.635000e+02 6.950459e-15
      vertex   -1.500000e+01 1.635000e+02 0.000000e+00
      vertex   -9.976496e+00 1.634329e+02 -6.772776e-01
    endloop
  endfacet
  facet normal 2.985398e-03 -9.927045e-01 1.205361e-01
    outer loop
      vertex   -9.976496e+00 1.634329e+02 -6.772776e-01
      vertex   -1.500000e+01 1.635000e+02 0.000000e+00
      vertex   -1.500000e+01 1.633983e+02 -8.376048e-01
    endloop
  endfacet
  facet normal -2.628275e-03 -9.573825e-01 2.888111e-01
    outer loop
      vertex   -9.976496e+00 1.634329e+02 -6.772776e-01
      vertex   -1.500000e+01 1.633983e+02 -8.376048e-01
      vertex   -9.909143e+00 1.632313e+02 -1.344946e+00
    endloop
  endfacet
  facet normal 4.662309e-03 -9.350061e-01 3.546010e-01
    outer loop
      vertex   -9.909143e+00 1.632313e+02 -1.344946e+00
      vertex   -1.500000e+01 1.633983e+02 -8.376048e-01
      vertex   -1.500000e+01 1.630991e+02 -1.626531e+00
    endloop
  endfacet
  facet normal -3.403041e-03 -8.801571e-01 4.746704e-01
    outer loop
      vertex   -9.909143e+00 1.632313e+02 -1.344946e+00
      vertex   -1.500000e+01 1.630991e+02 -1.626531e+00
      vertex   -9.806598e+00 1.629013e+02 -1.955996e+00
    endloop
  endfacet
  facet normal 4.698870e-03 -8.229748e-01 5.680585e-01
    outer loop
      vertex   -9.806598e+00 1.629013e+02 -1.955996e+00
      vertex   -1.500000e+01 1.630991e+02 -1.626531e+00
      vertex   -1.500000e+01 1.626198e+02 -2.320929e+00
    endloop
  endfacet
  facet normal -2.702933e-03 -7.727798e-01 6.346685e-01
    outer loop
      vertex   -9.806598e+00 1.629013e+02 -1.955996e+00
      vertex   -1.500000e+01 1.626198e+02 -2.320929e+00
      vertex   -9.688776e+00 1.624743e+02 -2.475402e+00
    endloop
  endfacet
  facet normal 3.610897e-03 -6.631183e-01 7.485059e-01
    outer loop
      vertex   -9.688776e+00 1.624743e+02 -2.475402e+00
      vertex   -1.500000e+01 1.626198e+02 -2.320929e+00
      vertex   -1.500000e+01 1.619882e+02 -2.880444e+00
    endloop
  endfacet
  facet normal -8.166646e-04 -6.348491e-01 7.726357e-01
    outer loop
      vertex   -9.688776e+00 1.624743e+02 -2.475402e+00
      vertex   -1.500000e+01 1.619882e+02 -2.880444e+00
      vertex   -9.569474e+00 1.619549e+02 -2.902074e+00
    endloop
  endfacet
  facet normal 5.933766e-04 -4.747636e-01 8.801132e-01
    outer loop
      vertex   -9.569474e+00 1.619549e+02 -2.902074e+00
      vertex   -1.500000e+01 1.619882e+02 -2.880444e+00
      vertex   -9.463454e+00 1.613442e+02 -3.231569e+00
    endloop
  endfacet
  facet normal 2.100082e-03 -4.647221e-01 8.854541e-01
    outer loop
      vertex   -9.463454e+00 1.613442e+02 -3.231569e+00
      vertex   -1.500000e+01 1.619882e+02 -2.880444e+00
      vertex   -1.500000e+01 1.612411e+02 -3.272557e+00
    endloop
  endfacet
  facet normal -1.702840e-03 -2.890902e-01 9.573003e-01
    outer loop
      vertex   -9.463454e+00 1.613442e+02 -3.231569e+00
      vertex   -1.500000e+01 1.612411e+02 -3.272557e+00
      vertex   -9.392549e+00 1.606770e+02 -3.432924e+00
    endloop
  endfacet
  facet normal 3.694258e-03 -2.393140e-01 9.709352e-01
    outer loop
      vertex   -9.392549e+00 1.606770e+02 -3.432924e+00
      vertex   -1.500000e+01 1.612411e+02 -3.272557e+00
      vertex   -1.500000e+01 1.604219e+02 -3.474481e+00
    endloop
  endfacet
  facet normal -2.883788e-03 -9.869477e-02 9.951136e-01
    outer loop
      vertex   -9.392549e+00 1.606770e+02 -3.432924e+00
      vertex   -1.500000e+01 1.604219e+02 -3.474481e+00
      vertex   -9.367497e+00 1.600000e+02 -3.500000e+00
    endloop
  endfacet
  facet normal 4.530611e-03 0.000000e+00 9.999897e-01
    outer loop
      vertex   -9.367497e+00 1.600000e+02 -3.500000e+00
      vertex   -1.500000e+01 1.604219e+02 -3.474481e+00
      vertex   -1.500000e+01 1.595781e+02 -3.474481e+00
    endloop
  endfacet
  facet normal -2.883788e-03 9.869477e-02 9.951136e-01
    outer loop
      vertex   -9.367497e+00 1.600000e+02 -3.500000e+00
      vertex   -1.500000e+01 1.595781e+02 -3.474481e+00
      vertex   -9.392549e+00 1.593230e+02 -3.432924e+00
    endloop
  endfacet
  facet normal 3.694258e-03 2.393140e-01 9.709352e-01
    outer loop
      vertex   -9.392549e+00 1.593230e+02 -3.432924e+00
      vertex   -1.500000e+01 1.595781e+02 -3.474481e+00
      vertex   -1.500000e+01 1.587589e+02 -3.272557e+00
    endloop
  endfacet
  facet normal -1.702840e-03 2.890902e-01 9.573003e-01
    outer loop
      vertex   -9.392549e+00 1.593230e+02 -3.432924e+00
      vertex   -1.500000e+01 1.587589e+02 -3.272557e+00
      vertex   -9.463454e+00 1.586558e+02 -3.231569e+00
    endloop
  endfacet
  facet normal 2.100082e-03 4.647221e-01 8.854541e-01
    outer loop
      vertex   -9.463454e+00 1.586558e+02 -3.231569e+00
      vertex   -1.500000e+01 1.587589e+02 -3.272557e+00
      vertex   -1.500000e+01 1.580118e+02 -2.880444e+00
    endloop
  endfacet
  facet normal 5.933766e-04 4.747636e-01 8.801132e-01
    outer loop
      vertex   -9.463454e+00 1.586558e+02 -3.231569e+00
      vertex   -1.500000e+01 1.580118e+02 -2.880444e+00
      vertex   -9.569474e+00 1.580451e+02 -2.902074e+00
    endloop
  endfacet
  facet normal -8.166646e-04 6.348491e-01 7.726357e-01
    outer loop
      vertex   -9.569474e+00 1.580451e+02 -2.902074e+00
      vertex   -1.500000e+01 1.580118e+02 -2.880444e+00
      vertex   -9.688776e+00 1.575257e+02 -2.475402e+00
    endloop
  endfacet
  facet normal 3.610897e-03 6.631183e-01 7.485059e-01
    outer loop
      vertex   -9.688776e+00 1.575257e+02 -2.475402e+00
      vertex   -1.500000e+01 1.580118e+02 -2.880444e+00
      vertex   -1.500000e+01 1.573802e+02 -2.320929e+00
    endloop
  endfacet
  facet normal -2.702933e-03 7.727798e-01 6.346685e-01
    outer loop
      vertex   -9.688776e+00 1.575257e+02 -2.475402e+00
      vertex   -1.500000e+01 1.573802e+02 -2.320929e+00
      vertex   -9.806598e+00 1.570987e+02 -1.955996e+00
    endloop
  endfacet
  facet normal 4.698870e-03 8.229748e-01 5.680585e-01
    outer loop
      vertex   -9.806598e+00 1.570987e+02 -1.955996e+00
      vertex   -1.500000e+01 1.573802e+02 -2.320929e+00
      vertex   -1.500000e+01 1.569009e+02 -1.626531e+00
    endloop
  endfacet
  facet normal -3.403041e-03 8.801571e-01 4.746704e-01
    outer loop
      vertex   -9.806598e+00 1.570987e+02 -1.955996e+00
      vertex   -1.500000e+01 1.569009e+02 -1.626531e+00
      vertex   -9.909143e+00 1.567687e+02 -1.344946e+00
    endloop
  endfacet
  facet normal 4.662309e-03 9.350061e-01 3.546010e-01
    outer loop
      vertex   -9.909143e+00 1.567687e+02 -1.344946e+00
      vertex   -1.500000e+01 1.569009e+02 -1.626531e+00
      vertex   -1.500000e+01 1.566017e+02 -8.376048e-01
    endloop
  endfacet
  facet normal -2.628275e-03 9.573825e-01 2.888111e-01
    outer loop
      vertex   -9.909143e+00 1.567687e+02 -1.344946e+00
      vertex   -1.500000e+01 1.566017e+02 -8.376048e-01
      vertex   -9.976496e+00 1.565671e+02 -6.772776e-01
    endloop
  endfacet
  facet normal 2.985398e-03 9.927045e-01 1.205361e-01
    outer loop
      vertex   -9.976496e+00 1.565671e+02 -6.772776e-01
      vertex   -1.500000e+01 1.566017e+02 -8.376048e-01
      vertex   -1.500000e+01 1.565000e+02 0.000000e+00
    endloop
  endfacet
  facet normal 1.672032e-16 9.951239e-01 9.863266e-02
    outer loop
      vertex   -9.976496e+00 1.565671e+02 -6.772776e-01
      vertex   -1.500000e+01 1.565000e+02 0.000000e+00
      vertex   -1.000000e+01 1.565000e+02 -8.384497e-15
    endloop
  endfacet
  facet normal -1.647647e-16 9.951612e-01 -9.825556e-02
    outer loop
      vertex   -1.000000e+01 1.565000e+02 -8.384497e-15
      vertex   -1.500000e+01 1.565000e+02 0.000000e+00
      vertex   -1.498445e+01 1.565666e+02 6.747091e-01
    endloop
  endfacet
  facet normal -5.130194e-05 9.951241e-01 -9.863089e-02
    outer loop
      vertex   -1.000000e+01 1.565000e+02 -8.384497e-15
      vertex   -1.498445e+01 1.565666e+02 6.747091e-01
      vertex   -9.976496e+00 1.565671e+02 6.772776e-01
    endloop
  endfacet
  facet normal 4.978442e-05 9.575616e-01 -2.882287e-01
    outer loop
      vertex   -9.976496e+00 1.565671e+02 6.772776e-01
      vertex   -1.498445e+01 1.565666e+02 6.747091e-01
      vertex   -1.493987e+01 1.567674e+02 1.341713e+00
    endloop
  endfacet
  facet normal -6.994716e-05 9.573144e-01 -2.890486e-01
    outer loop
      vertex   -9.976496e+00 1.565671e+02 6.772776e-01
      vertex   -1.493987e+01 1.567674e+02 1.341713e+00
      vertex   -9.909143e+00 1.567687e+02 1.344946e+00
    endloop
  endfacet
  facet normal 6.970264e-05 8.803254e-01 -4.743704e-01
    outer loop
      vertex   -9.909143e+00 1.567687e+02 1.344946e+00
      vertex   -1.493987e+01 1.567674e+02 1.341713e+00
      vertex   -1.487206e+01 1.570972e+02 1.953768e+00
    endloop
  endfacet
  facet normal -4.731189e-05 8.799268e-01 -4.751092e-01
    outer loop
      vertex   -9.909143e+00 1.567687e+02 1.344946e+00
      vertex   -1.487206e+01 1.570972e+02 1.953768e+00
      vertex   -9.806598e+00 1.570987e+02 1.955996e+00
    endloop
  endfacet
  facet normal 5.406009e-05 7.727927e-01 -6.346585e-01
    outer loop
      vertex   -9.806598e+00 1.570987e+02 1.955996e+00
      vertex   -1.487206e+01 1.570972e+02 1.953768e+00
      vertex   -1.479441e+01 1.575252e+02 2.474972e+00
    endloop
  endfacet
  facet normal -1.160316e-05 7.724832e-01 -6.350352e-01
    outer loop
      vertex   -9.806598e+00 1.570987e+02 1.955996e+00
      vertex   -1.479441e+01 1.575252e+02 2.474972e+00
      vertex   -9.688776e+00 1.575257e+02 2.475402e+00
    endloop
  endfacet
  facet normal 1.161736e-05 6.347358e-01 -7.727293e-01
    outer loop
      vertex   -9.688776e+00 1.575257e+02 2.475402e+00
      vertex   -1.479441e+01 1.575252e+02 2.474972e+00
      vertex   -9.569474e+00 1.580451e+02 2.902074e+00
    endloop
  endfacet
  facet normal 3.502997e-05 6.345953e-01 -7.728447e-01
    outer loop
      vertex   -9.569474e+00 1.580451e+02 2.902074e+00
      vertex   -1.479441e+01 1.575252e+02 2.474972e+00
      vertex   -1.471633e+01 1.580464e+02 2.902947e+00
    endloop
  endfacet
  facet normal -2.517919e-05 4.743164e-01 -8.803545e-01
    outer loop
      vertex   -9.569474e+00 1.580451e+02 2.902074e+00
      vertex   -1.471633e+01 1.580464e+02 2.902947e+00
      vertex   -1.464752e+01 1.586584e+02 3.232670e+00
    endloop
  endfacet
  facet normal -4.484417e-05 9.824886e-02 -9.951619e-01
    outer loop
      vertex   -1.458595e+01 1.600000e+02 3.500000e+00
      vertex   -9.392549e+00 1.593230e+02 3.432924e+00
      vertex   -1.460194e+01 1.593253e+02 3.433393e+00
    endloop
  endfacet
  facet normal 4.560032e-05 2.889203e-01 -9.573531e-01
    outer loop
      vertex   -1.460194e+01 1.593253e+02 3.433393e+00
      vertex   -9.392549e+00 1.593230e+02 3.432924e+00
      vertex   -9.463454e+00 1.586558e+02 3.231569e+00
    endloop
  endfacet
  facet normal -5.605374e-05 2.882052e-01 -9.575687e-01
    outer loop
      vertex   -1.460194e+01 1.593253e+02 3.433393e+00
      vertex   -9.463454e+00 1.586558e+02 3.231569e+00
      vertex   -1.464752e+01 1.586584e+02 3.232670e+00
    endloop
  endfacet
  facet normal 5.580918e-05 4.748359e-01 -8.800743e-01
    outer loop
      vertex   -1.464752e+01 1.586584e+02 3.232670e+00
      vertex   -9.463454e+00 1.586558e+02 3.231569e+00
      vertex   -9.569474e+00 1.580451e+02 2.902074e+00
    endloop
  endfacet
  facet normal -1.000000e+00 -0.000000e+00 -0.000000e+00
    outer loop
      vertex   -1.500000e+01 1.565000e+02 0.000000e+00
      vertex   -1.500000e+01 1.566017e+02 -8.376048e-01
      vertex   -1.500000e+01 0.000000e+00 0.000000e+00
    endloop
  endfacet
  facet normal -1.000000e+00 0.000000e+00 0.000000e+00
    outer loop
      vertex   -1.500000e+01 0.000000e+00 0.000000e+00
      vertex   -1.500000e+01 1.566017e+02 -8.376048e-01
      vertex   -1.500000e+01 1.569009e+02 -1.626531e+00
    endloop
  endfacet
  facet normal -1.000000e+00 0.000000e+00 0.000000e+00
    outer loop
      vertex   -1.500000e+01 0.000000e+00 0.000000e+00
      vertex   -1.500000e+01 1.569009e+02 -1.626531e+00
      vertex   -1.500000e+01 1.573802e+02 -2.320929e+00
    endloop
  endfacet
  facet normal -1.000000e+00 -0.000000e+00 -0.000000e+00
    outer loop
      vertex   -1.500000e+01 1.573802e+02 -2.320929e+00
      vertex   -1.500000e+01 1.580118e+02 -2.880444e+00
      vertex   -1.500000e+01 0.000000e+00 0.000000e+00
    endloop
  endfacet
  facet normal -1.000000e+00 0.000000e+00 0.000000e+00
    outer loop
      vertex   -1.500000e+01 0.000000e+00 0.000000e+00
      vertex   -1.500000e+01 1.580118e+02 -2.880444e+00
      vertex   -1.500000e+01 1.587589e+02 -3.272557e+00
    endloop
  endfacet
  facet normal -1.000000e+00 0.000000e+00 0.000000e+00
    outer loop
      vertex   -1.500000e+01 0.000000e+00 0.000000e+00
      vertex   -1.500000e+01 1.587589e+02 -3.272557e+00
      vertex   -1.500000e+01 2.500000e+01 -1.750000e+01
    endloop
  endfacet
  facet normal -1.000000e+00 0.000000e+00 0.000000e+00
    outer loop
      vertex   -1.500000e+01 2.500000e+01 -1.750000e+01
      vertex   -1.500000e+01 1.587589e+02 -3.272557e+00
      vertex   -1.500000e+01 1.400000e+02 -1.750000e+01
    endloop
  endfacet
  facet normal -1.000000e+00 0.000000e+00 0.000000e+00
    outer loop
      vertex   -1.500000e+01 1.400000e+02 -1.750000e+01
      vertex   -1.500000e+01 1.587589e+02 -3.272557e+00
      vertex   -1.500000e+01 1.595781e+02 -3.474481e+00
    endloop
  endfacet
  facet normal -1.000000e+00 0.000000e+00 0.000000e+00
    outer loop
      vertex   -1.500000e+01 1.400000e+02 -1.750000e+01
      vertex   -1.500000e+01 1.595781e+02 -3.474481e+00
      vertex   -1.500000e+01 1.604219e+02 -3.474481e+00
    endloop
  endfacet
  facet normal -1.000000e+00 0.000000e+00 -0.000000e+00
    outer loop
      vertex   -1.500000e+01 1.612411e+02 -3.272557e+00
      vertex   -1.500000e+01 1.750000e+02 -2.500000e+01
      vertex   -1.500000e+01 1.604219e+02 -3.474481e+00
    endloop
  endfacet
  facet normal -1.000000e+00 0.000000e+00 -0.000000e+00
    outer loop
      vertex   -1.500000e+01 1.604219e+02 -3.474481e+00
      vertex   -1.500000e+01 1.750000e+02 -2.500000e+01
      vertex   -1.500000e+01 1.412500e+02 -1.783494e+01
    endloop
  endfacet
  facet normal -1.000000e+00 0.000000e+00 0.000000e+00
    outer loop
      vertex   -1.500000e+01 1.604219e+02 -3.474481e+00
      vertex   -1.500000e+01 1.412500e+02 -1.783494e+01
      vertex   -1.500000e+01 1.406470e+02 -1.758519e+01
    endloop
  endfacet
  facet normal -1.000000e+00 0.000000e+00 0.000000e+00
    outer loop
      vertex   -1.500000e+01 1.750000e+02 -2.500000e+01
      vertex   -1.500000e+01 1.612411e+02 -3.272557e+00
      vertex   -1.500000e+01 1.750000e+02 0.000000e+00
    endloop
  endfacet
  facet normal -1.000000e+00 0.000000e+00 0.000000e+00
    outer loop
      vertex   -1.500000e+01 1.750000e+02 0.000000e+00
      vertex   -1.500000e+01 1.612411e+02 -3.272557e+00
      vertex   -1.500000e+01 1.619882e+02 -2.880444e+00
    endloop
  endfacet
  facet normal -1.000000e+00 0.000000e+00 0.000000e+00
    outer loop
      vertex   -1.500000e+01 1.750000e+02 0.000000e+00
      vertex   -1.500000e+01 1.619882e+02 -2.880444e+00
      vertex   -1.500000e+01 1.626198e+02 -2.320929e+00
    endloop
  endfacet
  facet normal -1.000000e+00 0.000000e+00 0.000000e+00
    outer loop
      vertex   -1.500000e+01 1.626198e+02 -2.320929e+00
      vertex   -1.500000e+01 1.630991e+02 -1.626531e+00
      vertex   -1.500000e+01 1.750000e+02 0.000000e+00
    endloop
  endfacet
  facet normal -1.000000e+00 0.000000e+00 0.000000e+00
    outer loop
      vertex   -1.500000e+01 1.750000e+02 0.000000e+00
      vertex   -1.500000e+01 1.630991e+02 -1.626531e+00
      vertex   -1.500000e+01 1.633983e+02 -8.376048e-01
    endloop
  endfacet
  facet normal -1.000000e+00 -0.000000e+00 0.000000e+00
    outer loop
      vertex   -1.500000e+01 1.750000e+02 0.000000e+00
      vertex   -1.500000e+01 1.633983e+02 -8.376048e-01
      vertex   -1.500000e+01 1.635000e+02 0.000000e+00
    endloop
  endfacet
  facet normal -1.000000e+00 0.000000e+00 0.000000e+00
    outer loop
      vertex   -1.500000e+01 0.000000e+00 -2.500000e+01
      vertex   -1.500000e+01 1.400000e+02 -2.250000e+01
      vertex   -1.500000e+01 1.750000e+02 -2.500000e+01
    endloop
  endfacet
  facet normal -1.000000e+00 0.000000e+00 0.000000e+00
    outer loop
      vertex   -1.500000e+01 1.750000e+02 -2.500000e+01
      vertex   -1.500000e+01 1.400000e+02 -2.250000e+01
      vertex   -1.500000e+01 1.406470e+02 -2.241481e+01
    endloop
  endfacet
  facet normal -1.000000e+00 0.000000e+00 0.000000e+00
    outer loop
      vertex   -1.500000e+01 1.750000e+02 -2.500000e+01
      vertex   -1.500000e+01 1.406470e+02 -2.241481e+01
      vertex   -1.500000e+01 1.412500e+02 -2.216506e+01
    endloop
  endfacet
  facet normal -1.000000e+00 0.000000e+00 0.000000e+00
    outer loop
      vertex   -1.500000e+01 0.000000e+00 0.000000e+00
      vertex   -1.500000e+01 2.375000e+01 -1.783494e+01
      vertex   -1.500000e+01 0.000000e+00 -2.500000e+01
    endloop
  endfacet
  facet normal -1.000000e+00 0.000000e+00 0.000000e+00
    outer loop
      vertex   -1.500000e+01 0.000000e+00 -2.500000e+01
      vertex   -1.500000e+01 2.375000e+01 -1.783494e+01
      vertex   -1.500000e+01 2.323223e+01 -1.823223e+01
    endloop
  endfacet
  facet normal -1.000000e+00 0.000000e+00 0.000000e+00
    outer loop
      vertex   -1.500000e+01 0.000000e+00 -2.500000e+01
      vertex   -1.500000e+01 2.323223e+01 -1.823223e+01
      vertex   -1.500000e+01 2.283494e+01 -1.875000e+01
    endloop
  endfacet
  facet normal -1.000000e+00 0.000000e+00 -0.000000e+00
    outer loop
      vertex   -1.500000e+01 2.435295e+01 -2.241481e+01
      vertex   -1.500000e+01 2.500000e+01 -2.250000e+01
      vertex   -1.500000e+01 0.000000e+00 -2.500000e+01
    endloop
  endfacet
  facet normal -1.000000e+00 0.000000e+00 0.000000e+00
    outer loop
      vertex   -1.500000e+01 0.000000e+00 -2.500000e+01
      vertex   -1.500000e+01 2.500000e+01 -2.250000e+01
      vertex   -1.500000e+01 1.400000e+02 -2.250000e+01
    endloop
  endfacet
  facet normal -1.000000e+00 0.000000e+00 0.000000e+00
    outer loop
      vertex   -1.500000e+01 1.412500e+02 -2.216506e+01
      vertex   -1.500000e+01 1.417678e+02 -2.176777e+01
      vertex   -1.500000e+01 1.750000e+02 -2.500000e+01
    endloop
  endfacet
  facet normal -1.000000e+00 0.000000e+00 0.000000e+00
    outer loop
      vertex   -1.500000e+01 1.750000e+02 -2.500000e+01
      vertex   -1.500000e+01 1.417678e+02 -2.176777e+01
      vertex   -1.500000e+01 1.421651e+02 -2.125000e+01
    endloop
  endfacet
  facet normal -1.000000e+00 0.000000e+00 0.000000e+00
    outer loop
      vertex   -1.500000e+01 1.750000e+02 -2.500000e+01
      vertex   -1.500000e+01 1.421651e+02 -2.125000e+01
      vertex   -1.500000e+01 1.424148e+02 -2.064705e+01
    endloop
  endfacet
  facet normal -1.000000e+00 0.000000e+00 0.000000e+00
    outer loop
      vertex   -1.500000e+01 1.424148e+02 -2.064705e+01
      vertex   -1.500000e+01 1.425000e+02 -2.000000e+01
      vertex   -1.500000e+01 1.750000e+02 -2.500000e+01
    endloop
  endfacet
  facet normal -1.000000e+00 0.000000e+00 0.000000e+00
    outer loop
      vertex   -1.500000e+01 1.750000e+02 -2.500000e+01
      vertex   -1.500000e+01 1.425000e+02 -2.000000e+01
      vertex   -1.500000e+01 1.424148e+02 -1.935295e+01
    endloop
  endfacet
  facet normal -1.000000e+00 0.000000e+00 0.000000e+00
    outer loop
      vertex   -1.500000e+01 1.750000e+02 -2.500000e+01
      vertex   -1.500000e+01 1.424148e+02 -1.935295e+01
      vertex   -1.500000e+01 1.421651e+02 -1.875000e+01
    endloop
  endfacet
  facet normal -1.000000e+00 0.000000e+00 0.000000e+00
    outer loop
      vertex   -1.500000e+01 1.421651e+02 -1.875000e+01
      vertex   -1.500000e+01 1.417678e+02 -1.823223e+01
      vertex   -1.500000e+01 1.750000e+02 -2.500000e+01
    endloop
  endfacet
  facet normal -1.000000e+00 0.000000e+00 0.000000e+00
    outer loop
      vertex   -1.500000e+01 1.750000e+02 -2.500000e+01
      vertex   -1.500000e+01 1.417678e+02 -1.823223e+01
      vertex   -1.500000e+01 1.412500e+02 -1.783494e+01
    endloop
  endfacet
  facet normal -1.000000e+00 0.000000e+00 0.000000e+00
    outer loop
      vertex   -1.500000e+01 1.406470e+02 -1.758519e+01
      vertex   -1.500000e+01 1.400000e+02 -1.750000e+01
      vertex   -1.500000e+01 1.604219e+02 -3.474481e+00
    endloop
  endfacet
  facet normal -1.000000e+00 -0.000000e+00 0.000000e+00
    outer loop
      vertex   -1.500000e+01 2.500000e+01 -1.750000e+01
      vertex   -1.500000e+01 2.435295e+01 -1.758519e+01
      vertex   -1.500000e+01 0.000000e+00 0.000000e+00
    endloop
  endfacet
  facet normal -1.000000e+00 0.000000e+00 0.000000e+00
    outer loop
      vertex   -1.500000e+01 0.000000e+00 0.000000e+00
      vertex   -1.500000e+01 2.435295e+01 -1.758519e+01
      vertex   -1.500000e+01 2.375000e+01 -1.783494e+01
    endloop
  endfacet
  facet normal -1.000000e+00 0.000000e+00 0.000000e+00
    outer loop
      vertex   -1.500000e+01 2.283494e+01 -1.875000e+01
      vertex   -1.500000e+01 2.258519e+01 -1.935295e+01
      vertex   -1.500000e+01 0.000000e+00 -2.500000e+01
    endloop
  endfacet
  facet normal -1.000000e+00 0.000000e+00 0.000000e+00
    outer loop
      vertex   -1.500000e+01 0.000000e+00 -2.500000e+01
      vertex   -1.500000e+01 2.258519e+01 -1.935295e+01
      vertex   -1.500000e+01 2.250000e+01 -2.000000e+01
    endloop
  endfacet
  facet normal -1.000000e+00 0.000000e+00 0.000000e+00
    outer loop
      vertex   -1.500000e+01 0.000000e+00 -2.500000e+01
      vertex   -1.500000e+01 2.250000e+01 -2.000000e+01
      vertex   -1.500000e+01 2.258519e+01 -2.064705e+01
    endloop
  endfacet
  facet normal -1.000000e+00 0.000000e+00 -0.000000e+00
    outer loop
      vertex   -1.500000e+01 2.258519e+01 -2.064705e+01
      vertex   -1.500000e+01 2.283494e+01 -2.125000e+01
      vertex   -1.500000e+01 0.000000e+00 -2.500000e+01
    endloop
  endfacet
  facet normal -1.000000e+00 0.000000e+00 0.000000e+00
    outer loop
      vertex   -1.500000e+01 0.000000e+00 -2.500000e+01
      vertex   -1.500000e+01 2.283494e+01 -2.125000e+01
      vertex   -1.500000e+01 2.323223e+01 -2.176777e+01
    endloop
  endfacet
  facet normal -1.000000e+00 0.000000e+00 0.000000e+00
    outer loop
      vertex   -1.500000e+01 0.000000e+00 -2.500000e+01
      vertex   -1.500000e+01 2.323223e+01 -2.176777e+01
      vertex   -1.500000e+01 2.375000e+01 -2.216506e+01
    endloop
  endfacet
  facet normal -1.000000e+00 0.000000e+00 -0.000000e+00
    outer loop
      vertex   -1.500000e+01 2.375000e+01 -2.216506e+01
      vertex   -1.500000e+01 2.435295e+01 -2.241481e+01
      vertex   -1.500000e+01 0.000000e+00 -2.500000e+01
    endloop
  endfacet
  facet normal 9.997307e-01 -1.309611e-03 2.316997e-02
    outer loop
      vertex   1.498445e+01 1.565666e+02 6.747091e-01
      vertex   1.489063e+01 1.050000e+02 1.808050e+00
      vertex   1.500000e+01 1.565000e+02 0.000000e+00
    endloop
  endfacet
  facet normal 9.981756e-01 0.000000e+00 6.037850e-02
    outer loop
      vertex   1.500000e+01 1.565000e+02 0.000000e+00
      vertex   1.489063e+01 1.050000e+02 1.808050e+00
      vertex   1.489063e+01 7.000000e+01 1.808050e+00
    endloop
  endfacet
  facet normal 9.981756e-01 1.132981e-17 6.037850e-02
    outer loop
      vertex   1.500000e+01 1.565000e+02 0.000000e+00
      vertex   1.489063e+01 7.000000e+01 1.808050e+00
      vertex   1.500000e+01 0.000000e+00 0.000000e+00
    endloop
  endfacet
  facet normal 9.981756e-01 0.000000e+00 6.037850e-02
    outer loop
      vertex   1.500000e+01 0.000000e+00 0.000000e+00
      vertex   1.489063e+01 7.000000e+01 1.808050e+00
      vertex   1.489063e+01 3.500000e+01 1.808050e+00
    endloop
  endfacet
  facet normal 9.981756e-01 0.000000e+00 6.037850e-02
    outer loop
      vertex   1.500000e+01 0.000000e+00 0.000000e+00
      vertex   1.489063e+01 3.500000e+01 1.808050e+00
      vertex   1.489063e+01 0.000000e+00 1.808050e+00
    endloop
  endfacet
  facet normal 9.836199e-01 -0.000000e+00 1.802550e-01
    outer loop
      vertex   1.489063e+01 0.000000e+00 1.808050e+00
      vertex   1.489063e+01 3.500000e+01 1.808050e+00
      vertex   1.456413e+01 0.000000e+00 3.589735e+00
    endloop
  endfacet
  facet normal 9.836199e-01 2.287123e-18 1.802550e-01
    outer loop
      vertex   1.456413e+01 0.000000e+00 3.589735e+00
      vertex   1.489063e+01 3.500000e+01 1.808050e+00
      vertex   1.456413e+01 3.500000e+01 3.589735e+00
    endloop
  endfacet
  facet normal 9.547209e-01 3.774797e-18 2.975031e-01
    outer loop
      vertex   1.456413e+01 0.000000e+00 3.589735e+00
      vertex   1.456413e+01 3.500000e+01 3.589735e+00
      vertex   1.402524e+01 0.000000e+00 5.319073e+00
    endloop
  endfacet
  facet normal 9.547209e-01 -0.000000e+00 2.975031e-01
    outer loop
      vertex   1.402524e+01 0.000000e+00 5.319073e+00
      vertex   1.456413e+01 3.500000e+01 3.589735e+00
      vertex   1.402524e+01 3.500000e+01 5.319073e+00
    endloop
  endfacet
  facet normal 9.118998e-01 -0.000000e+00 4.104128e-01
    outer loop
      vertex   1.402524e+01 0.000000e+00 5.319073e+00
      vertex   1.402524e+01 3.500000e+01 5.319073e+00
      vertex   1.328184e+01 0.000000e+00 6.970848e+00
    endloop
  endfacet
  facet normal 9.118998e-01 -0.000000e+00 4.104128e-01
    outer loop
      vertex   1.328184e+01 0.000000e+00 6.970848e+00
      vertex   1.402524e+01 3.500000e+01 5.319073e+00
      vertex   1.328184e+01 3.500000e+01 6.970848e+00
    endloop
  endfacet
  facet normal 8.557813e-01 -0.000000e+00 5.173378e-01
    outer loop
      vertex   1.328184e+01 0.000000e+00 6.970848e+00
      vertex   1.328184e+01 3.500000e+01 6.970848e+00
      vertex   1.234476e+01 0.000000e+00 8.520971e+00
    endloop
  endfacet
  facet normal 8.557813e-01 -0.000000e+00 5.173378e-01
    outer loop
      vertex   1.234476e+01 0.000000e+00 8.520971e+00
      vertex   1.328184e+01 3.500000e+01 6.970848e+00
      vertex   1.234476e+01 3.500000e+01 8.520971e+00
    endloop
  endfacet
  facet normal 7.871835e-01 -0.000000e+00 6.167189e-01
    outer loop
      vertex   1.234476e+01 0.000000e+00 8.520971e+00
      vertex   1.234476e+01 3.500000e+01 8.520971e+00
      vertex   1.122766e+01 0.000000e+00 9.946840e+00
    endloop
  endfacet
  facet normal 7.871835e-01 -0.000000e+00 6.167189e-01
    outer loop
      vertex   1.122766e+01 0.000000e+00 9.946840e+00
      vertex   1.234476e+01 3.500000e+01 8.520971e+00
      vertex   1.122766e+01 3.500000e+01 9.946840e+00
    endloop
  endfacet
  facet normal 7.071068e-01 -0.000000e+00 7.071068e-01
    outer loop
      vertex   1.122766e+01 0.000000e+00 9.946840e+00
      vertex   1.122766e+01 3.500000e+01 9.946840e+00
      vertex   9.946840e+00 0.000000e+00 1.122766e+01
    endloop
  endfacet
  facet normal 7.071068e-01 -0.000000e+00 7.071068e-01
    outer loop
      vertex   9.946840e+00 0.000000e+00 1.122766e+01
      vertex   1.122766e+01 3.500000e+01 9.946840e+00
      vertex   9.946840e+00 3.500000e+01 1.122766e+01
    endloop
  endfacet
  facet normal 6.167189e-01 -0.000000e+00 7.871835e-01
    outer loop
      vertex   9.946840e+00 0.000000e+00 1.122766e+01
      vertex   9.946840e+00 3.500000e+01 1.122766e+01
      vertex   8.520971e+00 0.000000e+00 1.234476e+01
    endloop
  endfacet
  facet normal 6.167189e-01 -0.000000e+00 7.871835e-01
    outer loop
      vertex   8.520971e+00 0.000000e+00 1.234476e+01
      vertex   9.946840e+00 3.500000e+01 1.122766e+01
      vertex   8.520971e+00 3.500000e+01 1.234476e+01
    endloop
  endfacet
  facet normal 5.173378e-01 -0.000000e+00 8.557813e-01
    outer loop
      vertex   8.520971e+00 0.000000e+00 1.234476e+01
      vertex   8.520971e+00 3.500000e+01 1.234476e+01
      vertex   6.970848e+00 0.000000e+00 1.328184e+01
    endloop
  endfacet
  facet normal 5.173378e-01 -0.000000e+00 8.557813e-01
    outer loop
      vertex   6.970848e+00 0.000000e+00 1.328184e+01
      vertex   8.520971e+00 3.500000e+01 1.234476e+01
      vertex   6.970848e+00 3.500000e+01 1.328184e+01
    endloop
  endfacet
  facet normal 4.104128e-01 -0.000000e+00 9.118998e-01
    outer loop
      vertex   6.970848e+00 0.000000e+00 1.328184e+01
      vertex   6.970848e+00 3.500000e+01 1.328184e+01
      vertex   5.319073e+00 0.000000e+00 1.402524e+01
    endloop
  endfacet
  facet normal 4.104128e-01 -0.000000e+00 9.118998e-01
    outer loop
      vertex   5.319073e+00 0.000000e+00 1.402524e+01
      vertex   6.970848e+00 3.500000e+01 1.328184e+01
      vertex   5.319073e+00 3.500000e+01 1.402524e+01
    endloop
  endfacet
  facet normal 2.975031e-01 -0.000000e+00 9.547209e-01
    outer loop
      vertex   5.319073e+00 0.000000e+00 1.402524e+01
      vertex   5.319073e+00 3.500000e+01 1.402524e+01
      vertex   3.589735e+00 0.000000e+00 1.456413e+01
    endloop
  endfacet
  facet normal 2.975031e-01 -0.000000e+00 9.547209e-01
    outer loop
      vertex   3.589735e+00 0.000000e+00 1.456413e+01
      vertex   5.319073e+00 3.500000e+01 1.402524e+01
      vertex   3.589735e+00 3.500000e+01 1.456413e+01
    endloop
  endfacet
  facet normal 1.802550e-01 -0.000000e+00 9.836199e-01
    outer loop
      vertex   3.589735e+00 0.000000e+00 1.456413e+01
      vertex   3.589735e+00 3.500000e+01 1.456413e+01
      vertex   1.808050e+00 0.000000e+00 1.489063e+01
    endloop
  endfacet
  facet normal 1.802550e-01 -0.000000e+00 9.836199e-01
    outer loop
      vertex   1.808050e+00 0.000000e+00 1.489063e+01
      vertex   3.589735e+00 3.500000e+01 1.456413e+01
      vertex   1.808050e+00 3.500000e+01 1.489063e+01
    endloop
  endfacet
  facet normal 6.037850e-02 -0.000000e+00 9.981756e-01
    outer loop
      vertex   1.808050e+00 0.000000e+00 1.489063e+01
      vertex   1.808050e+00 3.500000e+01 1.489063e+01
      vertex   9.184851e-16 0.000000e+00 1.500000e+01
    endloop
  endfacet
  facet normal 6.037850e-02 -0.000000e+00 9.981756e-01
    outer loop
      vertex   9.184851e-16 0.000000e+00 1.500000e+01
      vertex   1.808050e+00 3.500000e+01 1.489063e+01
      vertex   9.184851e-16 3.500000e+01 1.500000e+01
    endloop
  endfacet
  facet normal -6.037850e-02 0.000000e+00 9.981756e-01
    outer loop
      vertex   9.184851e-16 0.000000e+00 1.500000e+01
      vertex   9.184851e-16 3.500000e+01 1.500000e+01
      vertex   -1.808050e+00 0.000000e+00 1.489063e+01
    endloop
  endfacet
  facet normal -6.037850e-02 0.000000e+00 9.981756e-01
    outer loop
      vertex   -1.808050e+00 0.000000e+00 1.489063e+01
      vertex   9.184851e-16 3.500000e+01 1.500000e+01
      vertex   -1.808050e+00 3.500000e+01 1.489063e+01
    endloop
  endfacet
  facet normal -1.802550e-01 0.000000e+00 9.836199e-01
    outer loop
      vertex   -1.808050e+00 0.000000e+00 1.489063e+01
      vertex   -1.808050e+00 3.500000e+01 1.489063e+01
      vertex   -3.589735e+00 0.000000e+00 1.456413e+01
    endloop
  endfacet
  facet normal -1.802550e-01 0.000000e+00 9.836199e-01
    outer loop
      vertex   -3.589735e+00 0.000000e+00 1.456413e+01
      vertex   -1.808050e+00 3.500000e+01 1.489063e+01
      vertex   -3.589735e+00 3.500000e+01 1.456413e+01
    endloop
  endfacet
  facet normal -2.975031e-01 0.000000e+00 9.547209e-01
    outer loop
      vertex   -3.589735e+00 0.000000e+00 1.456413e+01
      vertex   -3.589735e+00 3.500000e+01 1.456413e+01
      vertex   -5.319073e+00 0.000000e+00 1.402524e+01
    endloop
  endfacet
  facet normal -2.975031e-01 0.000000e+00 9.547209e-01
    outer loop
      vertex   -5.319073e+00 0.000000e+00 1.402524e+01
      vertex   -3.589735e+00 3.500000e+01 1.456413e+01
      vertex   -5.319073e+00 3.500000e+01 1.402524e+01
    endloop
  endfacet
  facet normal -4.104128e-01 0.000000e+00 9.118998e-01
    outer loop
      vertex   -5.319073e+00 0.000000e+00 1.402524e+01
      vertex   -5.319073e+00 3.500000e+01 1.402524e+01
      vertex   -6.970848e+00 0.000000e+00 1.328184e+01
    endloop
  endfacet
  facet normal -4.104128e-01 0.000000e+00 9.118998e-01
    outer loop
      vertex   -6.970848e+00 0.000000e+00 1.328184e+01
      vertex   -5.319073e+00 3.500000e+01 1.402524e+01
      vertex   -6.970848e+00 3.500000e+01 1.328184e+01
    endloop
  endfacet
  facet normal -5.173378e-01 0.000000e+00 8.557813e-01
    outer loop
      vertex   -6.970848e+00 0.000000e+00 1.328184e+01
      vertex   -6.970848e+00 3.500000e+01 1.328184e+01
      vertex   -8.520971e+00 0.000000e+00 1.234476e+01
    endloop
  endfacet
  facet normal -5.173378e-01 0.000000e+00 8.557813e-01
    outer loop
      vertex   -8.520971e+00 0.000000e+00 1.234476e+01
      vertex   -6.970848e+00 3.500000e+01 1.328184e+01
      vertex   -8.520971e+00 3.500000e+01 1.234476e+01
    endloop
  endfacet
  facet normal -6.167189e-01 0.000000e+00 7.871835e-01
    outer loop
      vertex   -8.520971e+00 0.000000e+00 1.234476e+01
      vertex   -8.520971e+00 3.500000e+01 1.234476e+01
      vertex   -9.946840e+00 0.000000e+00 1.122766e+01
    endloop
  endfacet
  facet normal -6.167189e-01 0.000000e+00 7.871835e-01
    outer loop
      vertex   -9.946840e+00 0.000000e+00 1.122766e+01
      vertex   -8.520971e+00 3.500000e+01 1.234476e+01
      vertex   -9.946840e+00 3.500000e+01 1.122766e+01
    endloop
  endfacet
  facet normal -7.071068e-01 0.000000e+00 7.071068e-01
    outer loop
      vertex   -9.946840e+00 0.000000e+00 1.122766e+01
      vertex   -9.946840e+00 3.500000e+01 1.122766e+01
      vertex   -1.122766e+01 0.000000e+00 9.946840e+00
    endloop
  endfacet
  facet normal -7.071068e-01 0.000000e+00 7.071068e-01
    outer loop
      vertex   -1.122766e+01 0.000000e+00 9.946840e+00
      vertex   -9.946840e+00 3.500000e+01 1.122766e+01
      vertex   -1.122766e+01 3.500000e+01 9.946840e+00
    endloop
  endfacet
  facet normal -7.871835e-01 0.000000e+00 6.167189e-01
    outer loop
      vertex   -1.122766e+01 0.000000e+00 9.946840e+00
      vertex   -1.122766e+01 3.500000e+01 9.946840e+00
      vertex   -1.234476e+01 0.000000e+00 8.520971e+00
    endloop
  endfacet
  facet normal -7.871835e-01 0.000000e+00 6.167189e-01
    outer loop
      vertex   -1.234476e+01 0.000000e+00 8.520971e+00
      vertex   -1.122766e+01 3.500000e+01 9.946840e+00
      vertex   -1.234476e+01 3.500000e+01 8.520971e+00
    endloop
  endfacet
  facet normal -8.557813e-01 0.000000e+00 5.173378e-01
    outer loop
      vertex   -1.234476e+01 0.000000e+00 8.520971e+00
      vertex   -1.234476e+01 3.500000e+01 8.520971e+00
      vertex   -1.328184e+01 0.000000e+00 6.970848e+00
    endloop
  endfacet
  facet normal -8.557813e-01 0.000000e+00 5.173378e-01
    outer loop
      vertex   -1.328184e+01 0.000000e+00 6.970848e+00
      vertex   -1.234476e+01 3.500000e+01 8.520971e+00
      vertex   -1.328184e+01 3.500000e+01 6.970848e+00
    endloop
  endfacet
  facet normal -9.118998e-01 0.000000e+00 4.104128e-01
    outer loop
      vertex   -1.328184e+01 0.000000e+00 6.970848e+00
      vertex   -1.328184e+01 3.500000e+01 6.970848e+00
      vertex   -1.402524e+01 0.000000e+00 5.319073e+00
    endloop
  endfacet
  facet normal -9.118998e-01 0.000000e+00 4.104128e-01
    outer loop
      vertex   -1.402524e+01 0.000000e+00 5.319073e+00
      vertex   -1.328184e+01 3.500000e+01 6.970848e+00
      vertex   -1.402524e+01 3.500000e+01 5.319073e+00
    endloop
  endfacet
  facet normal -9.547209e-01 0.000000e+00 2.975031e-01
    outer loop
      vertex   -1.402524e+01 0.000000e+00 5.319073e+00
      vertex   -1.402524e+01 3.500000e+01 5.319073e+00
      vertex   -1.456413e+01 0.000000e+00 3.589735e+00
    endloop
  endfacet
  facet normal -9.547209e-01 0.000000e+00 2.975031e-01
    outer loop
      vertex   -1.456413e+01 0.000000e+00 3.589735e+00
      vertex   -1.402524e+01 3.500000e+01 5.319073e+00
      vertex   -1.456413e+01 3.500000e+01 3.589735e+00
    endloop
  endfacet
  facet normal -9.836199e-01 0.000000e+00 1.802550e-01
    outer loop
      vertex   -1.456413e+01 0.000000e+00 3.589735e+00
      vertex   -1.456413e+01 3.500000e+01 3.589735e+00
      vertex   -1.489063e+01 0.000000e+00 1.808050e+00
    endloop
  endfacet
  facet normal -9.836199e-01 0.000000e+00 1.802550e-01
    outer loop
      vertex   -1.489063e+01 0.000000e+00 1.808050e+00
      vertex   -1.456413e+01 3.500000e+01 3.589735e+00
      vertex   -1.489063e+01 3.500000e+01 1.808050e+00
    endloop
  endfacet
  facet normal -9.981756e-01 0.000000e+00 6.037850e-02
    outer loop
      vertex   -1.489063e+01 0.000000e+00 1.808050e+00
      vertex   -1.489063e+01 3.500000e+01 1.808050e+00
      vertex   -1.500000e+01 0.000000e+00 0.000000e+00
    endloop
  endfacet
  facet normal -9.981756e-01 0.000000e+00 6.037850e-02
    outer loop
      vertex   -1.500000e+01 0.000000e+00 0.000000e+00
      vertex   -1.489063e+01 3.500000e+01 1.808050e+00
      vertex   -1.489063e+01 7.000000e+01 1.808050e+00
    endloop
  endfacet
  facet normal -9.981756e-01 0.000000e+00 6.037850e-02
    outer loop
      vertex   -1.500000e+01 0.000000e+00 0.000000e+00
      vertex   -1.489063e+01 7.000000e+01 1.808050e+00
      vertex   -1.489063e+01 1.050000e+02 1.808050e+00
    endloop
  endfacet
  facet normal -9.836199e-01 0.000000e+00 1.802550e-01
    outer loop
      vertex   -1.489063e+01 1.050000e+02 1.808050e+00
      vertex   -1.489063e+01 7.000000e+01 1.808050e+00
      vertex   -1.456413e+01 1.050000e+02 3.589735e+00
    endloop
  endfacet
  facet normal -9.836199e-01 0.000000e+00 1.802550e-01
    outer loop
      vertex   -1.489063e+01 1.050000e+02 1.808050e+00
      vertex   -1.456413e+01 1.050000e+02 3.589735e+00
      vertex   -1.456413e+01 1.400000e+02 3.589735e+00
    endloop
  endfacet
  facet normal -9.547209e-01 0.000000e+00 2.975031e-01
    outer loop
      vertex   -1.456413e+01 1.400000e+02 3.589735e+00
      vertex   -1.456413e+01 1.050000e+02 3.589735e+00
      vertex   -1.402524e+01 1.400000e+02 5.319073e+00
    endloop
  endfacet
  facet normal -9.547209e-01 0.000000e+00 2.975031e-01
    outer loop
      vertex   -1.456413e+01 1.400000e+02 3.589735e+00
      vertex   -1.402524e+01 1.400000e+02 5.319073e+00
      vertex   -1.402524e+01 1.750000e+02 5.319073e+00
    endloop
  endfacet
  facet normal -9.118998e-01 0.000000e+00 4.104128e-01
    outer loop
      vertex   -1.402524e+01 1.750000e+02 5.319073e+00
      vertex   -1.402524e+01 1.400000e+02 5.319073e+00
      vertex   -1.328184e+01 1.750000e+02 6.970848e+00
    endloop
  endfacet
  facet normal -9.118998e-01 0.000000e+00 4.104128e-01
    outer loop
      vertex   -1.328184e+01 1.750000e+02 6.970848e+00
      vertex   -1.402524e+01 1.400000e+02 5.319073e+00
      vertex   -1.328184e+01 1.400000e+02 6.970848e+00
    endloop
  endfacet
  facet normal -8.557813e-01 0.000000e+00 5.173378e-01
    outer loop
      vertex   -1.328184e+01 1.750000e+02 6.970848e+00
      vertex   -1.328184e+01 1.400000e+02 6.970848e+00
      vertex   -1.234476e+01 1.750000e+02 8.520971e+00
    endloop
  endfacet
  facet normal -8.557813e-01 0.000000e+00 5.173378e-01
    outer loop
      vertex   -1.234476e+01 1.750000e+02 8.520971e+00
      vertex   -1.328184e+01 1.400000e+02 6.970848e+00
      vertex   -1.234476e+01 1.400000e+02 8.520971e+00
    endloop
  endfacet
  facet normal -7.871835e-01 0.000000e+00 6.167189e-01
    outer loop
      vertex   -1.234476e+01 1.750000e+02 8.520971e+00
      vertex   -1.234476e+01 1.400000e+02 8.520971e+00
      vertex   -1.122766e+01 1.750000e+02 9.946840e+00
    endloop
  endfacet
  facet normal -7.871835e-01 0.000000e+00 6.167189e-01
    outer loop
      vertex   -1.122766e+01 1.750000e+02 9.946840e+00
      vertex   -1.234476e+01 1.400000e+02 8.520971e+00
      vertex   -1.122766e+01 1.400000e+02 9.946840e+00
    endloop
  endfacet
  facet normal -7.071068e-01 0.000000e+00 7.071068e-01
    outer loop
      vertex   -1.122766e+01 1.750000e+02 9.946840e+00
      vertex   -1.122766e+01 1.400000e+02 9.946840e+00
      vertex   -9.946840e+00 1.750000e+02 1.122766e+01
    endloop
  endfacet
  facet normal -7.071068e-01 0.000000e+00 7.071068e-01
    outer loop
      vertex   -9.946840e+00 1.750000e+02 1.122766e+01
      vertex   -1.122766e+01 1.400000e+02 9.946840e+00
      vertex   -9.946840e+00 1.400000e+02 1.122766e+01
    endloop
  endfacet
  facet normal -6.167189e-01 0.000000e+00 7.871835e-01
    outer loop
      vertex   -9.946840e+00 1.750000e+02 1.122766e+01
      vertex   -9.946840e+00 1.400000e+02 1.122766e+01
      vertex   -8.520971e+00 1.750000e+02 1.234476e+01
    endloop
  endfacet
  facet normal -6.167189e-01 0.000000e+00 7.871835e-01
    outer loop
      vertex   -8.520971e+00 1.750000e+02 1.234476e+01
      vertex   -9.946840e+00 1.400000e+02 1.122766e+01
      vertex   -8.520971e+00 1.400000e+02 1.234476e+01
    endloop
  endfacet
  facet normal -5.173378e-01 0.000000e+00 8.557813e-01
    outer loop
      vertex   -8.520971e+00 1.750000e+02 1.234476e+01
      vertex   -8.520971e+00 1.400000e+02 1.234476e+01
      vertex   -6.970848e+00 1.750000e+02 1.328184e+01
    endloop
  endfacet
  facet normal -5.173378e-01 0.000000e+00 8.557813e-01
    outer loop
      vertex   -6.970848e+00 1.750000e+02 1.328184e+01
      vertex   -8.520971e+00 1.400000e+02 1.234476e+01
      vertex   -6.970848e+00 1.400000e+02 1.328184e+01
    endloop
  endfacet
  facet normal -4.104128e-01 0.000000e+00 9.118998e-01
    outer loop
      vertex   -6.970848e+00 1.750000e+02 1.328184e+01
      vertex   -6.970848e+00 1.400000e+02 1.328184e+01
      vertex   -5.319073e+00 1.750000e+02 1.402524e+01
    endloop
  endfacet
  facet normal -4.104128e-01 0.000000e+00 9.118998e-01
    outer loop
      vertex   -5.319073e+00 1.750000e+02 1.402524e+01
      vertex   -6.970848e+00 1.400000e+02 1.328184e+01
      vertex   -5.319073e+00 1.400000e+02 1.402524e+01
    endloop
  endfacet
  facet normal -2.975031e-01 0.000000e+00 9.547209e-01
    outer loop
      vertex   -5.319073e+00 1.750000e+02 1.402524e+01
      vertex   -5.319073e+00 1.400000e+02 1.402524e+01
      vertex   -3.589735e+00 1.750000e+02 1.456413e+01
    endloop
  endfacet
  facet normal -2.975031e-01 0.000000e+00 9.547209e-01
    outer loop
      vertex   -3.589735e+00 1.750000e+02 1.456413e+01
      vertex   -5.319073e+00 1.400000e+02 1.402524e+01
      vertex   -3.589735e+00 1.400000e+02 1.456413e+01
    endloop
  endfacet
  facet normal -1.802550e-01 0.000000e+00 9.836199e-01
    outer loop
      vertex   -3.589735e+00 1.750000e+02 1.456413e+01
      vertex   -3.589735e+00 1.400000e+02 1.456413e+01
      vertex   -1.808050e+00 1.750000e+02 1.489063e+01
    endloop
  endfacet
  facet normal -1.802550e-01 0.000000e+00 9.836199e-01
    outer loop
      vertex   -1.808050e+00 1.750000e+02 1.489063e+01
      vertex   -3.589735e+00 1.400000e+02 1.456413e+01
      vertex   -1.808050e+00 1.400000e+02 1.489063e+01
    endloop
  endfacet
  facet normal -6.037850e-02 0.000000e+00 9.981756e-01
    outer loop
      vertex   -1.808050e+00 1.750000e+02 1.489063e+01
      vertex   -1.808050e+00 1.400000e+02 1.489063e+01
      vertex   9.184851e-16 1.750000e+02 1.500000e+01
    endloop
  endfacet
  facet normal -6.037850e-02 0.000000e+00 9.981756e-01
    outer loop
      vertex   9.184851e-16 1.750000e+02 1.500000e+01
      vertex   -1.808050e+00 1.400000e+02 1.489063e+01
      vertex   9.184851e-16 1.400000e+02 1.500000e+01
    endloop
  endfacet
  facet normal 6.037850e-02 0.000000e+00 9.981756e-01
    outer loop
      vertex   9.184851e-16 1.750000e+02 1.500000e+01
      vertex   9.184851e-16 1.400000e+02 1.500000e+01
      vertex   1.808050e+00 1.750000e+02 1.489063e+01
    endloop
  endfacet
  facet normal 6.037850e-02 0.000000e+00 9.981756e-01
    outer loop
      vertex   1.808050e+00 1.750000e+02 1.489063e+01
      vertex   9.184851e-16 1.400000e+02 1.500000e+01
      vertex   1.808050e+00 1.400000e+02 1.489063e+01
    endloop
  endfacet
  facet normal 1.802550e-01 0.000000e+00 9.836199e-01
    outer loop
      vertex   1.808050e+00 1.750000e+02 1.489063e+01
      vertex   1.808050e+00 1.400000e+02 1.489063e+01
      vertex   3.589735e+00 1.750000e+02 1.456413e+01
    endloop
  endfacet
  facet normal 1.802550e-01 0.000000e+00 9.836199e-01
    outer loop
      vertex   3.589735e+00 1.750000e+02 1.456413e+01
      vertex   1.808050e+00 1.400000e+02 1.489063e+01
      vertex   3.589735e+00 1.400000e+02 1.456413e+01
    endloop
  endfacet
  facet normal 2.975031e-01 0.000000e+00 9.547209e-01
    outer loop
      vertex   3.589735e+00 1.750000e+02 1.456413e+01
      vertex   3.589735e+00 1.400000e+02 1.456413e+01
      vertex   5.319073e+00 1.750000e+02 1.402524e+01
    endloop
  endfacet
  facet normal 2.975031e-01 0.000000e+00 9.547209e-01
    outer loop
      vertex   5.319073e+00 1.750000e+02 1.402524e+01
      vertex   3.589735e+00 1.400000e+02 1.456413e+01
      vertex   5.319073e+00 1.400000e+02 1.402524e+01
    endloop
  endfacet
  facet normal 4.104128e-01 0.000000e+00 9.118998e-01
    outer loop
      vertex   5.319073e+00 1.750000e+02 1.402524e+01
      vertex   5.319073e+00 1.400000e+02 1.402524e+01
      vertex   6.970848e+00 1.750000e+02 1.328184e+01
    endloop
  endfacet
  facet normal 4.104128e-01 0.000000e+00 9.118998e-01
    outer loop
      vertex   6.970848e+00 1.750000e+02 1.328184e+01
      vertex   5.319073e+00 1.400000e+02 1.402524e+01
      vertex   6.970848e+00 1.400000e+02 1.328184e+01
    endloop
  endfacet
  facet normal 5.173378e-01 0.000000e+00 8.557813e-01
    outer loop
      vertex   6.970848e+00 1.750000e+02 1.328184e+01
      vertex   6.970848e+00 1.400000e+02 1.328184e+01
      vertex   8.520971e+00 1.750000e+02 1.234476e+01
    endloop
  endfacet
  facet normal 5.173378e-01 0.000000e+00 8.557813e-01
    outer loop
      vertex   8.520971e+00 1.750000e+02 1.234476e+01
      vertex   6.970848e+00 1.400000e+02 1.328184e+01
      vertex   8.520971e+00 1.400000e+02 1.234476e+01
    endloop
  endfacet
  facet normal 6.167189e-01 0.000000e+00 7.871835e-01
    outer loop
      vertex   8.520971e+00 1.750000e+02 1.234476e+01
      vertex   8.520971e+00 1.400000e+02 1.234476e+01
      vertex   9.946840e+00 1.750000e+02 1.122766e+01
    endloop
  endfacet
  facet normal 6.167189e-01 0.000000e+00 7.871835e-01
    outer loop
      vertex   9.946840e+00 1.750000e+02 1.122766e+01
      vertex   8.520971e+00 1.400000e+02 1.234476e+01
      vertex   9.946840e+00 1.400000e+02 1.122766e+01
    endloop
  endfacet
  facet normal 7.071068e-01 0.000000e+00 7.071068e-01
    outer loop
      vertex   9.946840e+00 1.750000e+02 1.122766e+01
      vertex   9.946840e+00 1.400000e+02 1.122766e+01
      vertex   1.122766e+01 1.750000e+02 9.946840e+00
    endloop
  endfacet
  facet normal 7.071068e-01 0.000000e+00 7.071068e-01
    outer loop
      vertex   1.122766e+01 1.750000e+02 9.946840e+00
      vertex   9.946840e+00 1.400000e+02 1.122766e+01
      vertex   1.122766e+01 1.400000e+02 9.946840e+00
    endloop
  endfacet
  facet normal 7.871835e-01 0.000000e+00 6.167189e-01
    outer loop
      vertex   1.122766e+01 1.750000e+02 9.946840e+00
      vertex   1.122766e+01 1.400000e+02 9.946840e+00
      vertex   1.234476e+01 1.750000e+02 8.520971e+00
    endloop
  endfacet
  facet normal 7.871835e-01 0.000000e+00 6.167189e-01
    outer loop
      vertex   1.234476e+01 1.750000e+02 8.520971e+00
      vertex   1.122766e+01 1.400000e+02 9.946840e+00
      vertex   1.234476e+01 1.400000e+02 8.520971e+00
    endloop
  endfacet
  facet normal 8.557813e-01 0.000000e+00 5.173378e-01
    outer loop
      vertex   1.234476e+01 1.750000e+02 8.520971e+00
      vertex   1.234476e+01 1.400000e+02 8.520971e+00
      vertex   1.328184e+01 1.750000e+02 6.970848e+00
    endloop
  endfacet
  facet normal 8.557813e-01 0.000000e+00 5.173378e-01
    outer loop
      vertex   1.328184e+01 1.750000e+02 6.970848e+00
      vertex   1.234476e+01 1.400000e+02 8.520971e+00
      vertex   1.328184e+01 1.400000e+02 6.970848e+00
    endloop
  endfacet
  facet normal 9.118998e-01 0.000000e+00 4.104128e-01
    outer loop
      vertex   1.328184e+01 1.750000e+02 6.970848e+00
      vertex   1.328184e+01 1.400000e+02 6.970848e+00
      vertex   1.402524e+01 1.750000e+02 5.319073e+00
    endloop
  endfacet
  facet normal 9.118998e-01 0.000000e+00 4.104128e-01
    outer loop
      vertex   1.402524e+01 1.750000e+02 5.319073e+00
      vertex   1.328184e+01 1.400000e+02 6.970848e+00
      vertex   1.402524e+01 1.400000e+02 5.319073e+00
    endloop
  endfacet
  facet normal 9.547209e-01 0.000000e+00 2.975031e-01
    outer loop
      vertex   1.402524e+01 1.750000e+02 5.319073e+00
      vertex   1.402524e+01 1.400000e+02 5.319073e+00
      vertex   1.456413e+01 1.750000e+02 3.589735e+00
    endloop
  endfacet
  facet normal 9.547209e-01 -3.774797e-18 2.975031e-01
    outer loop
      vertex   1.456413e+01 1.750000e+02 3.589735e+00
      vertex   1.402524e+01 1.400000e+02 5.319073e+00
      vertex   1.456413e+01 1.400000e+02 3.589735e+00
    endloop
  endfacet
  facet normal 9.716739e-01 -2.998562e-18 2.363256e-01
    outer loop
      vertex   1.456413e+01 1.750000e+02 3.589735e+00
      vertex   1.456413e+01 1.400000e+02 3.589735e+00
      vertex   1.458595e+01 1.600000e+02 3.500000e+00
    endloop
  endfacet
  facet normal 9.723602e-01 -1.349117e-05 2.334857e-01
    outer loop
      vertex   1.458595e+01 1.600000e+02 3.500000e+00
      vertex   1.456413e+01 1.400000e+02 3.589735e+00
      vertex   1.460194e+01 1.593253e+02 3.433393e+00
    endloop
  endfacet
  facet normal 9.750887e-01 -1.132419e-04 2.218153e-01
    outer loop
      vertex   1.460194e+01 1.593253e+02 3.433393e+00
      vertex   1.456413e+01 1.400000e+02 3.589735e+00
      vertex   1.464752e+01 1.586584e+02 3.232670e+00
    endloop
  endfacet
  facet normal 9.787450e-01 -4.498346e-04 2.050806e-01
    outer loop
      vertex   1.464752e+01 1.586584e+02 3.232670e+00
      vertex   1.456413e+01 1.400000e+02 3.589735e+00
      vertex   1.471633e+01 1.580464e+02 2.902947e+00
    endloop
  endfacet
  facet normal 9.834579e-01 -1.401013e-03 1.811314e-01
    outer loop
      vertex   1.471633e+01 1.580464e+02 2.902947e+00
      vertex   1.456413e+01 1.400000e+02 3.589735e+00
      vertex   1.479441e+01 1.575252e+02 2.474972e+00
    endloop
  endfacet
  facet normal 9.836189e-01 -1.458882e-03 1.802548e-01
    outer loop
      vertex   1.479441e+01 1.575252e+02 2.474972e+00
      vertex   1.456413e+01 1.400000e+02 3.589735e+00
      vertex   1.489063e+01 1.400000e+02 1.808050e+00
    endloop
  endfacet
  facet normal 9.890603e-01 -1.829726e-04 1.475119e-01
    outer loop
      vertex   1.479441e+01 1.575252e+02 2.474972e+00
      vertex   1.489063e+01 1.400000e+02 1.808050e+00
      vertex   1.487206e+01 1.570972e+02 1.953768e+00
    endloop
  endfacet
  facet normal 9.939270e-01 1.416716e-04 1.100413e-01
    outer loop
      vertex   1.487206e+01 1.570972e+02 1.953768e+00
      vertex   1.489063e+01 1.400000e+02 1.808050e+00
      vertex   1.493987e+01 1.567674e+02 1.341713e+00
    endloop
  endfacet
  facet normal 9.977522e-01 -1.066563e-03 6.700255e-02
    outer loop
      vertex   1.493987e+01 1.567674e+02 1.341713e+00
      vertex   1.489063e+01 1.400000e+02 1.808050e+00
      vertex   1.498445e+01 1.565666e+02 6.747091e-01
    endloop
  endfacet
  facet normal 9.965913e-01 0.000000e+00 8.249693e-02
    outer loop
      vertex   1.498445e+01 1.565666e+02 6.747091e-01
      vertex   1.489063e+01 1.400000e+02 1.808050e+00
      vertex   1.489063e+01 1.050000e+02 1.808050e+00
    endloop
  endfacet
  facet normal 9.723505e-01 1.773111e-05 2.335263e-01
    outer loop
      vertex   1.458595e+01 1.600000e+02 3.500000e+00
      vertex   1.460194e+01 1.606747e+02 3.433393e+00
      vertex   1.456413e+01 1.750000e+02 3.589735e+00
    endloop
  endfacet
  facet normal 9.750613e-01 1.513797e-04 2.219358e-01
    outer loop
      vertex   1.456413e+01 1.750000e+02 3.589735e+00
      vertex   1.460194e+01 1.606747e+02 3.433393e+00
      vertex   1.464752e+01 1.613416e+02 3.232670e+00
    endloop
  endfacet
  facet normal 9.786864e-01 6.068508e-04 2.053598e-01
    outer loop
      vertex   1.456413e+01 1.750000e+02 3.589735e+00
      vertex   1.464752e+01 1.613416e+02 3.232670e+00
      vertex   1.471633e+01 1.619536e+02 2.902947e+00
    endloop
  endfacet
  facet normal 9.833475e-01 1.905383e-03 1.817255e-01
    outer loop
      vertex   1.471633e+01 1.619536e+02 2.902947e+00
      vertex   1.479441e+01 1.624748e+02 2.474972e+00
      vertex   1.456413e+01 1.750000e+02 3.589735e+00
    endloop
  endfacet
  facet normal 9.836179e-01 2.041257e-03 1.802547e-01
    outer loop
      vertex   1.456413e+01 1.750000e+02 3.589735e+00
      vertex   1.479441e+01 1.624748e+02 2.474972e+00
      vertex   1.489063e+01 1.750000e+02 1.808050e+00
    endloop
  endfacet
  facet normal 9.890511e-01 2.593519e-04 1.475732e-01
    outer loop
      vertex   1.489063e+01 1.750000e+02 1.808050e+00
      vertex   1.479441e+01 1.624748e+02 2.474972e+00
      vertex   1.487206e+01 1.629028e+02 1.953768e+00
    endloop
  endfacet
  facet normal 9.939305e-01 -2.006104e-04 1.100099e-01
    outer loop
      vertex   1.489063e+01 1.750000e+02 1.808050e+00
      vertex   1.487206e+01 1.629028e+02 1.953768e+00
      vertex   1.493987e+01 1.632326e+02 1.341713e+00
    endloop
  endfacet
  facet normal 9.977426e-01 1.514392e-03 6.713670e-02
    outer loop
      vertex   1.493987e+01 1.632326e+02 1.341713e+00
      vertex   1.498445e+01 1.634334e+02 6.747091e-01
      vertex   1.489063e+01 1.750000e+02 1.808050e+00
    endloop
  endfacet
  facet normal 9.981732e-01 2.180093e-03 6.037835e-02
    outer loop
      vertex   1.489063e+01 1.750000e+02 1.808050e+00
      vertex   1.498445e+01 1.634334e+02 6.747091e-01
      vertex   1.500000e+01 1.750000e+02 0.000000e+00
    endloop
  endfacet
  facet normal 9.997345e-01 0.000000e+00 2.304076e-02
    outer loop
      vertex   1.500000e+01 1.750000e+02 0.000000e+00
      vertex   1.498445e+01 1.634334e+02 6.747091e-01
      vertex   1.500000e+01 1.635000e+02 0.000000e+00
    endloop
  endfacet
  facet normal -9.547209e-01 0.000000e+00 2.975031e-01
    outer loop
      vertex   -1.402524e+01 1.750000e+02 5.319073e+00
      vertex   -1.456413e+01 1.750000e+02 3.589735e+00
      vertex   -1.456413e+01 1.400000e+02 3.589735e+00
    endloop
  endfacet
  facet normal -9.716739e-01 0.000000e+00 2.363256e-01
    outer loop
      vertex   -1.456413e+01 1.400000e+02 3.589735e+00
      vertex   -1.456413e+01 1.750000e+02 3.589735e+00
      vertex   -1.458595e+01 1.600000e+02 3.500000e+00
    endloop
  endfacet
  facet normal -9.723602e-01 -1.349117e-05 2.334857e-01
    outer loop
      vertex   -1.456413e+01 1.400000e+02 3.589735e+00
      vertex   -1.458595e+01 1.600000e+02 3.500000e+00
      vertex   -1.460194e+01 1.593253e+02 3.433393e+00
    endloop
  endfacet
  facet normal -9.836180e-01 1.985963e-03 1.802547e-01
    outer loop
      vertex   -1.489063e+01 1.750000e+02 1.808050e+00
      vertex   -1.471633e+01 1.619536e+02 2.902947e+00
      vertex   -1.456413e+01 1.750000e+02 3.589735e+00
    endloop
  endfacet
  facet normal -9.786864e-01 6.068508e-04 2.053598e-01
    outer loop
      vertex   -1.456413e+01 1.750000e+02 3.589735e+00
      vertex   -1.471633e+01 1.619536e+02 2.902947e+00
      vertex   -1.464752e+01 1.613416e+02 3.232670e+00
    endloop
  endfacet
  facet normal -9.750613e-01 1.513797e-04 2.219358e-01
    outer loop
      vertex   -1.456413e+01 1.750000e+02 3.589735e+00
      vertex   -1.464752e+01 1.613416e+02 3.232670e+00
      vertex   -1.460194e+01 1.606747e+02 3.433393e+00
    endloop
  endfacet
  facet normal -9.981732e-01 2.180093e-03 6.037835e-02
    outer loop
      vertex   -1.500000e+01 1.750000e+02 0.000000e+00
      vertex   -1.498445e+01 1.634334e+02 6.747091e-01
      vertex   -1.489063e+01 1.750000e+02 1.808050e+00
    endloop
  endfacet
  facet normal -9.977426e-01 1.514392e-03 6.713670e-02
    outer loop
      vertex   -1.489063e+01 1.750000e+02 1.808050e+00
      vertex   -1.498445e+01 1.634334e+02 6.747091e-01
      vertex   -1.493987e+01 1.632326e+02 1.341713e+00
    endloop
  endfacet
  facet normal -9.939305e-01 -2.006104e-04 1.100099e-01
    outer loop
      vertex   -1.489063e+01 1.750000e+02 1.808050e+00
      vertex   -1.493987e+01 1.632326e+02 1.341713e+00
      vertex   -1.487206e+01 1.629028e+02 1.953768e+00
    endloop
  endfacet
  facet normal -9.997345e-01 0.000000e+00 2.304076e-02
    outer loop
      vertex   -1.500000e+01 1.750000e+02 0.000000e+00
      vertex   -1.500000e+01 1.635000e+02 0.000000e+00
      vertex   -1.498445e+01 1.634334e+02 6.747091e-01
    endloop
  endfacet
  facet normal -9.890511e-01 2.593519e-04 1.475732e-01
    outer loop
      vertex   -1.487206e+01 1.629028e+02 1.953768e+00
      vertex   -1.479441e+01 1.624748e+02 2.474972e+00
      vertex   -1.489063e+01 1.750000e+02 1.808050e+00
    endloop
  endfacet
  facet normal -9.832966e-01 2.136534e-03 1.819977e-01
    outer loop
      vertex   -1.489063e+01 1.750000e+02 1.808050e+00
      vertex   -1.479441e+01 1.624748e+02 2.474972e+00
      vertex   -1.471633e+01 1.619536e+02 2.902947e+00
    endloop
  endfacet
  facet normal -9.723505e-01 1.773111e-05 2.335263e-01
    outer loop
      vertex   -1.460194e+01 1.606747e+02 3.433393e+00
      vertex   -1.458595e+01 1.600000e+02 3.500000e+00
      vertex   -1.456413e+01 1.750000e+02 3.589735e+00
    endloop
  endfacet
  facet normal -9.750887e-01 -1.132419e-04 2.218153e-01
    outer loop
      vertex   -1.460194e+01 1.593253e+02 3.433393e+00
      vertex   -1.464752e+01 1.586584e+02 3.232670e+00
      vertex   -1.456413e+01 1.400000e+02 3.589735e+00
    endloop
  endfacet
  facet normal -9.787450e-01 -4.498346e-04 2.050806e-01
    outer loop
      vertex   -1.456413e+01 1.400000e+02 3.589735e+00
      vertex   -1.464752e+01 1.586584e+02 3.232670e+00
      vertex   -1.471633e+01 1.580464e+02 2.902947e+00
    endloop
  endfacet
  facet normal -9.836189e-01 -1.435727e-03 1.802549e-01
    outer loop
      vertex   -1.456413e+01 1.400000e+02 3.589735e+00
      vertex   -1.471633e+01 1.580464e+02 2.902947e+00
      vertex   -1.489063e+01 1.400000e+02 1.808050e+00
    endloop
  endfacet
  facet normal -9.834368e-01 -1.497565e-03 1.812451e-01
    outer loop
      vertex   -1.489063e+01 1.400000e+02 1.808050e+00
      vertex   -1.471633e+01 1.580464e+02 2.902947e+00
      vertex   -1.479441e+01 1.575252e+02 2.474972e+00
    endloop
  endfacet
  facet normal -9.890603e-01 -1.829726e-04 1.475119e-01
    outer loop
      vertex   -1.489063e+01 1.400000e+02 1.808050e+00
      vertex   -1.479441e+01 1.575252e+02 2.474972e+00
      vertex   -1.487206e+01 1.570972e+02 1.953768e+00
    endloop
  endfacet
  facet normal -9.939270e-01 1.416716e-04 1.100413e-01
    outer loop
      vertex   -1.487206e+01 1.570972e+02 1.953768e+00
      vertex   -1.493987e+01 1.567674e+02 1.341713e+00
      vertex   -1.489063e+01 1.400000e+02 1.808050e+00
    endloop
  endfacet
  facet normal -9.977522e-01 -1.066563e-03 6.700255e-02
    outer loop
      vertex   -1.489063e+01 1.400000e+02 1.808050e+00
      vertex   -1.493987e+01 1.567674e+02 1.341713e+00
      vertex   -1.498445e+01 1.565666e+02 6.747091e-01
    endloop
  endfacet
  facet normal -9.965913e-01 0.000000e+00 8.249693e-02
    outer loop
      vertex   -1.489063e+01 1.400000e+02 1.808050e+00
      vertex   -1.498445e+01 1.565666e+02 6.747091e-01
      vertex   -1.489063e+01 1.050000e+02 1.808050e+00
    endloop
  endfacet
  facet normal -9.973470e-01 -2.146414e-04 7.279338e-02
    outer loop
      vertex   -1.489063e+01 1.050000e+02 1.808050e+00
      vertex   -1.498445e+01 1.565666e+02 6.747091e-01
      vertex   -1.500000e+01 0.000000e+00 0.000000e+00
    endloop
  endfacet
  facet normal -9.997345e-01 0.000000e+00 2.304076e-02
    outer loop
      vertex   -1.498445e+01 1.565666e+02 6.747091e-01
      vertex   -1.500000e+01 1.565000e+02 0.000000e+00
      vertex   -1.500000e+01 0.000000e+00 0.000000e+00
    endloop
  endfacet
  facet normal 9.836199e-01 -0.000000e+00 1.802550e-01
    outer loop
      vertex   1.489063e+01 1.050000e+02 1.808050e+00
      vertex   1.489063e+01 1.400000e+02 1.808050e+00
      vertex   1.456413e+01 1.050000e+02 3.589735e+00
    endloop
  endfacet
  facet normal 9.836199e-01 -0.000000e+00 1.802550e-01
    outer loop
      vertex   1.456413e+01 1.050000e+02 3.589735e+00
      vertex   1.489063e+01 1.400000e+02 1.808050e+00
      vertex   1.456413e+01 1.400000e+02 3.589735e+00
    endloop
  endfacet
  facet normal 9.547209e-01 -0.000000e+00 2.975031e-01
    outer loop
      vertex   1.456413e+01 1.050000e+02 3.589735e+00
      vertex   1.456413e+01 1.400000e+02 3.589735e+00
      vertex   1.402524e+01 1.050000e+02 5.319073e+00
    endloop
  endfacet
  facet normal 9.547209e-01 -0.000000e+00 2.975031e-01
    outer loop
      vertex   1.402524e+01 1.050000e+02 5.319073e+00
      vertex   1.456413e+01 1.400000e+02 3.589735e+00
      vertex   1.402524e+01 1.400000e+02 5.319073e+00
    endloop
  endfacet
  facet normal 9.118998e-01 -0.000000e+00 4.104128e-01
    outer loop
      vertex   1.402524e+01 1.050000e+02 5.319073e+00
      vertex   1.402524e+01 1.400000e+02 5.319073e+00
      vertex   1.328184e+01 1.050000e+02 6.970848e+00
    endloop
  endfacet
  facet normal 9.118998e-01 -0.000000e+00 4.104128e-01
    outer loop
      vertex   1.328184e+01 1.050000e+02 6.970848e+00
      vertex   1.402524e+01 1.400000e+02 5.319073e+00
      vertex   1.328184e+01 1.400000e+02 6.970848e+00
    endloop
  endfacet
  facet normal 8.557813e-01 -0.000000e+00 5.173378e-01
    outer loop
      vertex   1.328184e+01 1.050000e+02 6.970848e+00
      vertex   1.328184e+01 1.400000e+02 6.970848e+00
      vertex   1.234476e+01 1.050000e+02 8.520971e+00
    endloop
  endfacet
  facet normal 8.557813e-01 -0.000000e+00 5.173378e-01
    outer loop
      vertex   1.234476e+01 1.050000e+02 8.520971e+00
      vertex   1.328184e+01 1.400000e+02 6.970848e+00
      vertex   1.234476e+01 1.400000e+02 8.520971e+00
    endloop
  endfacet
  facet normal 7.871835e-01 -0.000000e+00 6.167189e-01
    outer loop
      vertex   1.234476e+01 1.050000e+02 8.520971e+00
      vertex   1.234476e+01 1.400000e+02 8.520971e+00
      vertex   1.122766e+01 1.050000e+02 9.946840e+00
    endloop
  endfacet
  facet normal 7.871835e-01 -0.000000e+00 6.167189e-01
    outer loop
      vertex   1.122766e+01 1.050000e+02 9.946840e+00
      vertex   1.234476e+01 1.400000e+02 8.520971e+00
      vertex   1.122766e+01 1.400000e+02 9.946840e+00
    endloop
  endfacet
  facet normal 7.071068e-01 -0.000000e+00 7.071068e-01
    outer loop
      vertex   1.122766e+01 1.050000e+02 9.946840e+00
      vertex   1.122766e+01 1.400000e+02 9.946840e+00
      vertex   9.946840e+00 1.050000e+02 1.122766e+01
    endloop
  endfacet
  facet normal 7.071068e-01 -0.000000e+00 7.071068e-01
    outer loop
      vertex   9.946840e+00 1.050000e+02 1.122766e+01
      vertex   1.122766e+01 1.400000e+02 9.946840e+00
      vertex   9.946840e+00 1.400000e+02 1.122766e+01
    endloop
  endfacet
  facet normal 6.167189e-01 -0.000000e+00 7.871835e-01
    outer loop
      vertex   9.946840e+00 1.050000e+02 1.122766e+01
      vertex   9.946840e+00 1.400000e+02 1.122766e+01
      vertex   8.520971e+00 1.050000e+02 1.234476e+01
    endloop
  endfacet
  facet normal 6.167189e-01 -0.000000e+00 7.871835e-01
    outer loop
      vertex   8.520971e+00 1.050000e+02 1.234476e+01
      vertex   9.946840e+00 1.400000e+02 1.122766e+01
      vertex   8.520971e+00 1.400000e+02 1.234476e+01
    endloop
  endfacet
  facet normal 5.173378e-01 -0.000000e+00 8.557813e-01
    outer loop
      vertex   8.520971e+00 1.050000e+02 1.234476e+01
      vertex   8.520971e+00 1.400000e+02 1.234476e+01
      vertex   6.970848e+00 1.050000e+02 1.328184e+01
    endloop
  endfacet
  facet normal 5.173378e-01 -0.000000e+00 8.557813e-01
    outer loop
      vertex   6.970848e+00 1.050000e+02 1.328184e+01
      vertex   8.520971e+00 1.400000e+02 1.234476e+01
      vertex   6.970848e+00 1.400000e+02 1.328184e+01
    endloop
  endfacet
  facet normal 4.104128e-01 -0.000000e+00 9.118998e-01
    outer loop
      vertex   6.970848e+00 1.050000e+02 1.328184e+01
      vertex   6.970848e+00 1.400000e+02 1.328184e+01
      vertex   5.319073e+00 1.050000e+02 1.402524e+01
    endloop
  endfacet
  facet normal 4.104128e-01 -0.000000e+00 9.118998e-01
    outer loop
      vertex   5.319073e+00 1.050000e+02 1.402524e+01
      vertex   6.970848e+00 1.400000e+02 1.328184e+01
      vertex   5.319073e+00 1.400000e+02 1.402524e+01
    endloop
  endfacet
  facet normal 2.975031e-01 -0.000000e+00 9.547209e-01
    outer loop
      vertex   5.319073e+00 1.050000e+02 1.402524e+01
      vertex   5.319073e+00 1.400000e+02 1.402524e+01
      vertex   3.589735e+00 1.050000e+02 1.456413e+01
    endloop
  endfacet
  facet normal 2.975031e-01 -0.000000e+00 9.547209e-01
    outer loop
      vertex   3.589735e+00 1.050000e+02 1.456413e+01
      vertex   5.319073e+00 1.400000e+02 1.402524e+01
      vertex   3.589735e+00 1.400000e+02 1.456413e+01
    endloop
  endfacet
  facet normal 1.802550e-01 -0.000000e+00 9.836199e-01
    outer loop
      vertex   3.589735e+00 1.050000e+02 1.456413e+01
      vertex   3.589735e+00 1.400000e+02 1.456413e+01
      vertex   1.808050e+00 1.050000e+02 1.489063e+01
    endloop
  endfacet
  facet normal 1.802550e-01 -0.000000e+00 9.836199e-01
    outer loop
      vertex   1.808050e+00 1.050000e+02 1.489063e+01
      vertex   3.589735e+00 1.400000e+02 1.456413e+01
      vertex   1.808050e+00 1.400000e+02 1.489063e+01
    endloop
  endfacet
  facet normal 6.037850e-02 -0.000000e+00 9.981756e-01
    outer loop
      vertex   1.808050e+00 1.050000e+02 1.489063e+01
      vertex   1.808050e+00 1.400000e+02 1.489063e+01
      vertex   9.184851e-16 1.050000e+02 1.500000e+01
    endloop
  endfacet
  facet normal 6.037850e-02 -0.000000e+00 9.981756e-01
    outer loop
      vertex   9.184851e-16 1.050000e+02 1.500000e+01
      vertex   1.808050e+00 1.400000e+02 1.489063e+01
      vertex   9.184851e-16 1.400000e+02 1.500000e+01
    endloop
  endfacet
  facet normal -6.037850e-02 0.000000e+00 9.981756e-01
    outer loop
      vertex   9.184851e-16 1.050000e+02 1.500000e+01
      vertex   9.184851e-16 1.400000e+02 1.500000e+01
      vertex   -1.808050e+00 1.050000e+02 1.489063e+01
    endloop
  endfacet
  facet normal -6.037850e-02 0.000000e+00 9.981756e-01
    outer loop
      vertex   -1.808050e+00 1.050000e+02 1.489063e+01
      vertex   9.184851e-16 1.400000e+02 1.500000e+01
      vertex   -1.808050e+00 1.400000e+02 1.489063e+01
    endloop
  endfacet
  facet normal -1.802550e-01 0.000000e+00 9.836199e-01
    outer loop
      vertex   -1.808050e+00 1.050000e+02 1.489063e+01
      vertex   -1.808050e+00 1.400000e+02 1.489063e+01
      vertex   -3.589735e+00 1.050000e+02 1.456413e+01
    endloop
  endfacet
  facet normal -1.802550e-01 0.000000e+00 9.836199e-01
    outer loop
      vertex   -3.589735e+00 1.050000e+02 1.456413e+01
      vertex   -1.808050e+00 1.400000e+02 1.489063e+01
      vertex   -3.589735e+00 1.400000e+02 1.456413e+01
    endloop
  endfacet
  facet normal -2.975031e-01 0.000000e+00 9.547209e-01
    outer loop
      vertex   -3.589735e+00 1.050000e+02 1.456413e+01
      vertex   -3.589735e+00 1.400000e+02 1.456413e+01
      vertex   -5.319073e+00 1.050000e+02 1.402524e+01
    endloop
  endfacet
  facet normal -2.975031e-01 0.000000e+00 9.547209e-01
    outer loop
      vertex   -5.319073e+00 1.050000e+02 1.402524e+01
      vertex   -3.589735e+00 1.400000e+02 1.456413e+01
      vertex   -5.319073e+00 1.400000e+02 1.402524e+01
    endloop
  endfacet
  facet normal -4.104128e-01 0.000000e+00 9.118998e-01
    outer loop
      vertex   -5.319073e+00 1.050000e+02 1.402524e+01
      vertex   -5.319073e+00 1.400000e+02 1.402524e+01
      vertex   -6.970848e+00 1.050000e+02 1.328184e+01
    endloop
  endfacet
  facet normal -4.104128e-01 0.000000e+00 9.118998e-01
    outer loop
      vertex   -6.970848e+00 1.050000e+02 1.328184e+01
      vertex   -5.319073e+00 1.400000e+02 1.402524e+01
      vertex   -6.970848e+00 1.400000e+02 1.328184e+01
    endloop
  endfacet
  facet normal -5.173378e-01 0.000000e+00 8.557813e-01
    outer loop
      vertex   -6.970848e+00 1.050000e+02 1.328184e+01
      vertex   -6.970848e+00 1.400000e+02 1.328184e+01
      vertex   -8.520971e+00 1.050000e+02 1.234476e+01
    endloop
  endfacet
  facet normal -5.173378e-01 0.000000e+00 8.557813e-01
    outer loop
      vertex   -8.520971e+00 1.050000e+02 1.234476e+01
      vertex   -6.970848e+00 1.400000e+02 1.328184e+01
      vertex   -8.520971e+00 1.400000e+02 1.234476e+01
    endloop
  endfacet
  facet normal -6.167189e-01 0.000000e+00 7.871835e-01
    outer loop
      vertex   -8.520971e+00 1.050000e+02 1.234476e+01
      vertex   -8.520971e+00 1.400000e+02 1.234476e+01
      vertex   -9.946840e+00 1.050000e+02 1.122766e+01
    endloop
  endfacet
  facet normal -6.167189e-01 0.000000e+00 7.871835e-01
    outer loop
      vertex   -9.946840e+00 1.050000e+02 1.122766e+01
      vertex   -8.520971e+00 1.400000e+02 1.234476e+01
      vertex   -9.946840e+00 1.400000e+02 1.122766e+01
    endloop
  endfacet
  facet normal -7.071068e-01 0.000000e+00 7.071068e-01
    outer loop
      vertex   -9.946840e+00 1.050000e+02 1.122766e+01
      vertex   -9.946840e+00 1.400000e+02 1.122766e+01
      vertex   -1.122766e+01 1.050000e+02 9.946840e+00
    endloop
  endfacet
  facet normal -7.071068e-01 0.000000e+00 7.071068e-01
    outer loop
      vertex   -1.122766e+01 1.050000e+02 9.946840e+00
      vertex   -9.946840e+00 1.400000e+02 1.122766e+01
      vertex   -1.122766e+01 1.400000e+02 9.946840e+00
    endloop
  endfacet
  facet normal -7.871835e-01 0.000000e+00 6.167189e-01
    outer loop
      vertex   -1.122766e+01 1.050000e+02 9.946840e+00
      vertex   -1.122766e+01 1.400000e+02 9.946840e+00
      vertex   -1.234476e+01 1.050000e+02 8.520971e+00
    endloop
  endfacet
  facet normal -7.871835e-01 0.000000e+00 6.167189e-01
    outer loop
      vertex   -1.234476e+01 1.050000e+02 8.520971e+00
      vertex   -1.122766e+01 1.400000e+02 9.946840e+00
      vertex   -1.234476e+01 1.400000e+02 8.520971e+00
    endloop
  endfacet
  facet normal -8.557813e-01 0.000000e+00 5.173378e-01
    outer loop
      vertex   -1.234476e+01 1.050000e+02 8.520971e+00
      vertex   -1.234476e+01 1.400000e+02 8.520971e+00
      vertex   -1.328184e+01 1.050000e+02 6.970848e+00
    endloop
  endfacet
  facet normal -8.557813e-01 0.000000e+00 5.173378e-01
    outer loop
      vertex   -1.328184e+01 1.050000e+02 6.970848e+00
      vertex   -1.234476e+01 1.400000e+02 8.520971e+00
      vertex   -1.328184e+01 1.400000e+02 6.970848e+00
    endloop
  endfacet
  facet normal -9.118998e-01 0.000000e+00 4.104128e-01
    outer loop
      vertex   -1.328184e+01 1.050000e+02 6.970848e+00
      vertex   -1.328184e+01 1.400000e+02 6.970848e+00
      vertex   -1.402524e+01 1.050000e+02 5.319073e+00
    endloop
  endfacet
  facet normal -9.118998e-01 0.000000e+00 4.104128e-01
    outer loop
      vertex   -1.402524e+01 1.050000e+02 5.319073e+00
      vertex   -1.328184e+01 1.400000e+02 6.970848e+00
      vertex   -1.402524e+01 1.400000e+02 5.319073e+00
    endloop
  endfacet
  facet normal -9.547209e-01 0.000000e+00 2.975031e-01
    outer loop
      vertex   -1.402524e+01 1.050000e+02 5.319073e+00
      vertex   -1.402524e+01 1.400000e+02 5.319073e+00
      vertex   -1.456413e+01 1.050000e+02 3.589735e+00
    endloop
  endfacet
  facet normal 9.836199e-01 0.000000e+00 1.802550e-01
    outer loop
      vertex   1.456413e+01 3.500000e+01 3.589735e+00
      vertex   1.489063e+01 3.500000e+01 1.808050e+00
      vertex   1.489063e+01 7.000000e+01 1.808050e+00
    endloop
  endfacet
  facet normal 9.836199e-01 -0.000000e+00 1.802550e-01
    outer loop
      vertex   1.489063e+01 7.000000e+01 1.808050e+00
      vertex   1.489063e+01 1.050000e+02 1.808050e+00
      vertex   1.456413e+01 7.000000e+01 3.589735e+00
    endloop
  endfacet
  facet normal 9.836199e-01 -0.000000e+00 1.802550e-01
    outer loop
      vertex   1.456413e+01 7.000000e+01 3.589735e+00
      vertex   1.489063e+01 1.050000e+02 1.808050e+00
      vertex   1.456413e+01 1.050000e+02 3.589735e+00
    endloop
  endfacet
  facet normal 9.547209e-01 -0.000000e+00 2.975031e-01
    outer loop
      vertex   1.456413e+01 7.000000e+01 3.589735e+00
      vertex   1.456413e+01 1.050000e+02 3.589735e+00
      vertex   1.402524e+01 7.000000e+01 5.319073e+00
    endloop
  endfacet
  facet normal 9.547209e-01 -0.000000e+00 2.975031e-01
    outer loop
      vertex   1.402524e+01 7.000000e+01 5.319073e+00
      vertex   1.456413e+01 1.050000e+02 3.589735e+00
      vertex   1.402524e+01 1.050000e+02 5.319073e+00
    endloop
  endfacet
  facet normal 9.118998e-01 -0.000000e+00 4.104128e-01
    outer loop
      vertex   1.402524e+01 7.000000e+01 5.319073e+00
      vertex   1.402524e+01 1.050000e+02 5.319073e+00
      vertex   1.328184e+01 7.000000e+01 6.970848e+00
    endloop
  endfacet
  facet normal 9.118998e-01 -0.000000e+00 4.104128e-01
    outer loop
      vertex   1.328184e+01 7.000000e+01 6.970848e+00
      vertex   1.402524e+01 1.050000e+02 5.319073e+00
      vertex   1.328184e+01 1.050000e+02 6.970848e+00
    endloop
  endfacet
  facet normal 8.557813e-01 -0.000000e+00 5.173378e-01
    outer loop
      vertex   1.328184e+01 7.000000e+01 6.970848e+00
      vertex   1.328184e+01 1.050000e+02 6.970848e+00
      vertex   1.234476e+01 7.000000e+01 8.520971e+00
    endloop
  endfacet
  facet normal 8.557813e-01 -0.000000e+00 5.173378e-01
    outer loop
      vertex   1.234476e+01 7.000000e+01 8.520971e+00
      vertex   1.328184e+01 1.050000e+02 6.970848e+00
      vertex   1.234476e+01 1.050000e+02 8.520971e+00
    endloop
  endfacet
  facet normal 7.871835e-01 -0.000000e+00 6.167189e-01
    outer loop
      vertex   1.234476e+01 7.000000e+01 8.520971e+00
      vertex   1.234476e+01 1.050000e+02 8.520971e+00
      vertex   1.122766e+01 7.000000e+01 9.946840e+00
    endloop
  endfacet
  facet normal 7.871835e-01 -0.000000e+00 6.167189e-01
    outer loop
      vertex   1.122766e+01 7.000000e+01 9.946840e+00
      vertex   1.234476e+01 1.050000e+02 8.520971e+00
      vertex   1.122766e+01 1.050000e+02 9.946840e+00
    endloop
  endfacet
  facet normal 7.071068e-01 -0.000000e+00 7.071068e-01
    outer loop
      vertex   1.122766e+01 7.000000e+01 9.946840e+00
      vertex   1.122766e+01 1.050000e+02 9.946840e+00
      vertex   9.946840e+00 7.000000e+01 1.122766e+01
    endloop
  endfacet
  facet normal 7.071068e-01 -0.000000e+00 7.071068e-01
    outer loop
      vertex   9.946840e+00 7.000000e+01 1.122766e+01
      vertex   1.122766e+01 1.050000e+02 9.946840e+00
      vertex   9.946840e+00 1.050000e+02 1.122766e+01
    endloop
  endfacet
  facet normal 6.167189e-01 -0.000000e+00 7.871835e-01
    outer loop
      vertex   9.946840e+00 7.000000e+01 1.122766e+01
      vertex   9.946840e+00 1.050000e+02 1.122766e+01
      vertex   8.520971e+00 7.000000e+01 1.234476e+01
    endloop
  endfacet
  facet normal 6.167189e-01 -0.000000e+00 7.871835e-01
    outer loop
      vertex   8.520971e+00 7.000000e+01 1.234476e+01
      vertex   9.946840e+00 1.050000e+02 1.122766e+01
      vertex   8.520971e+00 1.050000e+02 1.234476e+01
    endloop
  endfacet
  facet normal 5.173378e-01 -0.000000e+00 8.557813e-01
    outer loop
      vertex   8.520971e+00 7.000000e+01 1.234476e+01
      vertex   8.520971e+00 1.050000e+02 1.234476e+01
      vertex   6.970848e+00 7.000000e+01 1.328184e+01
    endloop
  endfacet
  facet normal 5.173378e-01 -0.000000e+00 8.557813e-01
    outer loop
      vertex   6.970848e+00 7.000000e+01 1.328184e+01
      vertex   8.520971e+00 1.050000e+02 1.234476e+01
      vertex   6.970848e+00 1.050000e+02 1.328184e+01
    endloop
  endfacet
  facet normal 4.104128e-01 -0.000000e+00 9.118998e-01
    outer loop
      vertex   6.970848e+00 7.000000e+01 1.328184e+01
      vertex   6.970848e+00 1.050000e+02 1.328184e+01
      vertex   5.319073e+00 7.000000e+01 1.402524e+01
    endloop
  endfacet
  facet normal 4.104128e-01 -0.000000e+00 9.118998e-01
    outer loop
      vertex   5.319073e+00 7.000000e+01 1.402524e+01
      vertex   6.970848e+00 1.050000e+02 1.328184e+01
      vertex   5.319073e+00 1.050000e+02 1.402524e+01
    endloop
  endfacet
  facet normal 2.975031e-01 -0.000000e+00 9.547209e-01
    outer loop
      vertex   5.319073e+00 7.000000e+01 1.402524e+01
      vertex   5.319073e+00 1.050000e+02 1.402524e+01
      vertex   3.589735e+00 7.000000e+01 1.456413e+01
    endloop
  endfacet
  facet normal 2.975031e-01 -0.000000e+00 9.547209e-01
    outer loop
      vertex   3.589735e+00 7.000000e+01 1.456413e+01
      vertex   5.319073e+00 1.050000e+02 1.402524e+01
      vertex   3.589735e+00 1.050000e+02 1.456413e+01
    endloop
  endfacet
  facet normal 1.802550e-01 -0.000000e+00 9.836199e-01
    outer loop
      vertex   3.589735e+00 7.000000e+01 1.456413e+01
      vertex   3.589735e+00 1.050000e+02 1.456413e+01
      vertex   1.808050e+00 7.000000e+01 1.489063e+01
    endloop
  endfacet
  facet normal 1.802550e-01 -0.000000e+00 9.836199e-01
    outer loop
      vertex   1.808050e+00 7.000000e+01 1.489063e+01
      vertex   3.589735e+00 1.050000e+02 1.456413e+01
      vertex   1.808050e+00 1.050000e+02 1.489063e+01
    endloop
  endfacet
  facet normal 6.037850e-02 -0.000000e+00 9.981756e-01
    outer loop
      vertex   1.808050e+00 7.000000e+01 1.489063e+01
      vertex   1.808050e+00 1.050000e+02 1.489063e+01
      vertex   9.184851e-16 7.000000e+01 1.500000e+01
    endloop
  endfacet
  facet normal 6.037850e-02 -0.000000e+00 9.981756e-01
    outer loop
      vertex   9.184851e-16 7.000000e+01 1.500000e+01
      vertex   1.808050e+00 1.050000e+02 1.489063e+01
      vertex   9.184851e-16 1.050000e+02 1.500000e+01
    endloop
  endfacet
  facet normal -6.037850e-02 0.000000e+00 9.981756e-01
    outer loop
      vertex   9.184851e-16 7.000000e+01 1.500000e+01
      vertex   9.184851e-16 1.050000e+02 1.500000e+01
      vertex   -1.808050e+00 7.000000e+01 1.489063e+01
    endloop
  endfacet
  facet normal -6.037850e-02 0.000000e+00 9.981756e-01
    outer loop
      vertex   -1.808050e+00 7.000000e+01 1.489063e+01
      vertex   9.184851e-16 1.050000e+02 1.500000e+01
      vertex   -1.808050e+00 1.050000e+02 1.489063e+01
    endloop
  endfacet
  facet normal -1.802550e-01 0.000000e+00 9.836199e-01
    outer loop
      vertex   -1.808050e+00 7.000000e+01 1.489063e+01
      vertex   -1.808050e+00 1.050000e+02 1.489063e+01
      vertex   -3.589735e+00 7.000000e+01 1.456413e+01
    endloop
  endfacet
  facet normal -1.802550e-01 0.000000e+00 9.836199e-01
    outer loop
      vertex   -3.589735e+00 7.000000e+01 1.456413e+01
      vertex   -1.808050e+00 1.050000e+02 1.489063e+01
      vertex   -3.589735e+00 1.050000e+02 1.456413e+01
    endloop
  endfacet
  facet normal -2.975031e-01 0.000000e+00 9.547209e-01
    outer loop
      vertex   -3.589735e+00 7.000000e+01 1.456413e+01
      vertex   -3.589735e+00 1.050000e+02 1.456413e+01
      vertex   -5.319073e+00 7.000000e+01 1.402524e+01
    endloop
  endfacet
  facet normal -2.975031e-01 0.000000e+00 9.547209e-01
    outer loop
      vertex   -5.319073e+00 7.000000e+01 1.402524e+01
      vertex   -3.589735e+00 1.050000e+02 1.456413e+01
      vertex   -5.319073e+00 1.050000e+02 1.402524e+01
    endloop
  endfacet
  facet normal -4.104128e-01 0.000000e+00 9.118998e-01
    outer loop
      vertex   -5.319073e+00 7.000000e+01 1.402524e+01
      vertex   -5.319073e+00 1.050000e+02 1.402524e+01
      vertex   -6.970848e+00 7.000000e+01 1.328184e+01
    endloop
  endfacet
  facet normal -4.104128e-01 0.000000e+00 9.118998e-01
    outer loop
      vertex   -6.970848e+00 7.000000e+01 1.328184e+01
      vertex   -5.319073e+00 1.050000e+02 1.402524e+01
      vertex   -6.970848e+00 1.050000e+02 1.328184e+01
    endloop
  endfacet
  facet normal -5.173378e-01 0.000000e+00 8.557813e-01
    outer loop
      vertex   -6.970848e+00 7.000000e+01 1.328184e+01
      vertex   -6.970848e+00 1.050000e+02 1.328184e+01
      vertex   -8.520971e+00 7.000000e+01 1.234476e+01
    endloop
  endfacet
  facet normal -5.173378e-01 0.000000e+00 8.557813e-01
    outer loop
      vertex   -8.520971e+00 7.000000e+01 1.234476e+01
      vertex   -6.970848e+00 1.050000e+02 1.328184e+01
      vertex   -8.520971e+00 1.050000e+02 1.234476e+01
    endloop
  endfacet
  facet normal -6.167189e-01 0.000000e+00 7.871835e-01
    outer loop
      vertex   -8.520971e+00 7.000000e+01 1.234476e+01
      vertex   -8.520971e+00 1.050000e+02 1.234476e+01
      vertex   -9.946840e+00 7.000000e+01 1.122766e+01
    endloop
  endfacet
  facet normal -6.167189e-01 0.000000e+00 7.871835e-01
    outer loop
      vertex   -9.946840e+00 7.000000e+01 1.122766e+01
      vertex   -8.520971e+00 1.050000e+02 1.234476e+01
      vertex   -9.946840e+00 1.050000e+02 1.122766e+01
    endloop
  endfacet
  facet normal -7.071068e-01 0.000000e+00 7.071068e-01
    outer loop
      vertex   -9.946840e+00 7.000000e+01 1.122766e+01
      vertex   -9.946840e+00 1.050000e+02 1.122766e+01
      vertex   -1.122766e+01 7.000000e+01 9.946840e+00
    endloop
  endfacet
  facet normal -7.071068e-01 0.000000e+00 7.071068e-01
    outer loop
      vertex   -1.122766e+01 7.000000e+01 9.946840e+00
      vertex   -9.946840e+00 1.050000e+02 1.122766e+01
      vertex   -1.122766e+01 1.050000e+02 9.946840e+00
    endloop
  endfacet
  facet normal -7.871835e-01 0.000000e+00 6.167189e-01
    outer loop
      vertex   -1.122766e+01 7.000000e+01 9.946840e+00
      vertex   -1.122766e+01 1.050000e+02 9.946840e+00
      vertex   -1.234476e+01 7.000000e+01 8.520971e+00
    endloop
  endfacet
  facet normal -7.871835e-01 0.000000e+00 6.167189e-01
    outer loop
      vertex   -1.234476e+01 7.000000e+01 8.520971e+00
      vertex   -1.122766e+01 1.050000e+02 9.946840e+00
      vertex   -1.234476e+01 1.050000e+02 8.520971e+00
    endloop
  endfacet
  facet normal -8.557813e-01 0.000000e+00 5.173378e-01
    outer loop
      vertex   -1.234476e+01 7.000000e+01 8.520971e+00
      vertex   -1.234476e+01 1.050000e+02 8.520971e+00
      vertex   -1.328184e+01 7.000000e+01 6.970848e+00
    endloop
  endfacet
  facet normal -8.557813e-01 0.000000e+00 5.173378e-01
    outer loop
      vertex   -1.328184e+01 7.000000e+01 6.970848e+00
      vertex   -1.234476e+01 1.050000e+02 8.520971e+00
      vertex   -1.328184e+01 1.050000e+02 6.970848e+00
    endloop
  endfacet
  facet normal -9.118998e-01 0.000000e+00 4.104128e-01
    outer loop
      vertex   -1.328184e+01 7.000000e+01 6.970848e+00
      vertex   -1.328184e+01 1.050000e+02 6.970848e+00
      vertex   -1.402524e+01 7.000000e+01 5.319073e+00
    endloop
  endfacet
  facet normal -9.118998e-01 0.000000e+00 4.104128e-01
    outer loop
      vertex   -1.402524e+01 7.000000e+01 5.319073e+00
      vertex   -1.328184e+01 1.050000e+02 6.970848e+00
      vertex   -1.402524e+01 1.050000e+02 5.319073e+00
    endloop
  endfacet
  facet normal -9.547209e-01 0.000000e+00 2.975031e-01
    outer loop
      vertex   -1.402524e+01 7.000000e+01 5.319073e+00
      vertex   -1.402524e+01 1.050000e+02 5.319073e+00
      vertex   -1.456413e+01 7.000000e+01 3.589735e+00
    endloop
  endfacet
  facet normal -9.547209e-01 0.000000e+00 2.975031e-01
    outer loop
      vertex   -1.456413e+01 7.000000e+01 3.589735e+00
      vertex   -1.402524e+01 1.050000e+02 5.319073e+00
      vertex   -1.456413e+01 1.050000e+02 3.589735e+00
    endloop
  endfacet
  facet normal -9.836199e-01 0.000000e+00 1.802550e-01
    outer loop
      vertex   -1.456413e+01 7.000000e+01 3.589735e+00
      vertex   -1.456413e+01 1.050000e+02 3.589735e+00
      vertex   -1.489063e+01 7.000000e+01 1.808050e+00
    endloop
  endfacet
  facet normal 9.547209e-01 0.000000e+00 2.975031e-01
    outer loop
      vertex   1.402524e+01 3.500000e+01 5.319073e+00
      vertex   1.456413e+01 3.500000e+01 3.589735e+00
      vertex   1.456413e+01 7.000000e+01 3.589735e+00
    endloop
  endfacet
  facet normal 9.836199e-01 0.000000e+00 1.802550e-01
    outer loop
      vertex   1.456413e+01 7.000000e+01 3.589735e+00
      vertex   1.456413e+01 3.500000e+01 3.589735e+00
      vertex   1.489063e+01 7.000000e+01 1.808050e+00
    endloop
  endfacet
  facet normal 9.547209e-01 -0.000000e+00 2.975031e-01
    outer loop
      vertex   1.402524e+01 3.500000e+01 5.319073e+00
      vertex   1.456413e+01 7.000000e+01 3.589735e+00
      vertex   1.402524e+01 7.000000e+01 5.319073e+00
    endloop
  endfacet
  facet normal 9.118998e-01 0.000000e+00 4.104128e-01
    outer loop
      vertex   1.328184e+01 3.500000e+01 6.970848e+00
      vertex   1.402524e+01 3.500000e+01 5.319073e+00
      vertex   1.402524e+01 7.000000e+01 5.319073e+00
    endloop
  endfacet
  facet normal 9.118998e-01 -0.000000e+00 4.104128e-01
    outer loop
      vertex   1.328184e+01 3.500000e+01 6.970848e+00
      vertex   1.402524e+01 7.000000e+01 5.319073e+00
      vertex   1.328184e+01 7.000000e+01 6.970848e+00
    endloop
  endfacet
  facet normal 8.557813e-01 0.000000e+00 5.173378e-01
    outer loop
      vertex   1.234476e+01 3.500000e+01 8.520971e+00
      vertex   1.328184e+01 3.500000e+01 6.970848e+00
      vertex   1.328184e+01 7.000000e+01 6.970848e+00
    endloop
  endfacet
  facet normal 8.557813e-01 -0.000000e+00 5.173378e-01
    outer loop
      vertex   1.234476e+01 3.500000e+01 8.520971e+00
      vertex   1.328184e+01 7.000000e+01 6.970848e+00
      vertex   1.234476e+01 7.000000e+01 8.520971e+00
    endloop
  endfacet
  facet normal 7.871835e-01 0.000000e+00 6.167189e-01
    outer loop
      vertex   1.122766e+01 3.500000e+01 9.946840e+00
      vertex   1.234476e+01 3.500000e+01 8.520971e+00
      vertex   1.234476e+01 7.000000e+01 8.520971e+00
    endloop
  endfacet
  facet normal 7.871835e-01 -0.000000e+00 6.167189e-01
    outer loop
      vertex   1.122766e+01 3.500000e+01 9.946840e+00
      vertex   1.234476e+01 7.000000e+01 8.520971e+00
      vertex   1.122766e+01 7.000000e+01 9.946840e+00
    endloop
  endfacet
  facet normal 7.071068e-01 0.000000e+00 7.071068e-01
    outer loop
      vertex   9.946840e+00 3.500000e+01 1.122766e+01
      vertex   1.122766e+01 3.500000e+01 9.946840e+00
      vertex   1.122766e+01 7.000000e+01 9.946840e+00
    endloop
  endfacet
  facet normal 7.071068e-01 -0.000000e+00 7.071068e-01
    outer loop
      vertex   9.946840e+00 3.500000e+01 1.122766e+01
      vertex   1.122766e+01 7.000000e+01 9.946840e+00
      vertex   9.946840e+00 7.000000e+01 1.122766e+01
    endloop
  endfacet
  facet normal 6.167189e-01 0.000000e+00 7.871835e-01
    outer loop
      vertex   8.520971e+00 3.500000e+01 1.234476e+01
      vertex   9.946840e+00 3.500000e+01 1.122766e+01
      vertex   9.946840e+00 7.000000e+01 1.122766e+01
    endloop
  endfacet
  facet normal 6.167189e-01 -0.000000e+00 7.871835e-01
    outer loop
      vertex   8.520971e+00 3.500000e+01 1.234476e+01
      vertex   9.946840e+00 7.000000e+01 1.122766e+01
      vertex   8.520971e+00 7.000000e+01 1.234476e+01
    endloop
  endfacet
  facet normal 5.173378e-01 0.000000e+00 8.557813e-01
    outer loop
      vertex   6.970848e+00 3.500000e+01 1.328184e+01
      vertex   8.520971e+00 3.500000e+01 1.234476e+01
      vertex   8.520971e+00 7.000000e+01 1.234476e+01
    endloop
  endfacet
  facet normal 5.173378e-01 -0.000000e+00 8.557813e-01
    outer loop
      vertex   6.970848e+00 3.500000e+01 1.328184e+01
      vertex   8.520971e+00 7.000000e+01 1.234476e+01
      vertex   6.970848e+00 7.000000e+01 1.328184e+01
    endloop
  endfacet
  facet normal 4.104128e-01 0.000000e+00 9.118998e-01
    outer loop
      vertex   5.319073e+00 3.500000e+01 1.402524e+01
      vertex   6.970848e+00 3.500000e+01 1.328184e+01
      vertex   6.970848e+00 7.000000e+01 1.328184e+01
    endloop
  endfacet
  facet normal 4.104128e-01 -0.000000e+00 9.118998e-01
    outer loop
      vertex   5.319073e+00 3.500000e+01 1.402524e+01
      vertex   6.970848e+00 7.000000e+01 1.328184e+01
      vertex   5.319073e+00 7.000000e+01 1.402524e+01
    endloop
  endfacet
  facet normal 2.975031e-01 0.000000e+00 9.547209e-01
    outer loop
      vertex   3.589735e+00 3.500000e+01 1.456413e+01
      vertex   5.319073e+00 3.500000e+01 1.402524e+01
      vertex   5.319073e+00 7.000000e+01 1.402524e+01
    endloop
  endfacet
  facet normal 2.975031e-01 -0.000000e+00 9.547209e-01
    outer loop
      vertex   3.589735e+00 3.500000e+01 1.456413e+01
      vertex   5.319073e+00 7.000000e+01 1.402524e+01
      vertex   3.589735e+00 7.000000e+01 1.456413e+01
    endloop
  endfacet
  facet normal 1.802550e-01 0.000000e+00 9.836199e-01
    outer loop
      vertex   1.808050e+00 3.500000e+01 1.489063e+01
      vertex   3.589735e+00 3.500000e+01 1.456413e+01
      vertex   3.589735e+00 7.000000e+01 1.456413e+01
    endloop
  endfacet
  facet normal 1.802550e-01 -0.000000e+00 9.836199e-01
    outer loop
      vertex   1.808050e+00 3.500000e+01 1.489063e+01
      vertex   3.589735e+00 7.000000e+01 1.456413e+01
      vertex   1.808050e+00 7.000000e+01 1.489063e+01
    endloop
  endfacet
  facet normal 6.037850e-02 0.000000e+00 9.981756e-01
    outer loop
      vertex   9.184851e-16 3.500000e+01 1.500000e+01
      vertex   1.808050e+00 3.500000e+01 1.489063e+01
      vertex   1.808050e+00 7.000000e+01 1.489063e+01
    endloop
  endfacet
  facet normal 6.037850e-02 -0.000000e+00 9.981756e-01
    outer loop
      vertex   9.184851e-16 3.500000e+01 1.500000e+01
      vertex   1.808050e+00 7.000000e+01 1.489063e+01
      vertex   9.184851e-16 7.000000e+01 1.500000e+01
    endloop
  endfacet
  facet normal -6.037850e-02 0.000000e+00 9.981756e-01
    outer loop
      vertex   -1.808050e+00 3.500000e+01 1.489063e+01
      vertex   9.184851e-16 3.500000e+01 1.500000e+01
      vertex   9.184851e-16 7.000000e+01 1.500000e+01
    endloop
  endfacet
  facet normal -6.037850e-02 0.000000e+00 9.981756e-01
    outer loop
      vertex   -1.808050e+00 3.500000e+01 1.489063e+01
      vertex   9.184851e-16 7.000000e+01 1.500000e+01
      vertex   -1.808050e+00 7.000000e+01 1.489063e+01
    endloop
  endfacet
  facet normal -1.802550e-01 0.000000e+00 9.836199e-01
    outer loop
      vertex   -3.589735e+00 3.500000e+01 1.456413e+01
      vertex   -1.808050e+00 3.500000e+01 1.489063e+01
      vertex   -1.808050e+00 7.000000e+01 1.489063e+01
    endloop
  endfacet
  facet normal -1.802550e-01 0.000000e+00 9.836199e-01
    outer loop
      vertex   -3.589735e+00 3.500000e+01 1.456413e+01
      vertex   -1.808050e+00 7.000000e+01 1.489063e+01
      vertex   -3.589735e+00 7.000000e+01 1.456413e+01
    endloop
  endfacet
  facet normal -2.975031e-01 0.000000e+00 9.547209e-01
    outer loop
      vertex   -5.319073e+00 3.500000e+01 1.402524e+01
      vertex   -3.589735e+00 3.500000e+01 1.456413e+01
      vertex   -3.589735e+00 7.000000e+01 1.456413e+01
    endloop
  endfacet
  facet normal -2.975031e-01 0.000000e+00 9.547209e-01
    outer loop
      vertex   -5.319073e+00 3.500000e+01 1.402524e+01
      vertex   -3.589735e+00 7.000000e+01 1.456413e+01
      vertex   -5.319073e+00 7.000000e+01 1.402524e+01
    endloop
  endfacet
  facet normal -4.104128e-01 0.000000e+00 9.118998e-01
    outer loop
      vertex   -6.970848e+00 3.500000e+01 1.328184e+01
      vertex   -5.319073e+00 3.500000e+01 1.402524e+01
      vertex   -5.319073e+00 7.000000e+01 1.402524e+01
    endloop
  endfacet
  facet normal -4.104128e-01 0.000000e+00 9.118998e-01
    outer loop
      vertex   -6.970848e+00 3.500000e+01 1.328184e+01
      vertex   -5.319073e+00 7.000000e+01 1.402524e+01
      vertex   -6.970848e+00 7.000000e+01 1.328184e+01
    endloop
  endfacet
  facet normal -5.173378e-01 0.000000e+00 8.557813e-01
    outer loop
      vertex   -8.520971e+00 3.500000e+01 1.234476e+01
      vertex   -6.970848e+00 3.500000e+01 1.328184e+01
      vertex   -6.970848e+00 7.000000e+01 1.328184e+01
    endloop
  endfacet
  facet normal -5.173378e-01 0.000000e+00 8.557813e-01
    outer loop
      vertex   -8.520971e+00 3.500000e+01 1.234476e+01
      vertex   -6.970848e+00 7.000000e+01 1.328184e+01
      vertex   -8.520971e+00 7.000000e+01 1.234476e+01
    endloop
  endfacet
  facet normal -6.167189e-01 0.000000e+00 7.871835e-01
    outer loop
      vertex   -9.946840e+00 3.500000e+01 1.122766e+01
      vertex   -8.520971e+00 3.500000e+01 1.234476e+01
      vertex   -8.520971e+00 7.000000e+01 1.234476e+01
    endloop
  endfacet
  facet normal -6.167189e-01 0.000000e+00 7.871835e-01
    outer loop
      vertex   -9.946840e+00 3.500000e+01 1.122766e+01
      vertex   -8.520971e+00 7.000000e+01 1.234476e+01
      vertex   -9.946840e+00 7.000000e+01 1.122766e+01
    endloop
  endfacet
  facet normal -7.071068e-01 0.000000e+00 7.071068e-01
    outer loop
      vertex   -1.122766e+01 3.500000e+01 9.946840e+00
      vertex   -9.946840e+00 3.500000e+01 1.122766e+01
      vertex   -9.946840e+00 7.000000e+01 1.122766e+01
    endloop
  endfacet
  facet normal -7.071068e-01 0.000000e+00 7.071068e-01
    outer loop
      vertex   -1.122766e+01 3.500000e+01 9.946840e+00
      vertex   -9.946840e+00 7.000000e+01 1.122766e+01
      vertex   -1.122766e+01 7.000000e+01 9.946840e+00
    endloop
  endfacet
  facet normal -7.871835e-01 0.000000e+00 6.167189e-01
    outer loop
      vertex   -1.234476e+01 3.500000e+01 8.520971e+00
      vertex   -1.122766e+01 3.500000e+01 9.946840e+00
      vertex   -1.122766e+01 7.000000e+01 9.946840e+00
    endloop
  endfacet
  facet normal -7.871835e-01 0.000000e+00 6.167189e-01
    outer loop
      vertex   -1.234476e+01 3.500000e+01 8.520971e+00
      vertex   -1.122766e+01 7.000000e+01 9.946840e+00
      vertex   -1.234476e+01 7.000000e+01 8.520971e+00
    endloop
  endfacet
  facet normal -8.557813e-01 0.000000e+00 5.173378e-01
    outer loop
      vertex   -1.328184e+01 3.500000e+01 6.970848e+00
      vertex   -1.234476e+01 3.500000e+01 8.520971e+00
      vertex   -1.234476e+01 7.000000e+01 8.520971e+00
    endloop
  endfacet
  facet normal -8.557813e-01 0.000000e+00 5.173378e-01
    outer loop
      vertex   -1.328184e+01 3.500000e+01 6.970848e+00
      vertex   -1.234476e+01 7.000000e+01 8.520971e+00
      vertex   -1.328184e+01 7.000000e+01 6.970848e+00
    endloop
  endfacet
  facet normal -9.118998e-01 0.000000e+00 4.104128e-01
    outer loop
      vertex   -1.402524e+01 3.500000e+01 5.319073e+00
      vertex   -1.328184e+01 3.500000e+01 6.970848e+00
      vertex   -1.328184e+01 7.000000e+01 6.970848e+00
    endloop
  endfacet
  facet normal -9.118998e-01 0.000000e+00 4.104128e-01
    outer loop
      vertex   -1.402524e+01 3.500000e+01 5.319073e+00
      vertex   -1.328184e+01 7.000000e+01 6.970848e+00
      vertex   -1.402524e+01 7.000000e+01 5.319073e+00
    endloop
  endfacet
  facet normal -9.547209e-01 0.000000e+00 2.975031e-01
    outer loop
      vertex   -1.456413e+01 3.500000e+01 3.589735e+00
      vertex   -1.402524e+01 3.500000e+01 5.319073e+00
      vertex   -1.402524e+01 7.000000e+01 5.319073e+00
    endloop
  endfacet
  facet normal -9.547209e-01 0.000000e+00 2.975031e-01
    outer loop
      vertex   -1.456413e+01 3.500000e+01 3.589735e+00
      vertex   -1.402524e+01 7.000000e+01 5.319073e+00
      vertex   -1.456413e+01 7.000000e+01 3.589735e+00
    endloop
  endfacet
  facet normal -9.836199e-01 0.000000e+00 1.802550e-01
    outer loop
      vertex   -1.489063e+01 1.400000e+02 1.808050e+00
      vertex   -1.489063e+01 1.050000e+02 1.808050e+00
      vertex   -1.456413e+01 1.400000e+02 3.589735e+00
    endloop
  endfacet
  facet normal -9.836199e-01 0.000000e+00 1.802550e-01
    outer loop
      vertex   -1.489063e+01 3.500000e+01 1.808050e+00
      vertex   -1.456413e+01 3.500000e+01 3.589735e+00
      vertex   -1.456413e+01 7.000000e+01 3.589735e+00
    endloop
  endfacet
  facet normal -9.836199e-01 0.000000e+00 1.802550e-01
    outer loop
      vertex   -1.489063e+01 3.500000e+01 1.808050e+00
      vertex   -1.456413e+01 7.000000e+01 3.589735e+00
      vertex   -1.489063e+01 7.000000e+01 1.808050e+00
    endloop
  endfacet
  facet normal 0.000000e+00 1.000000e+00 0.000000e+00
    outer loop
      vertex   5.000000e+00 1.750000e+02 -1.500000e+01
      vertex   6.234898e+00 1.750000e+02 -7.818315e+00
      vertex   1.000000e+01 1.750000e+02 -1.500000e+01
    endloop
  endfacet
  facet normal 0.000000e+00 1.000000e+00 0.000000e+00
    outer loop
      vertex   1.000000e+01 1.750000e+02 -1.500000e+01
      vertex   6.234898e+00 1.750000e+02 -7.818315e+00
      vertex   7.330519e+00 1.750000e+02 -6.801727e+00
    endloop
  endfacet
  facet normal 0.000000e+00 1.000000e+00 0.000000e+00
    outer loop
      vertex   1.000000e+01 1.750000e+02 -1.500000e+01
      vertex   7.330519e+00 1.750000e+02 -6.801727e+00
      vertex   8.262388e+00 1.750000e+02 -5.633201e+00
    endloop
  endfacet
  facet normal 0.000000e+00 1.000000e+00 0.000000e+00
    outer loop
      vertex   5.000000e+00 1.750000e+02 -1.500000e+01
      vertex   5.000000e+00 1.750000e+02 -8.660254e+00
      vertex   6.234898e+00 1.750000e+02 -7.818315e+00
    endloop
  endfacet
  facet normal -0.000000e+00 1.000000e+00 0.000000e+00
    outer loop
      vertex   8.262388e+00 1.750000e+02 -5.633201e+00
      vertex   9.009689e+00 1.750000e+02 -4.338837e+00
      vertex   1.000000e+01 1.750000e+02 -1.500000e+01
    endloop
  endfacet
  facet normal 0.000000e+00 1.000000e+00 -0.000000e+00
    outer loop
      vertex   1.000000e+01 1.750000e+02 -1.500000e+01
      vertex   9.009689e+00 1.750000e+02 -4.338837e+00
      vertex   1.500000e+01 1.750000e+02 0.000000e+00
    endloop
  endfacet
  facet normal -0.000000e+00 1.000000e+00 0.000000e+00
    outer loop
      vertex   1.000000e+01 1.750000e+02 -1.500000e+01
      vertex   1.500000e+01 1.750000e+02 0.000000e+00
      vertex   1.500000e+01 1.750000e+02 -2.500000e+01
    endloop
  endfacet
  facet normal 0.000000e+00 1.000000e+00 0.000000e+00
    outer loop
      vertex   9.009689e+00 1.750000e+02 -4.338837e+00
      vertex   9.555728e+00 1.750000e+02 -2.947552e+00
      vertex   1.500000e+01 1.750000e+02 0.000000e+00
    endloop
  endfacet
  facet normal 0.000000e+00 1.000000e+00 0.000000e+00
    outer loop
      vertex   1.500000e+01 1.750000e+02 0.000000e+00
      vertex   9.555728e+00 1.750000e+02 -2.947552e+00
      vertex   9.888308e+00 1.750000e+02 -1.490423e+00
    endloop
  endfacet
  facet normal 0.000000e+00 1.000000e+00 0.000000e+00
    outer loop
      vertex   1.500000e+01 1.750000e+02 0.000000e+00
      vertex   9.888308e+00 1.750000e+02 -1.490423e+00
      vertex   1.000000e+01 1.750000e+02 -7.715821e-12
    endloop
  endfacet
  facet normal 0.000000e+00 1.000000e+00 0.000000e+00
    outer loop
      vertex   1.500000e+01 1.750000e+02 0.000000e+00
      vertex   1.000000e+01 1.750000e+02 -7.715821e-12
      vertex   1.489063e+01 1.750000e+02 1.808050e+00
    endloop
  endfacet
  facet normal 0.000000e+00 1.000000e+00 0.000000e+00
    outer loop
      vertex   1.489063e+01 1.750000e+02 1.808050e+00
      vertex   1.000000e+01 1.750000e+02 -7.715821e-12
      vertex   9.888308e+00 1.750000e+02 1.490423e+00
    endloop
  endfacet
  facet normal 0.000000e+00 1.000000e+00 0.000000e+00
    outer loop
      vertex   1.489063e+01 1.750000e+02 1.808050e+00
      vertex   9.888308e+00 1.750000e+02 1.490423e+00
      vertex   1.456413e+01 1.750000e+02 3.589735e+00
    endloop
  endfacet
  facet normal 0.000000e+00 1.000000e+00 0.000000e+00
    outer loop
      vertex   1.456413e+01 1.750000e+02 3.589735e+00
      vertex   9.888308e+00 1.750000e+02 1.490423e+00
      vertex   9.555728e+00 1.750000e+02 2.947552e+00
    endloop
  endfacet
  facet normal 0.000000e+00 1.000000e+00 0.000000e+00
    outer loop
      vertex   1.456413e+01 1.750000e+02 3.589735e+00
      vertex   9.555728e+00 1.750000e+02 2.947552e+00
      vertex   1.402524e+01 1.750000e+02 5.319073e+00
    endloop
  endfacet
  facet normal 0.000000e+00 1.000000e+00 0.000000e+00
    outer loop
      vertex   1.402524e+01 1.750000e+02 5.319073e+00
      vertex   9.555728e+00 1.750000e+02 2.947552e+00
      vertex   1.328184e+01 1.750000e+02 6.970848e+00
    endloop
  endfacet
  facet normal 0.000000e+00 1.000000e+00 0.000000e+00
    outer loop
      vertex   1.328184e+01 1.750000e+02 6.970848e+00
      vertex   9.555728e+00 1.750000e+02 2.947552e+00
      vertex   9.009689e+00 1.750000e+02 4.338837e+00
    endloop
  endfacet
  facet normal 0.000000e+00 1.000000e+00 0.000000e+00
    outer loop
      vertex   1.328184e+01 1.750000e+02 6.970848e+00
      vertex   9.009689e+00 1.750000e+02 4.338837e+00
      vertex   1.234476e+01 1.750000e+02 8.520971e+00
    endloop
  endfacet
  facet normal 0.000000e+00 1.000000e+00 0.000000e+00
    outer loop
      vertex   1.234476e+01 1.750000e+02 8.520971e+00
      vertex   9.009689e+00 1.750000e+02 4.338837e+00
      vertex   8.262388e+00 1.750000e+02 5.633201e+00
    endloop
  endfacet
  facet normal 0.000000e+00 1.000000e+00 0.000000e+00
    outer loop
      vertex   1.234476e+01 1.750000e+02 8.520971e+00
      vertex   8.262388e+00 1.750000e+02 5.633201e+00
      vertex   1.122766e+01 1.750000e+02 9.946840e+00
    endloop
  endfacet
  facet normal 0.000000e+00 1.000000e+00 0.000000e+00
    outer loop
      vertex   1.122766e+01 1.750000e+02 9.946840e+00
      vertex   8.262388e+00 1.750000e+02 5.633201e+00
      vertex   9.946840e+00 1.750000e+02 1.122766e+01
    endloop
  endfacet
  facet normal 0.000000e+00 1.000000e+00 0.000000e+00
    outer loop
      vertex   9.946840e+00 1.750000e+02 1.122766e+01
      vertex   8.262388e+00 1.750000e+02 5.633201e+00
      vertex   7.330519e+00 1.750000e+02 6.801727e+00
    endloop
  endfacet
  facet normal 0.000000e+00 1.000000e+00 0.000000e+00
    outer loop
      vertex   9.946840e+00 1.750000e+02 1.122766e+01
      vertex   7.330519e+00 1.750000e+02 6.801727e+00
      vertex   8.520971e+00 1.750000e+02 1.234476e+01
    endloop
  endfacet
  facet normal 0.000000e+00 1.000000e+00 0.000000e+00
    outer loop
      vertex   8.520971e+00 1.750000e+02 1.234476e+01
      vertex   7.330519e+00 1.750000e+02 6.801727e+00
      vertex   6.234898e+00 1.750000e+02 7.818315e+00
    endloop
  endfacet
  facet normal 0.000000e+00 1.000000e+00 0.000000e+00
    outer loop
      vertex   8.520971e+00 1.750000e+02 1.234476e+01
      vertex   6.234898e+00 1.750000e+02 7.818315e+00
      vertex   6.970848e+00 1.750000e+02 1.328184e+01
    endloop
  endfacet
  facet normal 0.000000e+00 1.000000e+00 0.000000e+00
    outer loop
      vertex   6.970848e+00 1.750000e+02 1.328184e+01
      vertex   6.234898e+00 1.750000e+02 7.818315e+00
      vertex   5.000000e+00 1.750000e+02 8.660254e+00
    endloop
  endfacet
  facet normal 0.000000e+00 1.000000e+00 0.000000e+00
    outer loop
      vertex   6.970848e+00 1.750000e+02 1.328184e+01
      vertex   5.000000e+00 1.750000e+02 8.660254e+00
      vertex   5.319073e+00 1.750000e+02 1.402524e+01
    endloop
  endfacet
  facet normal 0.000000e+00 1.000000e+00 0.000000e+00
    outer loop
      vertex   5.319073e+00 1.750000e+02 1.402524e+01
      vertex   5.000000e+00 1.750000e+02 8.660254e+00
      vertex   3.653410e+00 1.750000e+02 9.308737e+00
    endloop
  endfacet
  facet normal 0.000000e+00 1.000000e+00 0.000000e+00
    outer loop
      vertex   5.319073e+00 1.750000e+02 1.402524e+01
      vertex   3.653410e+00 1.750000e+02 9.308737e+00
      vertex   3.589735e+00 1.750000e+02 1.456413e+01
    endloop
  endfacet
  facet normal 0.000000e+00 1.000000e+00 0.000000e+00
    outer loop
      vertex   3.589735e+00 1.750000e+02 1.456413e+01
      vertex   3.653410e+00 1.750000e+02 9.308737e+00
      vertex   2.225209e+00 1.750000e+02 9.749279e+00
    endloop
  endfacet
  facet normal 0.000000e+00 1.000000e+00 0.000000e+00
    outer loop
      vertex   3.589735e+00 1.750000e+02 1.456413e+01
      vertex   2.225209e+00 1.750000e+02 9.749279e+00
      vertex   1.808050e+00 1.750000e+02 1.489063e+01
    endloop
  endfacet
  facet normal 0.000000e+00 1.000000e+00 0.000000e+00
    outer loop
      vertex   1.808050e+00 1.750000e+02 1.489063e+01
      vertex   2.225209e+00 1.750000e+02 9.749279e+00
      vertex   7.473009e-01 1.750000e+02 9.972038e+00
    endloop
  endfacet
  facet normal 0.000000e+00 1.000000e+00 0.000000e+00
    outer loop
      vertex   1.808050e+00 1.750000e+02 1.489063e+01
      vertex   7.473009e-01 1.750000e+02 9.972038e+00
      vertex   9.184851e-16 1.750000e+02 1.500000e+01
    endloop
  endfacet
  facet normal 0.000000e+00 1.000000e+00 0.000000e+00
    outer loop
      vertex   9.184851e-16 1.750000e+02 1.500000e+01
      vertex   7.473009e-01 1.750000e+02 9.972038e+00
      vertex   -7.473009e-01 1.750000e+02 9.972038e+00
    endloop
  endfacet
  facet normal 0.000000e+00 1.000000e+00 0.000000e+00
    outer loop
      vertex   9.184851e-16 1.750000e+02 1.500000e+01
      vertex   -7.473009e-01 1.750000e+02 9.972038e+00
      vertex   -1.808050e+00 1.750000e+02 1.489063e+01
    endloop
  endfacet
  facet normal 0.000000e+00 1.000000e+00 0.000000e+00
    outer loop
      vertex   -1.808050e+00 1.750000e+02 1.489063e+01
      vertex   -7.473009e-01 1.750000e+02 9.972038e+00
      vertex   -2.225209e+00 1.750000e+02 9.749279e+00
    endloop
  endfacet
  facet normal 0.000000e+00 1.000000e+00 0.000000e+00
    outer loop
      vertex   -1.808050e+00 1.750000e+02 1.489063e+01
      vertex   -2.225209e+00 1.750000e+02 9.749279e+00
      vertex   -3.589735e+00 1.750000e+02 1.456413e+01
    endloop
  endfacet
  facet normal 0.000000e+00 1.000000e+00 0.000000e+00
    outer loop
      vertex   -3.589735e+00 1.750000e+02 1.456413e+01
      vertex   -2.225209e+00 1.750000e+02 9.749279e+00
      vertex   -3.653410e+00 1.750000e+02 9.308737e+00
    endloop
  endfacet
  facet normal 0.000000e+00 1.000000e+00 0.000000e+00
    outer loop
      vertex   -3.589735e+00 1.750000e+02 1.456413e+01
      vertex   -3.653410e+00 1.750000e+02 9.308737e+00
      vertex   -5.319073e+00 1.750000e+02 1.402524e+01
    endloop
  endfacet
  facet normal 0.000000e+00 1.000000e+00 0.000000e+00
    outer loop
      vertex   -5.319073e+00 1.750000e+02 1.402524e+01
      vertex   -3.653410e+00 1.750000e+02 9.308737e+00
      vertex   -5.000000e+00 1.750000e+02 8.660254e+00
    endloop
  endfacet
  facet normal 0.000000e+00 1.000000e+00 0.000000e+00
    outer loop
      vertex   -5.319073e+00 1.750000e+02 1.402524e+01
      vertex   -5.000000e+00 1.750000e+02 8.660254e+00
      vertex   -6.970848e+00 1.750000e+02 1.328184e+01
    endloop
  endfacet
  facet normal 0.000000e+00 1.000000e+00 0.000000e+00
    outer loop
      vertex   -6.970848e+00 1.750000e+02 1.328184e+01
      vertex   -5.000000e+00 1.750000e+02 8.660254e+00
      vertex   -6.234898e+00 1.750000e+02 7.818315e+00
    endloop
  endfacet
  facet normal 0.000000e+00 1.000000e+00 0.000000e+00
    outer loop
      vertex   -6.970848e+00 1.750000e+02 1.328184e+01
      vertex   -6.234898e+00 1.750000e+02 7.818315e+00
      vertex   -8.520971e+00 1.750000e+02 1.234476e+01
    endloop
  endfacet
  facet normal 0.000000e+00 1.000000e+00 0.000000e+00
    outer loop
      vertex   -8.520971e+00 1.750000e+02 1.234476e+01
      vertex   -6.234898e+00 1.750000e+02 7.818315e+00
      vertex   -7.330519e+00 1.750000e+02 6.801727e+00
    endloop
  endfacet
  facet normal 0.000000e+00 1.000000e+00 0.000000e+00
    outer loop
      vertex   -8.520971e+00 1.750000e+02 1.234476e+01
      vertex   -7.330519e+00 1.750000e+02 6.801727e+00
      vertex   -9.946840e+00 1.750000e+02 1.122766e+01
    endloop
  endfacet
  facet normal 0.000000e+00 1.000000e+00 0.000000e+00
    outer loop
      vertex   -9.946840e+00 1.750000e+02 1.122766e+01
      vertex   -7.330519e+00 1.750000e+02 6.801727e+00
      vertex   -8.262388e+00 1.750000e+02 5.633201e+00
    endloop
  endfacet
  facet normal 0.000000e+00 1.000000e+00 0.000000e+00
    outer loop
      vertex   -9.946840e+00 1.750000e+02 1.122766e+01
      vertex   -8.262388e+00 1.750000e+02 5.633201e+00
      vertex   -1.122766e+01 1.750000e+02 9.946840e+00
    endloop
  endfacet
  facet normal 0.000000e+00 1.000000e+00 0.000000e+00
    outer loop
      vertex   -1.122766e+01 1.750000e+02 9.946840e+00
      vertex   -8.262388e+00 1.750000e+02 5.633201e+00
      vertex   -1.234476e+01 1.750000e+02 8.520971e+00
    endloop
  endfacet
  facet normal 0.000000e+00 1.000000e+00 0.000000e+00
    outer loop
      vertex   -1.234476e+01 1.750000e+02 8.520971e+00
      vertex   -8.262388e+00 1.750000e+02 5.633201e+00
      vertex   -9.009689e+00 1.750000e+02 4.338837e+00
    endloop
  endfacet
  facet normal 0.000000e+00 1.000000e+00 0.000000e+00
    outer loop
      vertex   -1.234476e+01 1.750000e+02 8.520971e+00
      vertex   -9.009689e+00 1.750000e+02 4.338837e+00
      vertex   -1.328184e+01 1.750000e+02 6.970848e+00
    endloop
  endfacet
  facet normal 0.000000e+00 1.000000e+00 0.000000e+00
    outer loop
      vertex   -1.328184e+01 1.750000e+02 6.970848e+00
      vertex   -9.009689e+00 1.750000e+02 4.338837e+00
      vertex   -9.555728e+00 1.750000e+02 2.947552e+00
    endloop
  endfacet
  facet normal 0.000000e+00 1.000000e+00 0.000000e+00
    outer loop
      vertex   -1.328184e+01 1.750000e+02 6.970848e+00
      vertex   -9.555728e+00 1.750000e+02 2.947552e+00
      vertex   -1.402524e+01 1.750000e+02 5.319073e+00
    endloop
  endfacet
  facet normal 0.000000e+00 1.000000e+00 0.000000e+00
    outer loop
      vertex   -1.402524e+01 1.750000e+02 5.319073e+00
      vertex   -9.555728e+00 1.750000e+02 2.947552e+00
      vertex   -1.456413e+01 1.750000e+02 3.589735e+00
    endloop
  endfacet
  facet normal 0.000000e+00 1.000000e+00 0.000000e+00
    outer loop
      vertex   -1.456413e+01 1.750000e+02 3.589735e+00
      vertex   -9.555728e+00 1.750000e+02 2.947552e+00
      vertex   -9.888308e+00 1.750000e+02 1.490423e+00
    endloop
  endfacet
  facet normal 0.000000e+00 1.000000e+00 0.000000e+00
    outer loop
      vertex   -1.456413e+01 1.750000e+02 3.589735e+00
      vertex   -9.888308e+00 1.750000e+02 1.490423e+00
      vertex   -1.489063e+01 1.750000e+02 1.808050e+00
    endloop
  endfacet
  facet normal 0.000000e+00 1.000000e+00 0.000000e+00
    outer loop
      vertex   -1.489063e+01 1.750000e+02 1.808050e+00
      vertex   -9.888308e+00 1.750000e+02 1.490423e+00
      vertex   -1.000000e+01 1.750000e+02 4.777175e-12
    endloop
  endfacet
  facet normal 0.000000e+00 1.000000e+00 0.000000e+00
    outer loop
      vertex   -1.489063e+01 1.750000e+02 1.808050e+00
      vertex   -1.000000e+01 1.750000e+02 4.777175e-12
      vertex   -1.500000e+01 1.750000e+02 0.000000e+00
    endloop
  endfacet
  facet normal -0.000000e+00 1.000000e+00 0.000000e+00
    outer loop
      vertex   -1.500000e+01 1.750000e+02 0.000000e+00
      vertex   -1.000000e+01 1.750000e+02 4.777175e-12
      vertex   -9.888308e+00 1.750000e+02 -1.490423e+00
    endloop
  endfacet
  facet normal 0.000000e+00 1.000000e+00 0.000000e+00
    outer loop
      vertex   -1.500000e+01 1.750000e+02 0.000000e+00
      vertex   -9.888308e+00 1.750000e+02 -1.490423e+00
      vertex   -9.555728e+00 1.750000e+02 -2.947552e+00
    endloop
  endfacet
  facet normal 0.000000e+00 1.000000e+00 0.000000e+00
    outer loop
      vertex   -9.555728e+00 1.750000e+02 -2.947552e+00
      vertex   -9.009689e+00 1.750000e+02 -4.338837e+00
      vertex   -1.500000e+01 1.750000e+02 0.000000e+00
    endloop
  endfacet
  facet normal 0.000000e+00 1.000000e+00 0.000000e+00
    outer loop
      vertex   -1.500000e+01 1.750000e+02 0.000000e+00
      vertex   -9.009689e+00 1.750000e+02 -4.338837e+00
      vertex   -1.000000e+01 1.750000e+02 -1.500000e+01
    endloop
  endfacet
  facet normal 0.000000e+00 1.000000e+00 0.000000e+00
    outer loop
      vertex   -1.500000e+01 1.750000e+02 0.000000e+00
      vertex   -1.000000e+01 1.750000e+02 -1.500000e+01
      vertex   -1.500000e+01 1.750000e+02 -2.500000e+01
    endloop
  endfacet
  facet normal 0.000000e+00 1.000000e+00 0.000000e+00
    outer loop
      vertex   -1.500000e+01 1.750000e+02 -2.500000e+01
      vertex   -1.000000e+01 1.750000e+02 -1.500000e+01
      vertex   -1.000000e+01 1.750000e+02 -2.500000e+01
    endloop
  endfacet
  facet normal 0.000000e+00 1.000000e+00 0.000000e+00
    outer loop
      vertex   -9.009689e+00 1.750000e+02 -4.338837e+00
      vertex   -8.262388e+00 1.750000e+02 -5.633201e+00
      vertex   -1.000000e+01 1.750000e+02 -1.500000e+01
    endloop
  endfacet
  facet normal 0.000000e+00 1.000000e+00 0.000000e+00
    outer loop
      vertex   -1.000000e+01 1.750000e+02 -1.500000e+01
      vertex   -8.262388e+00 1.750000e+02 -5.633201e+00
      vertex   -7.330519e+00 1.750000e+02 -6.801727e+00
    endloop
  endfacet
  facet normal 0.000000e+00 1.000000e+00 0.000000e+00
    outer loop
      vertex   -1.000000e+01 1.750000e+02 -1.500000e+01
      vertex   -7.330519e+00 1.750000e+02 -6.801727e+00
      vertex   -6.234898e+00 1.750000e+02 -7.818315e+00
    endloop
  endfacet
  facet normal 0.000000e+00 1.000000e+00 0.000000e+00
    outer loop
      vertex   -5.000000e+00 1.750000e+02 -8.660254e+00
      vertex   -5.000000e+00 1.750000e+02 -1.500000e+01
      vertex   -6.234898e+00 1.750000e+02 -7.818315e+00
    endloop
  endfacet
  facet normal 0.000000e+00 1.000000e+00 0.000000e+00
    outer loop
      vertex   -6.234898e+00 1.750000e+02 -7.818315e+00
      vertex   -5.000000e+00 1.750000e+02 -1.500000e+01
      vertex   -1.000000e+01 1.750000e+02 -1.500000e+01
    endloop
  endfacet
  facet normal 0.000000e+00 1.000000e+00 0.000000e+00
    outer loop
      vertex   1.500000e+01 1.750000e+02 -2.500000e+01
      vertex   1.000000e+01 1.750000e+02 -2.500000e+01
      vertex   1.000000e+01 1.750000e+02 -1.500000e+01
    endloop
  endfacet
  facet normal 9.914449e-01 1.305262e-01 2.318611e-17
    outer loop
      vertex   -1.690370e+00 4.547067e+00 -2.000000e+01
      vertex   -1.690370e+00 4.547067e+00 -2.500000e+01
      vertex   -1.750000e+00 5.000000e+00 -2.000000e+01
    endloop
  endfacet
  facet normal 9.914449e-01 1.305262e-01 0.000000e+00
    outer loop
      vertex   -1.750000e+00 5.000000e+00 -2.000000e+01
      vertex   -1.690370e+00 4.547067e+00 -2.500000e+01
      vertex   -1.750000e+00 5.000000e+00 -2.500000e+01
    endloop
  endfacet
  facet normal 9.914449e-01 -1.305262e-01 0.000000e+00
    outer loop
      vertex   -1.750000e+00 5.000000e+00 -2.000000e+01
      vertex   -1.750000e+00 5.000000e+00 -2.500000e+01
      vertex   -1.690370e+00 5.452933e+00 -2.000000e+01
    endloop
  endfacet
  facet normal 9.914449e-01 -1.305262e-01 -2.084289e-17
    outer loop
      vertex   -1.690370e+00 5.452933e+00 -2.000000e+01
      vertex   -1.750000e+00 5.000000e+00 -2.500000e+01
      vertex   -1.690370e+00 5.452933e+00 -2.500000e+01
    endloop
  endfacet
  facet normal 9.238795e-01 -3.826834e-01 2.694974e-17
    outer loop
      vertex   -1.690370e+00 5.452933e+00 -2.000000e+01
      vertex   -1.690370e+00 5.452933e+00 -2.500000e+01
      vertex   -1.515544e+00 5.875000e+00 -2.000000e+01
    endloop
  endfacet
  facet normal 9.238795e-01 -3.826834e-01 1.359565e-16
    outer loop
      vertex   -1.515544e+00 5.875000e+00 -2.000000e+01
      vertex   -1.690370e+00 5.452933e+00 -2.500000e+01
      vertex   -1.515544e+00 5.875000e+00 -2.500000e+01
    endloop
  endfacet
  facet normal 7.933533e-01 -6.087614e-01 2.162755e-16
    outer loop
      vertex   -1.515544e+00 5.875000e+00 -2.000000e+01
      vertex   -1.515544e+00 5.875000e+00 -2.500000e+01
      vertex   -1.237437e+00 6.237437e+00 -2.000000e+01
    endloop
  endfacet
  facet normal 7.933533e-01 -6.087614e-01 -7.046393e-17
    outer loop
      vertex   -1.237437e+00 6.237437e+00 -2.000000e+01
      vertex   -1.515544e+00 5.875000e+00 -2.500000e+01
      vertex   -1.237437e+00 6.237437e+00 -2.500000e+01
    endloop
  endfacet
  facet normal 6.087614e-01 -7.933533e-01 -5.406888e-17
    outer loop
      vertex   -1.237437e+00 6.237437e+00 -2.000000e+01
      vertex   -1.237437e+00 6.237437e+00 -2.500000e+01
      vertex   -8.750000e-01 6.515544e+00 -2.000000e+01
    endloop
  endfacet
  facet normal 6.087614e-01 -7.933533e-01 -1.351722e-16
    outer loop
      vertex   -8.750000e-01 6.515544e+00 -2.000000e+01
      vertex   -1.237437e+00 6.237437e+00 -2.500000e+01
      vertex   -8.750000e-01 6.515544e+00 -2.500000e+01
    endloop
  endfacet
  facet normal 3.826834e-01 -9.238795e-01 -8.497279e-17
    outer loop
      vertex   -8.750000e-01 6.515544e+00 -2.000000e+01
      vertex   -8.750000e-01 6.515544e+00 -2.500000e+01
      vertex   -4.529333e-01 6.690370e+00 -2.000000e+01
    endloop
  endfacet
  facet normal 3.826834e-01 -9.238795e-01 -6.372959e-17
    outer loop
      vertex   -4.529333e-01 6.690370e+00 -2.000000e+01
      vertex   -8.750000e-01 6.515544e+00 -2.500000e+01
      vertex   -4.529333e-01 6.690370e+00 -2.500000e+01
    endloop
  endfacet
  facet normal 1.305262e-01 -9.914449e-01 -2.173698e-17
    outer loop
      vertex   -4.529333e-01 6.690370e+00 -2.000000e+01
      vertex   -4.529333e-01 6.690370e+00 -2.500000e+01
      vertex   3.214698e-16 6.750000e+00 -2.000000e+01
    endloop
  endfacet
  facet normal 1.305262e-01 -9.914449e-01 -1.118939e-17
    outer loop
      vertex   3.214698e-16 6.750000e+00 -2.000000e+01
      vertex   -4.529333e-01 6.690370e+00 -2.500000e+01
      vertex   -1.071566e-16 6.750000e+00 -2.500000e+01
    endloop
  endfacet
  facet normal -1.305262e-01 -9.914449e-01 1.118939e-17
    outer loop
      vertex   3.214698e-16 6.750000e+00 -2.000000e+01
      vertex   -1.071566e-16 6.750000e+00 -2.500000e+01
      vertex   4.529333e-01 6.690370e+00 -2.000000e+01
    endloop
  endfacet
  facet normal -1.305262e-01 -9.914449e-01 -3.218002e-16
    outer loop
      vertex   4.529333e-01 6.690370e+00 -2.000000e+01
      vertex   -1.071566e-16 6.750000e+00 -2.500000e+01
      vertex   4.529333e-01 6.690370e+00 -2.500000e+01
    endloop
  endfacet
  facet normal -3.826834e-01 -9.238795e-01 -2.390065e-16
    outer loop
      vertex   4.529333e-01 6.690370e+00 -2.000000e+01
      vertex   4.529333e-01 6.690370e+00 -2.500000e+01
      vertex   8.750000e-01 6.515544e+00 -2.000000e+01
    endloop
  endfacet
  facet normal -3.826834e-01 -9.238795e-01 -1.301249e-16
    outer loop
      vertex   8.750000e-01 6.515544e+00 -2.000000e+01
      vertex   4.529333e-01 6.690370e+00 -2.500000e+01
      vertex   8.750000e-01 6.515544e+00 -2.500000e+01
    endloop
  endfacet
  facet normal -6.087614e-01 -7.933533e-01 -8.685899e-17
    outer loop
      vertex   8.750000e-01 6.515544e+00 -2.000000e+01
      vertex   8.750000e-01 6.515544e+00 -2.500000e+01
      vertex   1.237437e+00 6.237437e+00 -2.000000e+01
    endloop
  endfacet
  facet normal -6.087614e-01 -7.933533e-01 8.110331e-17
    outer loop
      vertex   1.237437e+00 6.237437e+00 -2.000000e+01
      vertex   8.750000e-01 6.515544e+00 -2.500000e+01
      vertex   1.237437e+00 6.237437e+00 -2.500000e+01
    endloop
  endfacet
  facet normal -7.933533e-01 -6.087614e-01 1.056959e-16
    outer loop
      vertex   1.237437e+00 6.237437e+00 -2.000000e+01
      vertex   1.237437e+00 6.237437e+00 -2.500000e+01
      vertex   1.515544e+00 5.875000e+00 -2.000000e+01
    endloop
  endfacet
  facet normal -7.933533e-01 -6.087614e-01 -1.081378e-16
    outer loop
      vertex   1.515544e+00 5.875000e+00 -2.000000e+01
      vertex   1.237437e+00 6.237437e+00 -2.500000e+01
      vertex   1.515544e+00 5.875000e+00 -2.500000e+01
    endloop
  endfacet
  facet normal -9.238795e-01 -3.826834e-01 -6.797823e-17
    outer loop
      vertex   1.515544e+00 5.875000e+00 -2.000000e+01
      vertex   1.515544e+00 5.875000e+00 -2.500000e+01
      vertex   1.690370e+00 5.452933e+00 -2.000000e+01
    endloop
  endfacet
  facet normal -9.238795e-01 -3.826834e-01 -1.218777e-16
    outer loop
      vertex   1.690370e+00 5.452933e+00 -2.000000e+01
      vertex   1.515544e+00 5.875000e+00 -2.500000e+01
      vertex   1.690370e+00 5.452933e+00 -2.500000e+01
    endloop
  endfacet
  facet normal -9.914449e-01 -1.305262e-01 1.849966e-17
    outer loop
      vertex   1.690370e+00 5.452933e+00 -2.000000e+01
      vertex   1.690370e+00 5.452933e+00 -2.500000e+01
      vertex   1.750000e+00 5.000000e+00 -2.000000e+01
    endloop
  endfacet
  facet normal -9.914449e-01 -1.305262e-01 -0.000000e+00
    outer loop
      vertex   1.750000e+00 5.000000e+00 -2.000000e+01
      vertex   1.690370e+00 5.452933e+00 -2.500000e+01
      vertex   1.750000e+00 5.000000e+00 -2.500000e+01
    endloop
  endfacet
  facet normal -9.914449e-01 1.305262e-01 0.000000e+00
    outer loop
      vertex   1.750000e+00 5.000000e+00 -2.000000e+01
      vertex   1.750000e+00 5.000000e+00 -2.500000e+01
      vertex   1.690370e+00 4.547067e+00 -2.000000e+01
    endloop
  endfacet
  facet normal -9.914449e-01 1.305262e-01 2.084289e-17
    outer loop
      vertex   1.690370e+00 4.547067e+00 -2.000000e+01
      vertex   1.750000e+00 5.000000e+00 -2.500000e+01
      vertex   1.690370e+00 4.547067e+00 -2.500000e+01
    endloop
  endfacet
  facet normal -9.238795e-01 3.826834e-01 -2.694974e-17
    outer loop
      vertex   1.690370e+00 4.547067e+00 -2.000000e+01
      vertex   1.690370e+00 4.547067e+00 -2.500000e+01
      vertex   1.515544e+00 4.125000e+00 -2.000000e+01
    endloop
  endfacet
  facet normal -9.238795e-01 3.826834e-01 0.000000e+00
    outer loop
      vertex   1.515544e+00 4.125000e+00 -2.000000e+01
      vertex   1.690370e+00 4.547067e+00 -2.500000e+01
      vertex   1.515544e+00 4.125000e+00 -2.500000e+01
    endloop
  endfacet
  facet normal -7.933533e-01 6.087614e-01 0.000000e+00
    outer loop
      vertex   1.515544e+00 4.125000e+00 -2.000000e+01
      vertex   1.515544e+00 4.125000e+00 -2.500000e+01
      vertex   1.237437e+00 3.762563e+00 -2.000000e+01
    endloop
  endfacet
  facet normal -7.933533e-01 6.087614e-01 0.000000e+00
    outer loop
      vertex   1.237437e+00 3.762563e+00 -2.000000e+01
      vertex   1.515544e+00 4.125000e+00 -2.500000e+01
      vertex   1.237437e+00 3.762563e+00 -2.500000e+01
    endloop
  endfacet
  facet normal -6.087614e-01 7.933533e-01 0.000000e+00
    outer loop
      vertex   1.237437e+00 3.762563e+00 -2.000000e+01
      vertex   1.237437e+00 3.762563e+00 -2.500000e+01
      vertex   8.750000e-01 3.484456e+00 -2.000000e+01
    endloop
  endfacet
  facet normal -6.087614e-01 7.933533e-01 8.110331e-17
    outer loop
      vertex   8.750000e-01 3.484456e+00 -2.000000e+01
      vertex   1.237437e+00 3.762563e+00 -2.500000e+01
      vertex   8.750000e-01 3.484456e+00 -2.500000e+01
    endloop
  endfacet
  facet normal -3.826834e-01 9.238795e-01 5.098367e-17
    outer loop
      vertex   8.750000e-01 3.484456e+00 -2.000000e+01
      vertex   8.750000e-01 3.484456e+00 -2.500000e+01
      vertex   4.529333e-01 3.309630e+00 -2.000000e+01
    endloop
  endfacet
  facet normal -3.826834e-01 9.238795e-01 3.398912e-17
    outer loop
      vertex   4.529333e-01 3.309630e+00 -2.000000e+01
      vertex   8.750000e-01 3.484456e+00 -2.500000e+01
      vertex   4.529333e-01 3.309630e+00 -2.500000e+01
    endloop
  endfacet
  facet normal -1.305262e-01 9.914449e-01 1.159305e-17
    outer loop
      vertex   4.529333e-01 3.309630e+00 -2.000000e+01
      vertex   4.529333e-01 3.309630e+00 -2.500000e+01
      vertex   -1.071566e-16 3.250000e+00 -2.000000e+01
    endloop
  endfacet
  facet normal -1.305262e-01 9.914449e-01 0.000000e+00
    outer loop
      vertex   -1.071566e-16 3.250000e+00 -2.000000e+01
      vertex   4.529333e-01 3.309630e+00 -2.500000e+01
      vertex   -1.071566e-16 3.250000e+00 -2.500000e+01
    endloop
  endfacet
  facet normal 1.305262e-01 9.914449e-01 0.000000e+00
    outer loop
      vertex   -1.071566e-16 3.250000e+00 -2.000000e+01
      vertex   -1.071566e-16 3.250000e+00 -2.500000e+01
      vertex   -4.529333e-01 3.309630e+00 -2.000000e+01
    endloop
  endfacet
  facet normal 1.305262e-01 9.914449e-01 -1.883871e-17
    outer loop
      vertex   -4.529333e-01 3.309630e+00 -2.000000e+01
      vertex   -1.071566e-16 3.250000e+00 -2.500000e+01
      vertex   -4.529333e-01 3.309630e+00 -2.500000e+01
    endloop
  endfacet
  facet normal 3.826834e-01 9.238795e-01 -5.523231e-17
    outer loop
      vertex   -4.529333e-01 3.309630e+00 -2.000000e+01
      vertex   -4.529333e-01 3.309630e+00 -2.500000e+01
      vertex   -8.750000e-01 3.484456e+00 -2.000000e+01
    endloop
  endfacet
  facet normal 3.826834e-01 9.238795e-01 4.806787e-17
    outer loop
      vertex   -8.750000e-01 3.484456e+00 -2.000000e+01
      vertex   -4.529333e-01 3.309630e+00 -2.500000e+01
      vertex   -8.750000e-01 3.484456e+00 -2.500000e+01
    endloop
  endfacet
  facet normal 6.087614e-01 7.933533e-01 1.639506e-17
    outer loop
      vertex   -8.750000e-01 3.484456e+00 -2.000000e+01
      vertex   -8.750000e-01 3.484456e+00 -2.500000e+01
      vertex   -1.237437e+00 3.762563e+00 -2.000000e+01
    endloop
  endfacet
  facet normal 6.087614e-01 7.933533e-01 1.639506e-17
    outer loop
      vertex   -1.237437e+00 3.762563e+00 -2.000000e+01
      vertex   -8.750000e-01 3.484456e+00 -2.500000e+01
      vertex   -1.237437e+00 3.762563e+00 -2.500000e+01
    endloop
  endfacet
  facet normal 7.933533e-01 6.087614e-01 -1.639506e-17
    outer loop
      vertex   -1.237437e+00 3.762563e+00 -2.000000e+01
      vertex   -1.237437e+00 3.762563e+00 -2.500000e+01
      vertex   -1.515544e+00 4.125000e+00 -2.000000e+01
    endloop
  endfacet
  facet normal 7.933533e-01 6.087614e-01 0.000000e+00
    outer loop
      vertex   -1.515544e+00 4.125000e+00 -2.000000e+01
      vertex   -1.237437e+00 3.762563e+00 -2.500000e+01
      vertex   -1.515544e+00 4.125000e+00 -2.500000e+01
    endloop
  endfacet
  facet normal 9.238795e-01 3.826834e-01 0.000000e+00
    outer loop
      vertex   -1.515544e+00 4.125000e+00 -2.000000e+01
      vertex   -1.515544e+00 4.125000e+00 -2.500000e+01
      vertex   -1.690370e+00 4.547067e+00 -2.000000e+01
    endloop
  endfacet
  facet normal 9.238795e-01 3.826834e-01 6.797823e-17
    outer loop
      vertex   -1.690370e+00 4.547067e+00 -2.000000e+01
      vertex   -1.515544e+00 4.125000e+00 -2.500000e+01
      vertex   -1.690370e+00 4.547067e+00 -2.500000e+01
    endloop
  endfacet
  facet normal -9.914449e-01 -1.305262e-01 -6.252866e-17
    outer loop
      vertex   1.690370e+00 5.452933e+00 -3.000000e+01
      vertex   1.690370e+00 5.452933e+00 -3.500000e+01
      vertex   1.750000e+00 5.000000e+00 -3.000000e+01
    endloop
  endfacet
  facet normal -9.914449e-01 -1.305262e-01 -0.000000e+00
    outer loop
      vertex   1.750000e+00 5.000000e+00 -3.000000e+01
      vertex   1.690370e+00 5.452933e+00 -3.500000e+01
      vertex   1.750000e+00 5.000000e+00 -3.500000e+01
    endloop
  endfacet
  facet normal -9.914449e-01 1.305262e-01 0.000000e+00
    outer loop
      vertex   1.750000e+00 5.000000e+00 -3.000000e+01
      vertex   1.750000e+00 5.000000e+00 -3.500000e+01
      vertex   1.690370e+00 4.547067e+00 -3.000000e+01
    endloop
  endfacet
  facet normal -9.914449e-01 1.305262e-01 0.000000e+00
    outer loop
      vertex   1.690370e+00 4.547067e+00 -3.000000e+01
      vertex   1.750000e+00 5.000000e+00 -3.500000e+01
      vertex   1.690370e+00 4.547067e+00 -3.500000e+01
    endloop
  endfacet
  facet normal -9.238795e-01 3.826834e-01 0.000000e+00
    outer loop
      vertex   1.690370e+00 4.547067e+00 -3.000000e+01
      vertex   1.690370e+00 4.547067e+00 -3.500000e+01
      vertex   1.515544e+00 4.125000e+00 -3.000000e+01
    endloop
  endfacet
  facet normal -9.238795e-01 3.826834e-01 5.510725e-17
    outer loop
      vertex   1.515544e+00 4.125000e+00 -3.000000e+01
      vertex   1.690370e+00 4.547067e+00 -3.500000e+01
      vertex   1.515544e+00 4.125000e+00 -3.500000e+01
    endloop
  endfacet
  facet normal -7.933533e-01 6.087614e-01 -2.441855e-18
    outer loop
      vertex   1.515544e+00 4.125000e+00 -3.000000e+01
      vertex   1.515544e+00 4.125000e+00 -3.500000e+01
      vertex   1.237437e+00 3.762563e+00 -3.000000e+01
    endloop
  endfacet
  facet normal -7.933533e-01 6.087614e-01 0.000000e+00
    outer loop
      vertex   1.237437e+00 3.762563e+00 -3.000000e+01
      vertex   1.515544e+00 4.125000e+00 -3.500000e+01
      vertex   1.237437e+00 3.762563e+00 -3.500000e+01
    endloop
  endfacet
  facet normal -6.087614e-01 7.933533e-01 0.000000e+00
    outer loop
      vertex   1.237437e+00 3.762563e+00 -3.000000e+01
      vertex   1.237437e+00 3.762563e+00 -3.500000e+01
      vertex   8.750000e-01 3.484456e+00 -3.000000e+01
    endloop
  endfacet
  facet normal -6.087614e-01 7.933533e-01 2.415660e-17
    outer loop
      vertex   8.750000e-01 3.484456e+00 -3.000000e+01
      vertex   1.237437e+00 3.762563e+00 -3.500000e+01
      vertex   8.750000e-01 3.484456e+00 -3.500000e+01
    endloop
  endfacet
  facet normal -3.826834e-01 9.238795e-01 -2.257603e-17
    outer loop
      vertex   8.750000e-01 3.484456e+00 -3.000000e+01
      vertex   8.750000e-01 3.484456e+00 -3.500000e+01
      vertex   4.529333e-01 3.309630e+00 -3.000000e+01
    endloop
  endfacet
  facet normal -3.826834e-01 9.238795e-01 2.549184e-17
    outer loop
      vertex   4.529333e-01 3.309630e+00 -3.000000e+01
      vertex   8.750000e-01 3.484456e+00 -3.500000e+01
      vertex   4.529333e-01 3.309630e+00 -3.500000e+01
    endloop
  endfacet
  facet normal -1.305262e-01 9.914449e-01 8.694791e-18
    outer loop
      vertex   4.529333e-01 3.309630e+00 -3.000000e+01
      vertex   4.529333e-01 3.309630e+00 -3.500000e+01
      vertex   -1.071566e-16 3.250000e+00 -3.000000e+01
    endloop
  endfacet
  facet normal -1.305262e-01 9.914449e-01 0.000000e+00
    outer loop
      vertex   -1.071566e-16 3.250000e+00 -3.000000e+01
      vertex   4.529333e-01 3.309630e+00 -3.500000e+01
      vertex   -1.071566e-16 3.250000e+00 -3.500000e+01
    endloop
  endfacet
  facet normal 1.305262e-01 9.914449e-01 0.000000e+00
    outer loop
      vertex   -1.071566e-16 3.250000e+00 -3.000000e+01
      vertex   -1.071566e-16 3.250000e+00 -3.500000e+01
      vertex   -4.529333e-01 3.309630e+00 -3.000000e+01
    endloop
  endfacet
  facet normal 1.305262e-01 9.914449e-01 1.659721e-16
    outer loop
      vertex   -4.529333e-01 3.309630e+00 -3.000000e+01
      vertex   -1.071566e-16 3.250000e+00 -3.500000e+01
      vertex   -4.529333e-01 3.309630e+00 -3.500000e+01
    endloop
  endfacet
  facet normal 3.826834e-01 9.238795e-01 1.343735e-16
    outer loop
      vertex   -4.529333e-01 3.309630e+00 -3.000000e+01
      vertex   -4.529333e-01 3.309630e+00 -3.500000e+01
      vertex   -8.750000e-01 3.484456e+00 -3.000000e+01
    endloop
  endfacet
  facet normal 3.826834e-01 9.238795e-01 6.506243e-17
    outer loop
      vertex   -8.750000e-01 3.484456e+00 -3.000000e+01
      vertex   -4.529333e-01 3.309630e+00 -3.500000e+01
      vertex   -8.750000e-01 3.484456e+00 -3.500000e+01
    endloop
  endfacet
  facet normal 6.087614e-01 7.933533e-01 4.342949e-17
    outer loop
      vertex   -8.750000e-01 3.484456e+00 -3.000000e+01
      vertex   -8.750000e-01 3.484456e+00 -3.500000e+01
      vertex   -1.237437e+00 3.762563e+00 -3.000000e+01
    endloop
  endfacet
  facet normal 6.087614e-01 7.933533e-01 0.000000e+00
    outer loop
      vertex   -1.237437e+00 3.762563e+00 -3.000000e+01
      vertex   -8.750000e-01 3.484456e+00 -3.500000e+01
      vertex   -1.237437e+00 3.762563e+00 -3.500000e+01
    endloop
  endfacet
  facet normal 7.933533e-01 6.087614e-01 0.000000e+00
    outer loop
      vertex   -1.237437e+00 3.762563e+00 -3.000000e+01
      vertex   -1.237437e+00 3.762563e+00 -3.500000e+01
      vertex   -1.515544e+00 4.125000e+00 -3.000000e+01
    endloop
  endfacet
  facet normal 7.933533e-01 6.087614e-01 -1.056959e-16
    outer loop
      vertex   -1.515544e+00 4.125000e+00 -3.000000e+01
      vertex   -1.237437e+00 3.762563e+00 -3.500000e+01
      vertex   -1.515544e+00 4.125000e+00 -3.500000e+01
    endloop
  endfacet
  facet normal 9.238795e-01 3.826834e-01 -1.230855e-16
    outer loop
      vertex   -1.515544e+00 4.125000e+00 -3.000000e+01
      vertex   -1.515544e+00 4.125000e+00 -3.500000e+01
      vertex   -1.690370e+00 4.547067e+00 -3.000000e+01
    endloop
  endfacet
  facet normal 9.238795e-01 3.826834e-01 -8.205699e-17
    outer loop
      vertex   -1.690370e+00 4.547067e+00 -3.000000e+01
      vertex   -1.515544e+00 4.125000e+00 -3.500000e+01
      vertex   -1.690370e+00 4.547067e+00 -3.500000e+01
    endloop
  endfacet
  facet normal 9.914449e-01 1.305262e-01 -8.805799e-17
    outer loop
      vertex   -1.690370e+00 4.547067e+00 -3.000000e+01
      vertex   -1.690370e+00 4.547067e+00 -3.500000e+01
      vertex   -1.750000e+00 5.000000e+00 -3.000000e+01
    endloop
  endfacet
  facet normal 9.914449e-01 1.305262e-01 0.000000e+00
    outer loop
      vertex   -1.750000e+00 5.000000e+00 -3.000000e+01
      vertex   -1.690370e+00 4.547067e+00 -3.500000e+01
      vertex   -1.750000e+00 5.000000e+00 -3.500000e+01
    endloop
  endfacet
  facet normal 9.914449e-01 -1.305262e-01 0.000000e+00
    outer loop
      vertex   -1.750000e+00 5.000000e+00 -3.000000e+01
      vertex   -1.750000e+00 5.000000e+00 -3.500000e+01
      vertex   -1.690370e+00 5.452933e+00 -3.000000e+01
    endloop
  endfacet
  facet normal 9.914449e-01 -1.305262e-01 1.089009e-16
    outer loop
      vertex   -1.690370e+00 5.452933e+00 -3.000000e+01
      vertex   -1.750000e+00 5.000000e+00 -3.500000e+01
      vertex   -1.690370e+00 5.452933e+00 -3.500000e+01
    endloop
  endfacet
  facet normal 9.238795e-01 -3.826834e-01 5.510725e-17
    outer loop
      vertex   -1.690370e+00 5.452933e+00 -3.000000e+01
      vertex   -1.690370e+00 5.452933e+00 -3.500000e+01
      vertex   -1.515544e+00 5.875000e+00 -3.000000e+01
    endloop
  endfacet
  facet normal 9.238795e-01 -3.826834e-01 -1.287099e-17
    outer loop
      vertex   -1.515544e+00 5.875000e+00 -3.000000e+01
      vertex   -1.690370e+00 5.452933e+00 -3.500000e+01
      vertex   -1.515544e+00 5.875000e+00 -3.500000e+01
    endloop
  endfacet
  facet normal 7.933533e-01 -6.087614e-01 -1.105796e-16
    outer loop
      vertex   -1.515544e+00 5.875000e+00 -3.000000e+01
      vertex   -1.515544e+00 5.875000e+00 -3.500000e+01
      vertex   -1.237437e+00 6.237437e+00 -3.000000e+01
    endloop
  endfacet
  facet normal 7.933533e-01 -6.087614e-01 1.409279e-16
    outer loop
      vertex   -1.237437e+00 6.237437e+00 -3.000000e+01
      vertex   -1.515544e+00 5.875000e+00 -3.500000e+01
      vertex   -1.237437e+00 6.237437e+00 -3.500000e+01
    endloop
  endfacet
  facet normal 6.087614e-01 -7.933533e-01 1.081378e-16
    outer loop
      vertex   -1.237437e+00 6.237437e+00 -3.000000e+01
      vertex   -1.237437e+00 6.237437e+00 -3.500000e+01
      vertex   -8.750000e-01 6.515544e+00 -3.000000e+01
    endloop
  endfacet
  facet normal 6.087614e-01 -7.933533e-01 7.534764e-17
    outer loop
      vertex   -8.750000e-01 6.515544e+00 -3.000000e+01
      vertex   -1.237437e+00 6.237437e+00 -3.500000e+01
      vertex   -8.750000e-01 6.515544e+00 -3.500000e+01
    endloop
  endfacet
  facet normal 3.826834e-01 -9.238795e-01 -2.815751e-17
    outer loop
      vertex   -8.750000e-01 6.515544e+00 -3.000000e+01
      vertex   -8.750000e-01 6.515544e+00 -3.500000e+01
      vertex   -4.529333e-01 6.690370e+00 -3.000000e+01
    endloop
  endfacet
  facet normal 3.826834e-01 -9.238795e-01 -1.795256e-16
    outer loop
      vertex   -4.529333e-01 6.690370e+00 -3.000000e+01
      vertex   -8.750000e-01 6.515544e+00 -3.500000e+01
      vertex   -4.529333e-01 6.690370e+00 -3.500000e+01
    endloop
  endfacet
  facet normal 1.305262e-01 -9.914449e-01 -3.015124e-16
    outer loop
      vertex   -4.529333e-01 6.690370e+00 -3.000000e+01
      vertex   -4.529333e-01 6.690370e+00 -3.500000e+01
      vertex   -1.071566e-16 6.750000e+00 -3.000000e+01
    endloop
  endfacet
  facet normal 1.305262e-01 -9.914449e-01 1.118939e-17
    outer loop
      vertex   -1.071566e-16 6.750000e+00 -3.000000e+01
      vertex   -4.529333e-01 6.690370e+00 -3.500000e+01
      vertex   3.214698e-16 6.750000e+00 -3.500000e+01
    endloop
  endfacet
  facet normal -1.305262e-01 -9.914449e-01 -1.118939e-17
    outer loop
      vertex   -1.071566e-16 6.750000e+00 -3.000000e+01
      vertex   3.214698e-16 6.750000e+00 -3.500000e+01
      vertex   4.529333e-01 6.690370e+00 -3.000000e+01
    endloop
  endfacet
  facet normal -1.305262e-01 -9.914449e-01 3.015124e-16
    outer loop
      vertex   4.529333e-01 6.690370e+00 -3.000000e+01
      vertex   3.214698e-16 6.750000e+00 -3.500000e+01
      vertex   4.529333e-01 6.690370e+00 -3.500000e+01
    endloop
  endfacet
  facet normal -3.826834e-01 -9.238795e-01 1.795256e-16
    outer loop
      vertex   4.529333e-01 6.690370e+00 -3.000000e+01
      vertex   4.529333e-01 6.690370e+00 -3.500000e+01
      vertex   8.750000e-01 6.515544e+00 -3.000000e+01
    endloop
  endfacet
  facet normal -3.826834e-01 -9.238795e-01 1.966023e-17
    outer loop
      vertex   8.750000e-01 6.515544e+00 -3.000000e+01
      vertex   4.529333e-01 6.690370e+00 -3.500000e+01
      vertex   8.750000e-01 6.515544e+00 -3.500000e+01
    endloop
  endfacet
  facet normal -6.087614e-01 -7.933533e-01 -8.886486e-17
    outer loop
      vertex   8.750000e-01 6.515544e+00 -3.000000e+01
      vertex   8.750000e-01 6.515544e+00 -3.500000e+01
      vertex   1.237437e+00 6.237437e+00 -3.000000e+01
    endloop
  endfacet
  facet normal -6.087614e-01 -7.933533e-01 -8.110331e-17
    outer loop
      vertex   1.237437e+00 6.237437e+00 -3.000000e+01
      vertex   8.750000e-01 6.515544e+00 -3.500000e+01
      vertex   1.237437e+00 6.237437e+00 -3.500000e+01
    endloop
  endfacet
  facet normal -7.933533e-01 -6.087614e-01 -1.056959e-16
    outer loop
      vertex   1.237437e+00 6.237437e+00 -3.000000e+01
      vertex   1.237437e+00 6.237437e+00 -3.500000e+01
      vertex   1.515544e+00 5.875000e+00 -3.000000e+01
    endloop
  endfacet
  facet normal -7.933533e-01 -6.087614e-01 2.441855e-18
    outer loop
      vertex   1.515544e+00 5.875000e+00 -3.000000e+01
      vertex   1.237437e+00 6.237437e+00 -3.500000e+01
      vertex   1.515544e+00 5.875000e+00 -3.500000e+01
    endloop
  endfacet
  facet normal -9.238795e-01 -3.826834e-01 -5.510725e-17
    outer loop
      vertex   1.515544e+00 5.875000e+00 -3.000000e+01
      vertex   1.515544e+00 5.875000e+00 -3.500000e+01
      vertex   1.690370e+00 5.452933e+00 -3.000000e+01
    endloop
  endfacet
  facet normal -9.238795e-01 -3.826834e-01 8.084922e-17
    outer loop
      vertex   1.690370e+00 5.452933e+00 -3.000000e+01
      vertex   1.515544e+00 5.875000e+00 -3.500000e+01
      vertex   1.690370e+00 5.452933e+00 -3.500000e+01
    endloop
  endfacet
  facet normal 0.000000e+00 -0.000000e+00 -1.000000e+00
    outer loop
      vertex   -1.690370e+00 5.452933e+00 -2.000000e+01
      vertex   1.690370e+00 5.452933e+00 -2.000000e+01
      vertex   -1.750000e+00 5.000000e+00 -2.000000e+01
    endloop
  endfacet
  facet normal 0.000000e+00 0.000000e+00 -1.000000e+00
    outer loop
      vertex   -1.750000e+00 5.000000e+00 -2.000000e+01
      vertex   1.690370e+00 5.452933e+00 -2.000000e+01
      vertex   1.750000e+00 5.000000e+00 -2.000000e+01
    endloop
  endfacet
  facet normal 0.000000e+00 0.000000e+00 -1.000000e+00
    outer loop
      vertex   -1.750000e+00 5.000000e+00 -2.000000e+01
      vertex   1.750000e+00 5.000000e+00 -2.000000e+01
      vertex   -1.690370e+00 4.547067e+00 -2.000000e+01
    endloop
  endfacet
  facet normal 0.000000e+00 0.000000e+00 -1.000000e+00
    outer loop
      vertex   -1.690370e+00 4.547067e+00 -2.000000e+01
      vertex   1.750000e+00 5.000000e+00 -2.000000e+01
      vertex   1.690370e+00 4.547067e+00 -2.000000e+01
    endloop
  endfacet
  facet normal 0.000000e+00 0.000000e+00 -1.000000e+00
    outer loop
      vertex   -1.690370e+00 4.547067e+00 -2.000000e+01
      vertex   1.690370e+00 4.547067e+00 -2.000000e+01
      vertex   -1.515544e+00 4.125000e+00 -2.000000e+01
    endloop
  endfacet
  facet normal 0.000000e+00 0.000000e+00 -1.000000e+00
    outer loop
      vertex   -1.515544e+00 4.125000e+00 -2.000000e+01
      vertex   1.690370e+00 4.547067e+00 -2.000000e+01
      vertex   1.515544e+00 4.125000e+00 -2.000000e+01
    endloop
  endfacet
  facet normal 0.000000e+00 0.000000e+00 -1.000000e+00
    outer loop
      vertex   -1.515544e+00 4.125000e+00 -2.000000e+01
      vertex   1.515544e+00 4.125000e+00 -2.000000e+01
      vertex   -1.237437e+00 3.762563e+00 -2.000000e+01
    endloop
  endfacet
  facet normal 0.000000e+00 0.000000e+00 -1.000000e+00
    outer loop
      vertex   -1.237437e+00 3.762563e+00 -2.000000e+01
      vertex   1.515544e+00 4.125000e+00 -2.000000e+01
      vertex   1.237437e+00 3.762563e+00 -2.000000e+01
    endloop
  endfacet
  facet normal 0.000000e+00 0.000000e+00 -1.000000e+00
    outer loop
      vertex   -1.237437e+00 3.762563e+00 -2.000000e+01
      vertex   1.237437e+00 3.762563e+00 -2.000000e+01
      vertex   -8.750000e-01 3.484456e+00 -2.000000e+01
    endloop
  endfacet
  facet normal 0.000000e+00 0.000000e+00 -1.000000e+00
    outer loop
      vertex   -8.750000e-01 3.484456e+00 -2.000000e+01
      vertex   1.237437e+00 3.762563e+00 -2.000000e+01
      vertex   8.750000e-01 3.484456e+00 -2.000000e+01
    endloop
  endfacet
  facet normal 0.000000e+00 0.000000e+00 -1.000000e+00
    outer loop
      vertex   -8.750000e-01 3.484456e+00 -2.000000e+01
      vertex   8.750000e-01 3.484456e+00 -2.000000e+01
      vertex   -4.529333e-01 3.309630e+00 -2.000000e+01
    endloop
  endfacet
  facet normal 0.000000e+00 0.000000e+00 -1.000000e+00
    outer loop
      vertex   -4.529333e-01 3.309630e+00 -2.000000e+01
      vertex   8.750000e-01 3.484456e+00 -2.000000e+01
      vertex   4.529333e-01 3.309630e+00 -2.000000e+01
    endloop
  endfacet
  facet normal 0.000000e+00 0.000000e+00 -1.000000e+00
    outer loop
      vertex   -4.529333e-01 3.309630e+00 -2.000000e+01
      vertex   4.529333e-01 3.309630e+00 -2.000000e+01
      vertex   -1.071566e-16 3.250000e+00 -2.000000e+01
    endloop
  endfacet
  facet normal 0.000000e+00 0.000000e+00 -1.000000e+00
    outer loop
      vertex   1.690370e+00 5.452933e+00 -2.000000e+01
      vertex   -1.690370e+00 5.452933e+00 -2.000000e+01
      vertex   1.515544e+00 5.875000e+00 -2.000000e+01
    endloop
  endfacet
  facet normal -0.000000e+00 0.000000e+00 -1.000000e+00
    outer loop
      vertex   1.515544e+00 5.875000e+00 -2.000000e+01
      vertex   -1.690370e+00 5.452933e+00 -2.000000e+01
      vertex   -1.515544e+00 5.875000e+00 -2.000000e+01
    endloop
  endfacet
  facet normal 0.000000e+00 0.000000e+00 -1.000000e+00
    outer loop
      vertex   1.515544e+00 5.875000e+00 -2.000000e+01
      vertex   -1.515544e+00 5.875000e+00 -2.000000e+01
      vertex   1.237437e+00 6.237437e+00 -2.000000e+01
    endloop
  endfacet
  facet normal -0.000000e+00 0.000000e+00 -1.000000e+00
    outer loop
      vertex   1.237437e+00 6.237437e+00 -2.000000e+01
      vertex   -1.515544e+00 5.875000e+00 -2.000000e+01
      vertex   -1.237437e+00 6.237437e+00 -2.000000e+01
    endloop
  endfacet
  facet normal 0.000000e+00 0.000000e+00 -1.000000e+00
    outer loop
      vertex   1.237437e+00 6.237437e+00 -2.000000e+01
      vertex   -1.237437e+00 6.237437e+00 -2.000000e+01
      vertex   8.750000e-01 6.515544e+00 -2.000000e+01
    endloop
  endfacet
  facet normal -0.000000e+00 0.000000e+00 -1.000000e+00
    outer loop
      vertex   8.750000e-01 6.515544e+00 -2.000000e+01
      vertex   -1.237437e+00 6.237437e+00 -2.000000e+01
      vertex   -8.750000e-01 6.515544e+00 -2.000000e+01
    endloop
  endfacet
  facet normal 0.000000e+00 0.000000e+00 -1.000000e+00
    outer loop
      vertex   8.750000e-01 6.515544e+00 -2.000000e+01
      vertex   -8.750000e-01 6.515544e+00 -2.000000e+01
      vertex   4.529333e-01 6.690370e+00 -2.000000e+01
    endloop
  endfacet
  facet normal -0.000000e+00 0.000000e+00 -1.000000e+00
    outer loop
      vertex   4.529333e-01 6.690370e+00 -2.000000e+01
      vertex   -8.750000e-01 6.515544e+00 -2.000000e+01
      vertex   -4.529333e-01 6.690370e+00 -2.000000e+01
    endloop
  endfacet
  facet normal 0.000000e+00 0.000000e+00 -1.000000e+00
    outer loop
      vertex   4.529333e-01 6.690370e+00 -2.000000e+01
      vertex   -4.529333e-01 6.690370e+00 -2.000000e+01
      vertex   3.214698e-16 6.750000e+00 -2.000000e+01
    endloop
  endfacet
  facet normal 0.000000e+00 8.494206e-01 -5.277165e-01
    outer loop
      vertex   -5.000000e+00 2.138197e+01 -3.223607e+01
      vertex   5.000000e+00 2.138197e+01 -3.223607e+01
      vertex   -5.000000e+00 2.089577e+01 -3.301865e+01
    endloop
  endfacet
  facet normal 0.000000e+00 8.494206e-01 -5.277165e-01
    outer loop
      vertex   -5.000000e+00 2.089577e+01 -3.301865e+01
      vertex   5.000000e+00 2.138197e+01 -3.223607e+01
      vertex   5.000000e+00 2.089577e+01 -3.301865e+01
    endloop
  endfacet
  facet normal 0.000000e+00 7.381753e-01 -6.746089e-01
    outer loop
      vertex   -5.000000e+00 2.089577e+01 -3.301865e+01
      vertex   5.000000e+00 2.089577e+01 -3.301865e+01
      vertex   -5.000000e+00 2.027424e+01 -3.369874e+01
    endloop
  endfacet
  facet normal 0.000000e+00 7.381753e-01 -6.746089e-01
    outer loop
      vertex   -5.000000e+00 2.027424e+01 -3.369874e+01
      vertex   5.000000e+00 2.089577e+01 -3.301865e+01
      vertex   5.000000e+00 2.027424e+01 -3.369874e+01
    endloop
  endfacet
  facet normal 0.000000e+00 6.018669e-01 -7.985964e-01
    outer loop
      vertex   -5.000000e+00 2.027424e+01 -3.369874e+01
      vertex   5.000000e+00 2.027424e+01 -3.369874e+01
      vertex   -5.000000e+00 1.953849e+01 -3.425325e+01
    endloop
  endfacet
  facet normal 0.000000e+00 6.018669e-01 -7.985964e-01
    outer loop
      vertex   -5.000000e+00 1.953849e+01 -3.425325e+01
      vertex   5.000000e+00 2.027424e+01 -3.369874e+01
      vertex   5.000000e+00 1.953849e+01 -3.425325e+01
    endloop
  endfacet
  facet normal 0.000000e+00 4.451233e-01 -8.954693e-01
    outer loop
      vertex   -5.000000e+00 1.953849e+01 -3.425325e+01
      vertex   5.000000e+00 1.953849e+01 -3.425325e+01
      vertex   -5.000000e+00 1.871348e+01 -3.466335e+01
    endloop
  endfacet
  facet normal 0.000000e+00 4.451233e-01 -8.954693e-01
    outer loop
      vertex   -5.000000e+00 1.871348e+01 -3.466335e+01
      vertex   5.000000e+00 1.953849e+01 -3.425325e+01
      vertex   5.000000e+00 1.871348e+01 -3.466335e+01
    endloop
  endfacet
  facet normal 0.000000e+00 2.732665e-01 -9.619384e-01
    outer loop
      vertex   -5.000000e+00 1.871348e+01 -3.466335e+01
      vertex   5.000000e+00 1.871348e+01 -3.466335e+01
      vertex   -5.000000e+00 1.782723e+01 -3.491512e+01
    endloop
  endfacet
  facet normal 0.000000e+00 2.732665e-01 -9.619384e-01
    outer loop
      vertex   -5.000000e+00 1.782723e+01 -3.491512e+01
      vertex   5.000000e+00 1.871348e+01 -3.466335e+01
      vertex   5.000000e+00 1.782723e+01 -3.491512e+01
    endloop
  endfacet
  facet normal 0.000000e+00 9.213155e-02 -9.957468e-01
    outer loop
      vertex   -5.000000e+00 1.782723e+01 -3.491512e+01
      vertex   5.000000e+00 1.782723e+01 -3.491512e+01
      vertex   -5.000000e+00 1.690983e+01 -3.500000e+01
    endloop
  endfacet
  facet normal 0.000000e+00 9.213155e-02 -9.957468e-01
    outer loop
      vertex   -5.000000e+00 1.690983e+01 -3.500000e+01
      vertex   5.000000e+00 1.782723e+01 -3.491512e+01
      vertex   5.000000e+00 1.690983e+01 -3.500000e+01
    endloop
  endfacet
  facet normal 0.000000e+00 8.944272e-01 -4.472136e-01
    outer loop
      vertex   -5.000000e+00 2.138197e+01 -3.223607e+01
      vertex   -5.000000e+00 2.500000e+01 -2.500000e+01
      vertex   5.000000e+00 2.138197e+01 -3.223607e+01
    endloop
  endfacet
  facet normal 0.000000e+00 8.944272e-01 -4.472136e-01
    outer loop
      vertex   5.000000e+00 2.138197e+01 -3.223607e+01
      vertex   -5.000000e+00 2.500000e+01 -2.500000e+01
      vertex   5.000000e+00 2.500000e+01 -2.500000e+01
    endloop
  endfacet
  facet normal -1.000000e+00 0.000000e+00 0.000000e+00
    outer loop
      vertex   -5.000000e+00 2.500000e+01 -2.500000e+01
      vertex   -5.000000e+00 2.138197e+01 -3.223607e+01
      vertex   -5.000000e+00 1.500000e+01 -3.000000e+01
    endloop
  endfacet
  facet normal -1.000000e+00 0.000000e+00 0.000000e+00
    outer loop
      vertex   -5.000000e+00 1.500000e+01 -3.000000e+01
      vertex   -5.000000e+00 2.138197e+01 -3.223607e+01
      vertex   -5.000000e+00 2.089577e+01 -3.301865e+01
    endloop
  endfacet
  facet normal -1.000000e+00 0.000000e+00 0.000000e+00
    outer loop
      vertex   -5.000000e+00 1.500000e+01 -3.000000e+01
      vertex   -5.000000e+00 2.089577e+01 -3.301865e+01
      vertex   -5.000000e+00 2.027424e+01 -3.369874e+01
    endloop
  endfacet
  facet normal -1.000000e+00 0.000000e+00 0.000000e+00
    outer loop
      vertex   -5.000000e+00 1.500000e+01 -3.000000e+01
      vertex   -5.000000e+00 2.027424e+01 -3.369874e+01
      vertex   -5.000000e+00 1.690983e+01 -3.500000e+01
    endloop
  endfacet
  facet normal -1.000000e+00 0.000000e+00 0.000000e+00
    outer loop
      vertex   -5.000000e+00 1.690983e+01 -3.500000e+01
      vertex   -5.000000e+00 2.027424e+01 -3.369874e+01
      vertex   -5.000000e+00 1.953849e+01 -3.425325e+01
    endloop
  endfacet
  facet normal -1.000000e+00 0.000000e+00 0.000000e+00
    outer loop
      vertex   -5.000000e+00 1.690983e+01 -3.500000e+01
      vertex   -5.000000e+00 1.953849e+01 -3.425325e+01
      vertex   -5.000000e+00 1.871348e+01 -3.466335e+01
    endloop
  endfacet
  facet normal -1.000000e+00 0.000000e+00 0.000000e+00
    outer loop
      vertex   -5.000000e+00 1.871348e+01 -3.466335e+01
      vertex   -5.000000e+00 1.782723e+01 -3.491512e+01
      vertex   -5.000000e+00 1.690983e+01 -3.500000e+01
    endloop
  endfacet
  facet normal -1.000000e+00 0.000000e+00 0.000000e+00
    outer loop
      vertex   -5.000000e+00 1.690983e+01 -3.500000e+01
      vertex   -5.000000e+00 0.000000e+00 -3.500000e+01
      vertex   -5.000000e+00 1.500000e+01 -3.000000e+01
    endloop
  endfacet
  facet normal -1.000000e+00 -0.000000e+00 0.000000e+00
    outer loop
      vertex   -5.000000e+00 1.500000e+01 -3.000000e+01
      vertex   -5.000000e+00 0.000000e+00 -3.500000e+01
      vertex   -5.000000e+00 0.000000e+00 -3.000000e+01
    endloop
  endfacet
  facet normal -1.000000e+00 0.000000e+00 0.000000e+00
    outer loop
      vertex   -5.000000e+00 1.500000e+01 -3.000000e+01
      vertex   -5.000000e+00 1.500000e+01 -2.500000e+01
      vertex   -5.000000e+00 2.500000e+01 -2.500000e+01
    endloop
  endfacet
  facet normal -9.945219e-01 -1.045285e-01 -0.000000e+00
    outer loop
      vertex   -5.000000e+00 1.500000e+01 -2.500000e+01
      vertex   -5.000000e+00 1.500000e+01 -3.000000e+01
      vertex   -4.890738e+00 1.396044e+01 -2.500000e+01
    endloop
  endfacet
  facet normal -9.945219e-01 -1.045285e-01 -0.000000e+00
    outer loop
      vertex   -4.890738e+00 1.396044e+01 -2.500000e+01
      vertex   -5.000000e+00 1.500000e+01 -3.000000e+01
      vertex   -4.890738e+00 1.396044e+01 -3.000000e+01
    endloop
  endfacet
  facet normal -9.510565e-01 -3.090170e-01 -0.000000e+00
    outer loop
      vertex   -4.890738e+00 1.396044e+01 -2.500000e+01
      vertex   -4.890738e+00 1.396044e+01 -3.000000e+01
      vertex   -4.567727e+00 1.296632e+01 -2.500000e+01
    endloop
  endfacet
  facet normal -9.510565e-01 -3.090170e-01 -2.195698e-16
    outer loop
      vertex   -4.567727e+00 1.296632e+01 -2.500000e+01
      vertex   -4.890738e+00 1.396044e+01 -3.000000e+01
      vertex   -4.567727e+00 1.296632e+01 -3.000000e+01
    endloop
  endfacet
  facet normal -8.660254e-01 -5.000000e-01 -3.552714e-16
    outer loop
      vertex   -4.567727e+00 1.296632e+01 -2.500000e+01
      vertex   -4.567727e+00 1.296632e+01 -3.000000e+01
      vertex   -4.045085e+00 1.206107e+01 -2.500000e+01
    endloop
  endfacet
  facet normal -8.660254e-01 -5.000000e-01 -0.000000e+00
    outer loop
      vertex   -4.045085e+00 1.206107e+01 -2.500000e+01
      vertex   -4.567727e+00 1.296632e+01 -3.000000e+01
      vertex   -4.045085e+00 1.206107e+01 -3.000000e+01
    endloop
  endfacet
  facet normal -7.431448e-01 -6.691306e-01 -0.000000e+00
    outer loop
      vertex   -4.045085e+00 1.206107e+01 -2.500000e+01
      vertex   -4.045085e+00 1.206107e+01 -3.000000e+01
      vertex   -3.345653e+00 1.128428e+01 -2.500000e+01
    endloop
  endfacet
  facet normal -7.431448e-01 -6.691306e-01 -3.970939e-17
    outer loop
      vertex   -3.345653e+00 1.128428e+01 -2.500000e+01
      vertex   -4.045085e+00 1.206107e+01 -3.000000e+01
      vertex   -3.345653e+00 1.128428e+01 -3.000000e+01
    endloop
  endfacet
  facet normal -5.877853e-01 -8.090170e-01 -1.308031e-16
    outer loop
      vertex   -3.345653e+00 1.128428e+01 -2.500000e+01
      vertex   -3.345653e+00 1.128428e+01 -3.000000e+01
      vertex   -2.500000e+00 1.066987e+01 -2.500000e+01
    endloop
  endfacet
  facet normal -5.877853e-01 -8.090170e-01 -4.704295e-16
    outer loop
      vertex   -2.500000e+00 1.066987e+01 -2.500000e+01
      vertex   -3.345653e+00 1.128428e+01 -3.000000e+01
      vertex   -2.500000e+00 1.066987e+01 -3.000000e+01
    endloop
  endfacet
  facet normal -4.067366e-01 -9.135455e-01 -5.768621e-16
    outer loop
      vertex   -2.500000e+00 1.066987e+01 -2.500000e+01
      vertex   -2.500000e+00 1.066987e+01 -3.000000e+01
      vertex   -1.545085e+00 1.024472e+01 -2.500000e+01
    endloop
  endfacet
  facet normal -4.067366e-01 -9.135455e-01 1.806274e-17
    outer loop
      vertex   -1.545085e+00 1.024472e+01 -2.500000e+01
      vertex   -2.500000e+00 1.066987e+01 -3.000000e+01
      vertex   -1.545085e+00 1.024472e+01 -3.000000e+01
    endloop
  endfacet
  facet normal -2.079117e-01 -9.781476e-01 9.233134e-18
    outer loop
      vertex   -1.545085e+00 1.024472e+01 -2.500000e+01
      vertex   -1.545085e+00 1.024472e+01 -3.000000e+01
      vertex   -5.226423e-01 1.002739e+01 -2.500000e+01
    endloop
  endfacet
  facet normal -2.079117e-01 -9.781476e-01 6.001537e-17
    outer loop
      vertex   -5.226423e-01 1.002739e+01 -2.500000e+01
      vertex   -1.545085e+00 1.024472e+01 -3.000000e+01
      vertex   -5.226423e-01 1.002739e+01 -3.000000e+01
    endloop
  endfacet
  facet normal 0.000000e+00 -1.000000e+00 -0.000000e+00
    outer loop
      vertex   -5.226423e-01 1.002739e+01 -2.500000e+01
      vertex   -5.226423e-01 1.002739e+01 -3.000000e+01
      vertex   5.226423e-01 1.002739e+01 -2.500000e+01
    endloop
  endfacet
  facet normal 0.000000e+00 -1.000000e+00 0.000000e+00
    outer loop
      vertex   5.226423e-01 1.002739e+01 -2.500000e+01
      vertex   -5.226423e-01 1.002739e+01 -3.000000e+01
      vertex   5.226423e-01 1.002739e+01 -3.000000e+01
    endloop
  endfacet
  facet normal 2.079117e-01 -9.781476e-01 -6.001537e-17
    outer loop
      vertex   5.226423e-01 1.002739e+01 -2.500000e+01
      vertex   5.226423e-01 1.002739e+01 -3.000000e+01
      vertex   1.545085e+00 1.024472e+01 -2.500000e+01
    endloop
  endfacet
  facet normal 2.079117e-01 -9.781476e-01 -9.233134e-18
    outer loop
      vertex   1.545085e+00 1.024472e+01 -2.500000e+01
      vertex   5.226423e-01 1.002739e+01 -3.000000e+01
      vertex   1.545085e+00 1.024472e+01 -3.000000e+01
    endloop
  endfacet
  facet normal 4.067366e-01 -9.135455e-01 -1.806274e-17
    outer loop
      vertex   1.545085e+00 1.024472e+01 -2.500000e+01
      vertex   1.545085e+00 1.024472e+01 -3.000000e+01
      vertex   2.500000e+00 1.066987e+01 -2.500000e+01
    endloop
  endfacet
  facet normal 4.067366e-01 -9.135455e-01 5.768621e-16
    outer loop
      vertex   2.500000e+00 1.066987e+01 -2.500000e+01
      vertex   1.545085e+00 1.024472e+01 -3.000000e+01
      vertex   2.500000e+00 1.066987e+01 -3.000000e+01
    endloop
  endfacet
  facet normal 5.877853e-01 -8.090170e-01 4.704295e-16
    outer loop
      vertex   2.500000e+00 1.066987e+01 -2.500000e+01
      vertex   2.500000e+00 1.066987e+01 -3.000000e+01
      vertex   3.345653e+00 1.128428e+01 -2.500000e+01
    endloop
  endfacet
  facet normal 5.877853e-01 -8.090170e-01 1.308031e-16
    outer loop
      vertex   3.345653e+00 1.128428e+01 -2.500000e+01
      vertex   2.500000e+00 1.066987e+01 -3.000000e+01
      vertex   3.345653e+00 1.128428e+01 -3.000000e+01
    endloop
  endfacet
  facet normal 7.431448e-01 -6.691306e-01 3.970939e-17
    outer loop
      vertex   3.345653e+00 1.128428e+01 -2.500000e+01
      vertex   3.345653e+00 1.128428e+01 -3.000000e+01
      vertex   4.045085e+00 1.206107e+01 -2.500000e+01
    endloop
  endfacet
  facet normal 7.431448e-01 -6.691306e-01 0.000000e+00
    outer loop
      vertex   4.045085e+00 1.206107e+01 -2.500000e+01
      vertex   3.345653e+00 1.128428e+01 -3.000000e+01
      vertex   4.045085e+00 1.206107e+01 -3.000000e+01
    endloop
  endfacet
  facet normal 8.660254e-01 -5.000000e-01 0.000000e+00
    outer loop
      vertex   4.045085e+00 1.206107e+01 -2.500000e+01
      vertex   4.045085e+00 1.206107e+01 -3.000000e+01
      vertex   4.567727e+00 1.296632e+01 -2.500000e+01
    endloop
  endfacet
  facet normal 8.660254e-01 -5.000000e-01 3.552714e-16
    outer loop
      vertex   4.567727e+00 1.296632e+01 -2.500000e+01
      vertex   4.045085e+00 1.206107e+01 -3.000000e+01
      vertex   4.567727e+00 1.296632e+01 -3.000000e+01
    endloop
  endfacet
  facet normal 9.510565e-01 -3.090170e-01 2.195698e-16
    outer loop
      vertex   4.567727e+00 1.296632e+01 -2.500000e+01
      vertex   4.567727e+00 1.296632e+01 -3.000000e+01
      vertex   4.890738e+00 1.396044e+01 -2.500000e+01
    endloop
  endfacet
  facet normal 9.510565e-01 -3.090170e-01 0.000000e+00
    outer loop
      vertex   4.890738e+00 1.396044e+01 -2.500000e+01
      vertex   4.567727e+00 1.296632e+01 -3.000000e+01
      vertex   4.890738e+00 1.396044e+01 -3.000000e+01
    endloop
  endfacet
  facet normal 9.945219e-01 -1.045285e-01 0.000000e+00
    outer loop
      vertex   4.890738e+00 1.396044e+01 -2.500000e+01
      vertex   4.890738e+00 1.396044e+01 -3.000000e+01
      vertex   5.000000e+00 1.500000e+01 -2.500000e+01
    endloop
  endfacet
  facet normal 9.945219e-01 -1.045285e-01 0.000000e+00
    outer loop
      vertex   5.000000e+00 1.500000e+01 -2.500000e+01
      vertex   4.890738e+00 1.396044e+01 -3.000000e+01
      vertex   5.000000e+00 1.500000e+01 -3.000000e+01
    endloop
  endfacet
  facet normal 1.000000e+00 0.000000e+00 -0.000000e+00
    outer loop
      vertex   5.000000e+00 1.782723e+01 -3.491512e+01
      vertex   5.000000e+00 1.871348e+01 -3.466335e+01
      vertex   5.000000e+00 1.690983e+01 -3.500000e+01
    endloop
  endfacet
  facet normal 1.000000e+00 0.000000e+00 0.000000e+00
    outer loop
      vertex   5.000000e+00 1.690983e+01 -3.500000e+01
      vertex   5.000000e+00 1.871348e+01 -3.466335e+01
      vertex   5.000000e+00 1.953849e+01 -3.425325e+01
    endloop
  endfacet
  facet normal 1.000000e+00 0.000000e+00 0.000000e+00
    outer loop
      vertex   5.000000e+00 1.690983e+01 -3.500000e+01
      vertex   5.000000e+00 1.953849e+01 -3.425325e+01
      vertex   5.000000e+00 2.027424e+01 -3.369874e+01
    endloop
  endfacet
  facet normal 1.000000e+00 0.000000e+00 -0.000000e+00
    outer loop
      vertex   5.000000e+00 1.690983e+01 -3.500000e+01
      vertex   5.000000e+00 2.027424e+01 -3.369874e+01
      vertex   5.000000e+00 1.500000e+01 -3.000000e+01
    endloop
  endfacet
  facet normal 1.000000e+00 0.000000e+00 0.000000e+00
    outer loop
      vertex   5.000000e+00 1.500000e+01 -3.000000e+01
      vertex   5.000000e+00 2.027424e+01 -3.369874e+01
      vertex   5.000000e+00 2.089577e+01 -3.301865e+01
    endloop
  endfacet
  facet normal 1.000000e+00 0.000000e+00 0.000000e+00
    outer loop
      vertex   5.000000e+00 1.500000e+01 -3.000000e+01
      vertex   5.000000e+00 2.089577e+01 -3.301865e+01
      vertex   5.000000e+00 2.138197e+01 -3.223607e+01
    endloop
  endfacet
  facet normal 1.000000e+00 0.000000e+00 -0.000000e+00
    outer loop
      vertex   5.000000e+00 2.138197e+01 -3.223607e+01
      vertex   5.000000e+00 2.500000e+01 -2.500000e+01
      vertex   5.000000e+00 1.500000e+01 -3.000000e+01
    endloop
  endfacet
  facet normal 1.000000e+00 0.000000e+00 0.000000e+00
    outer loop
      vertex   5.000000e+00 1.500000e+01 -3.000000e+01
      vertex   5.000000e+00 2.500000e+01 -2.500000e+01
      vertex   5.000000e+00 1.500000e+01 -2.500000e+01
    endloop
  endfacet
  facet normal 1.000000e+00 -0.000000e+00 0.000000e+00
    outer loop
      vertex   5.000000e+00 0.000000e+00 -3.000000e+01
      vertex   5.000000e+00 0.000000e+00 -3.500000e+01
      vertex   5.000000e+00 1.500000e+01 -3.000000e+01
    endloop
  endfacet
  facet normal 1.000000e+00 0.000000e+00 0.000000e+00
    outer loop
      vertex   5.000000e+00 1.500000e+01 -3.000000e+01
      vertex   5.000000e+00 0.000000e+00 -3.500000e+01
      vertex   5.000000e+00 1.690983e+01 -3.500000e+01
    endloop
  endfacet
  facet normal 0.000000e+00 -1.000000e+00 0.000000e+00
    outer loop
      vertex   5.000000e+00 0.000000e+00 -3.500000e+01
      vertex   5.000000e+00 0.000000e+00 -3.000000e+01
      vertex   -5.000000e+00 0.000000e+00 -3.500000e+01
    endloop
  endfacet
  facet normal 0.000000e+00 -1.000000e+00 0.000000e+00
    outer loop
      vertex   -5.000000e+00 0.000000e+00 -3.500000e+01
      vertex   5.000000e+00 0.000000e+00 -3.000000e+01
      vertex   -5.000000e+00 0.000000e+00 -3.000000e+01
    endloop
  endfacet
  facet normal -0.000000e+00 0.000000e+00 1.000000e+00
    outer loop
      vertex   1.690370e+00 4.547067e+00 -3.000000e+01
      vertex   5.000000e+00 0.000000e+00 -3.000000e+01
      vertex   1.750000e+00 5.000000e+00 -3.000000e+01
    endloop
  endfacet
  facet normal -0.000000e+00 0.000000e+00 1.000000e+00
    outer loop
      vertex   1.750000e+00 5.000000e+00 -3.000000e+01
      vertex   5.000000e+00 0.000000e+00 -3.000000e+01
      vertex   3.345653e+00 1.128428e+01 -3.000000e+01
    endloop
  endfacet
  facet normal 0.000000e+00 -0.000000e+00 1.000000e+00
    outer loop
      vertex   1.750000e+00 5.000000e+00 -3.000000e+01
      vertex   3.345653e+00 1.128428e+01 -3.000000e+01
      vertex   1.690370e+00 5.452933e+00 -3.000000e+01
    endloop
  endfacet
  facet normal 0.000000e+00 0.000000e+00 1.000000e+00
    outer loop
      vertex   1.690370e+00 5.452933e+00 -3.000000e+01
      vertex   3.345653e+00 1.128428e+01 -3.000000e+01
      vertex   2.500000e+00 1.066987e+01 -3.000000e+01
    endloop
  endfacet
  facet normal 0.000000e+00 -0.000000e+00 1.000000e+00
    outer loop
      vertex   1.690370e+00 5.452933e+00 -3.000000e+01
      vertex   2.500000e+00 1.066987e+01 -3.000000e+01
      vertex   1.515544e+00 5.875000e+00 -3.000000e+01
    endloop
  endfacet
  facet normal 0.000000e+00 -0.000000e+00 1.000000e+00
    outer loop
      vertex   1.515544e+00 5.875000e+00 -3.000000e+01
      vertex   2.500000e+00 1.066987e+01 -3.000000e+01
      vertex   1.237437e+00 6.237437e+00 -3.000000e+01
    endloop
  endfacet
  facet normal 0.000000e+00 0.000000e+00 1.000000e+00
    outer loop
      vertex   1.237437e+00 6.237437e+00 -3.000000e+01
      vertex   2.500000e+00 1.066987e+01 -3.000000e+01
      vertex   1.545085e+00 1.024472e+01 -3.000000e+01
    endloop
  endfacet
  facet normal 0.000000e+00 -0.000000e+00 1.000000e+00
    outer loop
      vertex   1.237437e+00 6.237437e+00 -3.000000e+01
      vertex   1.545085e+00 1.024472e+01 -3.000000e+01
      vertex   8.750000e-01 6.515544e+00 -3.000000e+01
    endloop
  endfacet
  facet normal 0.000000e+00 -0.000000e+00 1.000000e+00
    outer loop
      vertex   8.750000e-01 6.515544e+00 -3.000000e+01
      vertex   1.545085e+00 1.024472e+01 -3.000000e+01
      vertex   5.226423e-01 1.002739e+01 -3.000000e+01
    endloop
  endfacet
  facet normal 0.000000e+00 0.000000e+00 1.000000e+00
    outer loop
      vertex   8.750000e-01 6.515544e+00 -3.000000e+01
      vertex   5.226423e-01 1.002739e+01 -3.000000e+01
      vertex   4.529333e-01 6.690370e+00 -3.000000e+01
    endloop
  endfacet
  facet normal 0.000000e+00 -0.000000e+00 1.000000e+00
    outer loop
      vertex   4.529333e-01 6.690370e+00 -3.000000e+01
      vertex   5.226423e-01 1.002739e+01 -3.000000e+01
      vertex   -1.071566e-16 6.750000e+00 -3.000000e+01
    endloop
  endfacet
  facet normal 0.000000e+00 -0.000000e+00 1.000000e+00
    outer loop
      vertex   -1.071566e-16 6.750000e+00 -3.000000e+01
      vertex   5.226423e-01 1.002739e+01 -3.000000e+01
      vertex   -5.226423e-01 1.002739e+01 -3.000000e+01
    endloop
  endfacet
  facet normal 0.000000e+00 0.000000e+00 1.000000e+00
    outer loop
      vertex   -1.071566e-16 6.750000e+00 -3.000000e+01
      vertex   -5.226423e-01 1.002739e+01 -3.000000e+01
      vertex   -4.529333e-01 6.690370e+00 -3.000000e+01
    endloop
  endfacet
  facet normal 0.000000e+00 0.000000e+00 1.000000e+00
    outer loop
      vertex   -4.529333e-01 6.690370e+00 -3.000000e+01
      vertex   -5.226423e-01 1.002739e+01 -3.000000e+01
      vertex   -8.750000e-01 6.515544e+00 -3.000000e+01
    endloop
  endfacet
  facet normal 0.000000e+00 -0.000000e+00 1.000000e+00
    outer loop
      vertex   -8.750000e-01 6.515544e+00 -3.000000e+01
      vertex   -5.226423e-01 1.002739e+01 -3.000000e+01
      vertex   -1.545085e+00 1.024472e+01 -3.000000e+01
    endloop
  endfacet
  facet normal 0.000000e+00 0.000000e+00 1.000000e+00
    outer loop
      vertex   -8.750000e-01 6.515544e+00 -3.000000e+01
      vertex   -1.545085e+00 1.024472e+01 -3.000000e+01
      vertex   -1.237437e+00 6.237437e+00 -3.000000e+01
    endloop
  endfacet
  facet normal 0.000000e+00 0.000000e+00 1.000000e+00
    outer loop
      vertex   -1.237437e+00 6.237437e+00 -3.000000e+01
      vertex   -1.545085e+00 1.024472e+01 -3.000000e+01
      vertex   -2.500000e+00 1.066987e+01 -3.000000e+01
    endloop
  endfacet
  facet normal 0.000000e+00 0.000000e+00 1.000000e+00
    outer loop
      vertex   -1.237437e+00 6.237437e+00 -3.000000e+01
      vertex   -2.500000e+00 1.066987e+01 -3.000000e+01
      vertex   -1.515544e+00 5.875000e+00 -3.000000e+01
    endloop
  endfacet
  facet normal 0.000000e+00 0.000000e+00 1.000000e+00
    outer loop
      vertex   -1.515544e+00 5.875000e+00 -3.000000e+01
      vertex   -2.500000e+00 1.066987e+01 -3.000000e+01
      vertex   -1.690370e+00 5.452933e+00 -3.000000e+01
    endloop
  endfacet
  facet normal 0.000000e+00 0.000000e+00 1.000000e+00
    outer loop
      vertex   -1.690370e+00 5.452933e+00 -3.000000e+01
      vertex   -2.500000e+00 1.066987e+01 -3.000000e+01
      vertex   -3.345653e+00 1.128428e+01 -3.000000e+01
    endloop
  endfacet
  facet normal 0.000000e+00 0.000000e+00 1.000000e+00
    outer loop
      vertex   -1.690370e+00 5.452933e+00 -3.000000e+01
      vertex   -3.345653e+00 1.128428e+01 -3.000000e+01
      vertex   -1.750000e+00 5.000000e+00 -3.000000e+01
    endloop
  endfacet
  facet normal 0.000000e+00 0.000000e+00 1.000000e+00
    outer loop
      vertex   -1.750000e+00 5.000000e+00 -3.000000e+01
      vertex   -3.345653e+00 1.128428e+01 -3.000000e+01
      vertex   -5.000000e+00 0.000000e+00 -3.000000e+01
    endloop
  endfacet
  facet normal 0.000000e+00 0.000000e+00 1.000000e+00
    outer loop
      vertex   -1.750000e+00 5.000000e+00 -3.000000e+01
      vertex   -5.000000e+00 0.000000e+00 -3.000000e+01
      vertex   -1.690370e+00 4.547067e+00 -3.000000e+01
    endloop
  endfacet
  facet normal 0.000000e+00 0.000000e+00 1.000000e+00
    outer loop
      vertex   -1.690370e+00 4.547067e+00 -3.000000e+01
      vertex   -5.000000e+00 0.000000e+00 -3.000000e+01
      vertex   -1.515544e+00 4.125000e+00 -3.000000e+01
    endloop
  endfacet
  facet normal 0.000000e+00 0.000000e+00 1.000000e+00
    outer loop
      vertex   -1.515544e+00 4.125000e+00 -3.000000e+01
      vertex   -5.000000e+00 0.000000e+00 -3.000000e+01
      vertex   -1.237437e+00 3.762563e+00 -3.000000e+01
    endloop
  endfacet
  facet normal 0.000000e+00 0.000000e+00 1.000000e+00
    outer loop
      vertex   -1.237437e+00 3.762563e+00 -3.000000e+01
      vertex   -5.000000e+00 0.000000e+00 -3.000000e+01
      vertex   -8.750000e-01 3.484456e+00 -3.000000e+01
    endloop
  endfacet
  facet normal 0.000000e+00 0.000000e+00 1.000000e+00
    outer loop
      vertex   -8.750000e-01 3.484456e+00 -3.000000e+01
      vertex   -5.000000e+00 0.000000e+00 -3.000000e+01
      vertex   -4.529333e-01 3.309630e+00 -3.000000e+01
    endloop
  endfacet
  facet normal 0.000000e+00 0.000000e+00 1.000000e+00
    outer loop
      vertex   -4.529333e-01 3.309630e+00 -3.000000e+01
      vertex   -5.000000e+00 0.000000e+00 -3.000000e+01
      vertex   -1.071566e-16 3.250000e+00 -3.000000e+01
    endloop
  endfacet
  facet normal 0.000000e+00 0.000000e+00 1.000000e+00
    outer loop
      vertex   -1.071566e-16 3.250000e+00 -3.000000e+01
      vertex   -5.000000e+00 0.000000e+00 -3.000000e+01
      vertex   5.000000e+00 0.000000e+00 -3.000000e+01
    endloop
  endfacet
  facet normal -0.000000e+00 0.000000e+00 1.000000e+00
    outer loop
      vertex   -1.071566e-16 3.250000e+00 -3.000000e+01
      vertex   5.000000e+00 0.000000e+00 -3.000000e+01
      vertex   4.529333e-01 3.309630e+00 -3.000000e+01
    endloop
  endfacet
  facet normal -0.000000e+00 0.000000e+00 1.000000e+00
    outer loop
      vertex   4.529333e-01 3.309630e+00 -3.000000e+01
      vertex   5.000000e+00 0.000000e+00 -3.000000e+01
      vertex   8.750000e-01 3.484456e+00 -3.000000e+01
    endloop
  endfacet
  facet normal -0.000000e+00 0.000000e+00 1.000000e+00
    outer loop
      vertex   8.750000e-01 3.484456e+00 -3.000000e+01
      vertex   5.000000e+00 0.000000e+00 -3.000000e+01
      vertex   1.237437e+00 3.762563e+00 -3.000000e+01
    endloop
  endfacet
  facet normal -0.000000e+00 0.000000e+00 1.000000e+00
    outer loop
      vertex   1.237437e+00 3.762563e+00 -3.000000e+01
      vertex   5.000000e+00 0.000000e+00 -3.000000e+01
      vertex   1.515544e+00 4.125000e+00 -3.000000e+01
    endloop
  endfacet
  facet normal -0.000000e+00 0.000000e+00 1.000000e+00
    outer loop
      vertex   1.515544e+00 4.125000e+00 -3.000000e+01
      vertex   5.000000e+00 0.000000e+00 -3.000000e+01
      vertex   1.690370e+00 4.547067e+00 -3.000000e+01
    endloop
  endfacet
  facet normal 0.000000e+00 0.000000e+00 1.000000e+00
    outer loop
      vertex   5.000000e+00 1.500000e+01 -3.000000e+01
      vertex   4.890738e+00 1.396044e+01 -3.000000e+01
      vertex   5.000000e+00 0.000000e+00 -3.000000e+01
    endloop
  endfacet
  facet normal 0.000000e+00 0.000000e+00 1.000000e+00
    outer loop
      vertex   5.000000e+00 0.000000e+00 -3.000000e+01
      vertex   4.890738e+00 1.396044e+01 -3.000000e+01
      vertex   4.567727e+00 1.296632e+01 -3.000000e+01
    endloop
  endfacet
  facet normal 0.000000e+00 0.000000e+00 1.000000e+00
    outer loop
      vertex   5.000000e+00 0.000000e+00 -3.000000e+01
      vertex   4.567727e+00 1.296632e+01 -3.000000e+01
      vertex   4.045085e+00 1.206107e+01 -3.000000e+01
    endloop
  endfacet
  facet normal 0.000000e+00 0.000000e+00 1.000000e+00
    outer loop
      vertex   4.045085e+00 1.206107e+01 -3.000000e+01
      vertex   3.345653e+00 1.128428e+01 -3.000000e+01
      vertex   5.000000e+00 0.000000e+00 -3.000000e+01
    endloop
  endfacet
  facet normal 0.000000e+00 0.000000e+00 1.000000e+00
    outer loop
      vertex   -3.345653e+00 1.128428e+01 -3.000000e+01
      vertex   -4.045085e+00 1.206107e+01 -3.000000e+01
      vertex   -5.000000e+00 0.000000e+00 -3.000000e+01
    endloop
  endfacet
  facet normal 0.000000e+00 0.000000e+00 1.000000e+00
    outer loop
      vertex   -5.000000e+00 0.000000e+00 -3.000000e+01
      vertex   -4.045085e+00 1.206107e+01 -3.000000e+01
      vertex   -4.567727e+00 1.296632e+01 -3.000000e+01
    endloop
  endfacet
  facet normal 0.000000e+00 0.000000e+00 1.000000e+00
    outer loop
      vertex   -5.000000e+00 0.000000e+00 -3.000000e+01
      vertex   -4.567727e+00 1.296632e+01 -3.000000e+01
      vertex   -4.890738e+00 1.396044e+01 -3.000000e+01
    endloop
  endfacet
  facet normal 0.000000e+00 0.000000e+00 1.000000e+00
    outer loop
      vertex   -4.890738e+00 1.396044e+01 -3.000000e+01
      vertex   -5.000000e+00 1.500000e+01 -3.000000e+01
      vertex   -5.000000e+00 0.000000e+00 -3.000000e+01
    endloop
  endfacet
  facet normal 0.000000e+00 0.000000e+00 -1.000000e+00
    outer loop
      vertex   -1.690370e+00 5.452933e+00 -3.500000e+01
      vertex   -1.750000e+00 5.000000e+00 -3.500000e+01
      vertex   -5.000000e+00 0.000000e+00 -3.500000e+01
    endloop
  endfacet
  facet normal 0.000000e+00 0.000000e+00 -1.000000e+00
    outer loop
      vertex   -5.000000e+00 0.000000e+00 -3.500000e+01
      vertex   -1.750000e+00 5.000000e+00 -3.500000e+01
      vertex   -1.690370e+00 4.547067e+00 -3.500000e+01
    endloop
  endfacet
  facet normal 0.000000e+00 0.000000e+00 -1.000000e+00
    outer loop
      vertex   -5.000000e+00 0.000000e+00 -3.500000e+01
      vertex   -1.690370e+00 4.547067e+00 -3.500000e+01
      vertex   -1.515544e+00 4.125000e+00 -3.500000e+01
    endloop
  endfacet
  facet normal 0.000000e+00 -0.000000e+00 -1.000000e+00
    outer loop
      vertex   -1.515544e+00 4.125000e+00 -3.500000e+01
      vertex   -1.237437e+00 3.762563e+00 -3.500000e+01
      vertex   -5.000000e+00 0.000000e+00 -3.500000e+01
    endloop
  endfacet
  facet normal 0.000000e+00 0.000000e+00 -1.000000e+00
    outer loop
      vertex   -5.000000e+00 0.000000e+00 -3.500000e+01
      vertex   -1.237437e+00 3.762563e+00 -3.500000e+01
      vertex   -8.750000e-01 3.484456e+00 -3.500000e+01
    endloop
  endfacet
  facet normal 0.000000e+00 0.000000e+00 -1.000000e+00
    outer loop
      vertex   -5.000000e+00 0.000000e+00 -3.500000e+01
      vertex   -8.750000e-01 3.484456e+00 -3.500000e+01
      vertex   -4.529333e-01 3.309630e+00 -3.500000e+01
    endloop
  endfacet
  facet normal 0.000000e+00 -0.000000e+00 -1.000000e+00
    outer loop
      vertex   -4.529333e-01 3.309630e+00 -3.500000e+01
      vertex   -1.071566e-16 3.250000e+00 -3.500000e+01
      vertex   -5.000000e+00 0.000000e+00 -3.500000e+01
    endloop
  endfacet
  facet normal 0.000000e+00 0.000000e+00 -1.000000e+00
    outer loop
      vertex   -5.000000e+00 0.000000e+00 -3.500000e+01
      vertex   -1.071566e-16 3.250000e+00 -3.500000e+01
      vertex   5.000000e+00 0.000000e+00 -3.500000e+01
    endloop
  endfacet
  facet normal 0.000000e+00 0.000000e+00 -1.000000e+00
    outer loop
      vertex   5.000000e+00 0.000000e+00 -3.500000e+01
      vertex   -1.071566e-16 3.250000e+00 -3.500000e+01
      vertex   4.529333e-01 3.309630e+00 -3.500000e+01
    endloop
  endfacet
  facet normal 0.000000e+00 0.000000e+00 -1.000000e+00
    outer loop
      vertex   5.000000e+00 0.000000e+00 -3.500000e+01
      vertex   4.529333e-01 3.309630e+00 -3.500000e+01
      vertex   8.750000e-01 3.484456e+00 -3.500000e+01
    endloop
  endfacet
  facet normal 0.000000e+00 0.000000e+00 -1.000000e+00
    outer loop
      vertex   8.750000e-01 3.484456e+00 -3.500000e+01
      vertex   1.237437e+00 3.762563e+00 -3.500000e+01
      vertex   5.000000e+00 0.000000e+00 -3.500000e+01
    endloop
  endfacet
  facet normal 0.000000e+00 0.000000e+00 -1.000000e+00
    outer loop
      vertex   5.000000e+00 0.000000e+00 -3.500000e+01
      vertex   1.237437e+00 3.762563e+00 -3.500000e+01
      vertex   1.515544e+00 4.125000e+00 -3.500000e+01
    endloop
  endfacet
  facet normal 0.000000e+00 0.000000e+00 -1.000000e+00
    outer loop
      vertex   5.000000e+00 0.000000e+00 -3.500000e+01
      vertex   1.515544e+00 4.125000e+00 -3.500000e+01
      vertex   1.690370e+00 4.547067e+00 -3.500000e+01
    endloop
  endfacet
  facet normal 0.000000e+00 0.000000e+00 -1.000000e+00
    outer loop
      vertex   1.690370e+00 4.547067e+00 -3.500000e+01
      vertex   1.750000e+00 5.000000e+00 -3.500000e+01
      vertex   5.000000e+00 0.000000e+00 -3.500000e+01
    endloop
  endfacet
  facet normal 0.000000e+00 0.000000e+00 -1.000000e+00
    outer loop
      vertex   5.000000e+00 0.000000e+00 -3.500000e+01
      vertex   1.750000e+00 5.000000e+00 -3.500000e+01
      vertex   1.690370e+00 5.452933e+00 -3.500000e+01
    endloop
  endfacet
  facet normal 0.000000e+00 0.000000e+00 -1.000000e+00
    outer loop
      vertex   5.000000e+00 0.000000e+00 -3.500000e+01
      vertex   1.690370e+00 5.452933e+00 -3.500000e+01
      vertex   5.000000e+00 1.690983e+01 -3.500000e+01
    endloop
  endfacet
  facet normal 0.000000e+00 0.000000e+00 -1.000000e+00
    outer loop
      vertex   5.000000e+00 1.690983e+01 -3.500000e+01
      vertex   1.690370e+00 5.452933e+00 -3.500000e+01
      vertex   1.515544e+00 5.875000e+00 -3.500000e+01
    endloop
  endfacet
  facet normal 0.000000e+00 0.000000e+00 -1.000000e+00
    outer loop
      vertex   5.000000e+00 1.690983e+01 -3.500000e+01
      vertex   1.515544e+00 5.875000e+00 -3.500000e+01
      vertex   1.237437e+00 6.237437e+00 -3.500000e+01
    endloop
  endfacet
  facet normal 0.000000e+00 0.000000e+00 -1.000000e+00
    outer loop
      vertex   1.237437e+00 6.237437e+00 -3.500000e+01
      vertex   8.750000e-01 6.515544e+00 -3.500000e+01
      vertex   5.000000e+00 1.690983e+01 -3.500000e+01
    endloop
  endfacet
  facet normal 0.000000e+00 0.000000e+00 -1.000000e+00
    outer loop
      vertex   5.000000e+00 1.690983e+01 -3.500000e+01
      vertex   8.750000e-01 6.515544e+00 -3.500000e+01
      vertex   4.529333e-01 6.690370e+00 -3.500000e+01
    endloop
  endfacet
  facet normal 0.000000e+00 0.000000e+00 -1.000000e+00
    outer loop
      vertex   5.000000e+00 1.690983e+01 -3.500000e+01
      vertex   4.529333e-01 6.690370e+00 -3.500000e+01
      vertex   3.214698e-16 6.750000e+00 -3.500000e+01
    endloop
  endfacet
  facet normal -0.000000e+00 0.000000e+00 -1.000000e+00
    outer loop
      vertex   5.000000e+00 1.690983e+01 -3.500000e+01
      vertex   3.214698e-16 6.750000e+00 -3.500000e+01
      vertex   -5.000000e+00 1.690983e+01 -3.500000e+01
    endloop
  endfacet
  facet normal 0.000000e+00 0.000000e+00 -1.000000e+00
    outer loop
      vertex   -5.000000e+00 1.690983e+01 -3.500000e+01
      vertex   3.214698e-16 6.750000e+00 -3.500000e+01
      vertex   -4.529333e-01 6.690370e+00 -3.500000e+01
    endloop
  endfacet
  facet normal 0.000000e+00 0.000000e+00 -1.000000e+00
    outer loop
      vertex   -5.000000e+00 1.690983e+01 -3.500000e+01
      vertex   -4.529333e-01 6.690370e+00 -3.500000e+01
      vertex   -8.750000e-01 6.515544e+00 -3.500000e+01
    endloop
  endfacet
  facet normal -0.000000e+00 0.000000e+00 -1.000000e+00
    outer loop
      vertex   -8.750000e-01 6.515544e+00 -3.500000e+01
      vertex   -1.237437e+00 6.237437e+00 -3.500000e+01
      vertex   -5.000000e+00 1.690983e+01 -3.500000e+01
    endloop
  endfacet
  facet normal 0.000000e+00 0.000000e+00 -1.000000e+00
    outer loop
      vertex   -5.000000e+00 1.690983e+01 -3.500000e+01
      vertex   -1.237437e+00 6.237437e+00 -3.500000e+01
      vertex   -1.515544e+00 5.875000e+00 -3.500000e+01
    endloop
  endfacet
  facet normal 0.000000e+00 0.000000e+00 -1.000000e+00
    outer loop
      vertex   -5.000000e+00 1.690983e+01 -3.500000e+01
      vertex   -1.515544e+00 5.875000e+00 -3.500000e+01
      vertex   -1.690370e+00 5.452933e+00 -3.500000e+01
    endloop
  endfacet
  facet normal 0.000000e+00 0.000000e+00 -1.000000e+00
    outer loop
      vertex   -5.000000e+00 1.690983e+01 -3.500000e+01
      vertex   -1.690370e+00 5.452933e+00 -3.500000e+01
      vertex   -5.000000e+00 0.000000e+00 -3.500000e+01
    endloop
  endfacet
  facet normal -0.000000e+00 0.000000e+00 1.000000e+00
    outer loop
      vertex   -1.500000e+01 1.400000e+02 -2.250000e+01
      vertex   -1.500000e+01 2.500000e+01 -2.250000e+01
      vertex   -1.000000e+01 1.400000e+02 -2.250000e+01
    endloop
  endfacet
  facet normal 0.000000e+00 0.000000e+00 1.000000e+00
    outer loop
      vertex   -1.000000e+01 1.400000e+02 -2.250000e+01
      vertex   -1.500000e+01 2.500000e+01 -2.250000e+01
      vertex   -1.000000e+01 2.500000e+01 -2.250000e+01
    endloop
  endfacet
  facet normal -0.000000e+00 -1.305262e-01 -9.914449e-01
    outer loop
      vertex   -1.000000e+01 1.400000e+02 -1.750000e+01
      vertex   -1.500000e+01 1.400000e+02 -1.750000e+01
      vertex   -1.000000e+01 1.406470e+02 -1.758519e+01
    endloop
  endfacet
  facet normal -0.000000e+00 -1.305262e-01 -9.914449e-01
    outer loop
      vertex   -1.000000e+01 1.406470e+02 -1.758519e+01
      vertex   -1.500000e+01 1.400000e+02 -1.750000e+01
      vertex   -1.500000e+01 1.406470e+02 -1.758519e+01
    endloop
  endfacet
  facet normal -0.000000e+00 -3.826834e-01 -9.238795e-01
    outer loop
      vertex   -1.000000e+01 1.406470e+02 -1.758519e+01
      vertex   -1.500000e+01 1.406470e+02 -1.758519e+01
      vertex   -1.000000e+01 1.412500e+02 -1.783494e+01
    endloop
  endfacet
  facet normal 6.564559e-16 -3.826834e-01 -9.238795e-01
    outer loop
      vertex   -1.000000e+01 1.412500e+02 -1.783494e+01
      vertex   -1.500000e+01 1.406470e+02 -1.758519e+01
      vertex   -1.500000e+01 1.412500e+02 -1.783494e+01
    endloop
  endfacet
  facet normal 5.637115e-16 -6.087614e-01 -7.933533e-01
    outer loop
      vertex   -1.000000e+01 1.412500e+02 -1.783494e+01
      vertex   -1.500000e+01 1.412500e+02 -1.783494e+01
      vertex   -1.000000e+01 1.417678e+02 -1.823223e+01
    endloop
  endfacet
  facet normal -0.000000e+00 -6.087614e-01 -7.933533e-01
    outer loop
      vertex   -1.000000e+01 1.417678e+02 -1.823223e+01
      vertex   -1.500000e+01 1.412500e+02 -1.783494e+01
      vertex   -1.500000e+01 1.417678e+02 -1.823223e+01
    endloop
  endfacet
  facet normal -0.000000e+00 -7.933533e-01 -6.087614e-01
    outer loop
      vertex   -1.000000e+01 1.417678e+02 -1.823223e+01
      vertex   -1.500000e+01 1.417678e+02 -1.823223e+01
      vertex   -1.000000e+01 1.421651e+02 -1.875000e+01
    endloop
  endfacet
  facet normal -0.000000e+00 -7.933533e-01 -6.087614e-01
    outer loop
      vertex   -1.000000e+01 1.421651e+02 -1.875000e+01
      vertex   -1.500000e+01 1.417678e+02 -1.823223e+01
      vertex   -1.500000e+01 1.421651e+02 -1.875000e+01
    endloop
  endfacet
  facet normal -0.000000e+00 -9.238795e-01 -3.826834e-01
    outer loop
      vertex   -1.000000e+01 1.421651e+02 -1.875000e+01
      vertex   -1.500000e+01 1.421651e+02 -1.875000e+01
      vertex   -1.000000e+01 1.424148e+02 -1.935295e+01
    endloop
  endfacet
  facet normal -0.000000e+00 -9.238795e-01 -3.826834e-01
    outer loop
      vertex   -1.000000e+01 1.424148e+02 -1.935295e+01
      vertex   -1.500000e+01 1.421651e+02 -1.875000e+01
      vertex   -1.500000e+01 1.424148e+02 -1.935295e+01
    endloop
  endfacet
  facet normal -0.000000e+00 -9.914449e-01 -1.305262e-01
    outer loop
      vertex   -1.000000e+01 1.424148e+02 -1.935295e+01
      vertex   -1.500000e+01 1.424148e+02 -1.935295e+01
      vertex   -1.000000e+01 1.425000e+02 -2.000000e+01
    endloop
  endfacet
  facet normal -0.000000e+00 -9.914449e-01 -1.305262e-01
    outer loop
      vertex   -1.000000e+01 1.425000e+02 -2.000000e+01
      vertex   -1.500000e+01 1.424148e+02 -1.935295e+01
      vertex   -1.500000e+01 1.425000e+02 -2.000000e+01
    endloop
  endfacet
  facet normal 0.000000e+00 -9.914449e-01 1.305262e-01
    outer loop
      vertex   -1.000000e+01 1.425000e+02 -2.000000e+01
      vertex   -1.500000e+01 1.425000e+02 -2.000000e+01
      vertex   -1.000000e+01 1.424148e+02 -2.064705e+01
    endloop
  endfacet
  facet normal 0.000000e+00 -9.914449e-01 1.305262e-01
    outer loop
      vertex   -1.000000e+01 1.424148e+02 -2.064705e+01
      vertex   -1.500000e+01 1.425000e+02 -2.000000e+01
      vertex   -1.500000e+01 1.424148e+02 -2.064705e+01
    endloop
  endfacet
  facet normal 0.000000e+00 -9.238795e-01 3.826834e-01
    outer loop
      vertex   -1.000000e+01 1.424148e+02 -2.064705e+01
      vertex   -1.500000e+01 1.424148e+02 -2.064705e+01
      vertex   -1.000000e+01 1.421651e+02 -2.125000e+01
    endloop
  endfacet
  facet normal 0.000000e+00 -9.238795e-01 3.826834e-01
    outer loop
      vertex   -1.000000e+01 1.421651e+02 -2.125000e+01
      vertex   -1.500000e+01 1.424148e+02 -2.064705e+01
      vertex   -1.500000e+01 1.421651e+02 -2.125000e+01
    endloop
  endfacet
  facet normal 0.000000e+00 -7.933533e-01 6.087614e-01
    outer loop
      vertex   -1.000000e+01 1.421651e+02 -2.125000e+01
      vertex   -1.500000e+01 1.421651e+02 -2.125000e+01
      vertex   -1.000000e+01 1.417678e+02 -2.176777e+01
    endloop
  endfacet
  facet normal 0.000000e+00 -7.933533e-01 6.087614e-01
    outer loop
      vertex   -1.000000e+01 1.417678e+02 -2.176777e+01
      vertex   -1.500000e+01 1.421651e+02 -2.125000e+01
      vertex   -1.500000e+01 1.417678e+02 -2.176777e+01
    endloop
  endfacet
  facet normal 0.000000e+00 -6.087614e-01 7.933533e-01
    outer loop
      vertex   -1.000000e+01 1.417678e+02 -2.176777e+01
      vertex   -1.500000e+01 1.417678e+02 -2.176777e+01
      vertex   -1.000000e+01 1.412500e+02 -2.216506e+01
    endloop
  endfacet
  facet normal 0.000000e+00 -6.087614e-01 7.933533e-01
    outer loop
      vertex   -1.000000e+01 1.412500e+02 -2.216506e+01
      vertex   -1.500000e+01 1.417678e+02 -2.176777e+01
      vertex   -1.500000e+01 1.412500e+02 -2.216506e+01
    endloop
  endfacet
  facet normal 0.000000e+00 -3.826834e-01 9.238795e-01
    outer loop
      vertex   -1.000000e+01 1.412500e+02 -2.216506e+01
      vertex   -1.500000e+01 1.412500e+02 -2.216506e+01
      vertex   -1.000000e+01 1.406470e+02 -2.241481e+01
    endloop
  endfacet
  facet normal 0.000000e+00 -3.826834e-01 9.238795e-01
    outer loop
      vertex   -1.000000e+01 1.406470e+02 -2.241481e+01
      vertex   -1.500000e+01 1.412500e+02 -2.216506e+01
      vertex   -1.500000e+01 1.406470e+02 -2.241481e+01
    endloop
  endfacet
  facet normal 0.000000e+00 -1.305262e-01 9.914449e-01
    outer loop
      vertex   -1.000000e+01 1.406470e+02 -2.241481e+01
      vertex   -1.500000e+01 1.406470e+02 -2.241481e+01
      vertex   -1.000000e+01 1.400000e+02 -2.250000e+01
    endloop
  endfacet
  facet normal 0.000000e+00 -1.305262e-01 9.914449e-01
    outer loop
      vertex   -1.000000e+01 1.400000e+02 -2.250000e+01
      vertex   -1.500000e+01 1.406470e+02 -2.241481e+01
      vertex   -1.500000e+01 1.400000e+02 -2.250000e+01
    endloop
  endfacet
  facet normal 0.000000e+00 -1.305262e-01 9.914449e-01
    outer loop
      vertex   1.000000e+01 1.400000e+02 -2.250000e+01
      vertex   1.500000e+01 1.400000e+02 -2.250000e+01
      vertex   1.000000e+01 1.406470e+02 -2.241481e+01
    endloop
  endfacet
  facet normal 0.000000e+00 -1.305262e-01 9.914449e-01
    outer loop
      vertex   1.000000e+01 1.406470e+02 -2.241481e+01
      vertex   1.500000e+01 1.400000e+02 -2.250000e+01
      vertex   1.500000e+01 1.406470e+02 -2.241481e+01
    endloop
  endfacet
  facet normal 0.000000e+00 -3.826834e-01 9.238795e-01
    outer loop
      vertex   1.000000e+01 1.406470e+02 -2.241481e+01
      vertex   1.500000e+01 1.406470e+02 -2.241481e+01
      vertex   1.000000e+01 1.412500e+02 -2.216506e+01
    endloop
  endfacet
  facet normal 0.000000e+00 -3.826834e-01 9.238795e-01
    outer loop
      vertex   1.000000e+01 1.412500e+02 -2.216506e+01
      vertex   1.500000e+01 1.406470e+02 -2.241481e+01
      vertex   1.500000e+01 1.412500e+02 -2.216506e+01
    endloop
  endfacet
  facet normal 0.000000e+00 -6.087614e-01 7.933533e-01
    outer loop
      vertex   1.000000e+01 1.412500e+02 -2.216506e+01
      vertex   1.500000e+01 1.412500e+02 -2.216506e+01
      vertex   1.000000e+01 1.417678e+02 -2.176777e+01
    endloop
  endfacet
  facet normal 0.000000e+00 -6.087614e-01 7.933533e-01
    outer loop
      vertex   1.000000e+01 1.417678e+02 -2.176777e+01
      vertex   1.500000e+01 1.412500e+02 -2.216506e+01
      vertex   1.500000e+01 1.417678e+02 -2.176777e+01
    endloop
  endfacet
  facet normal 0.000000e+00 -7.933533e-01 6.087614e-01
    outer loop
      vertex   1.000000e+01 1.417678e+02 -2.176777e+01
      vertex   1.500000e+01 1.417678e+02 -2.176777e+01
      vertex   1.000000e+01 1.421651e+02 -2.125000e+01
    endloop
  endfacet
  facet normal 0.000000e+00 -7.933533e-01 6.087614e-01
    outer loop
      vertex   1.000000e+01 1.421651e+02 -2.125000e+01
      vertex   1.500000e+01 1.417678e+02 -2.176777e+01
      vertex   1.500000e+01 1.421651e+02 -2.125000e+01
    endloop
  endfacet
  facet normal 0.000000e+00 -9.238795e-01 3.826834e-01
    outer loop
      vertex   1.000000e+01 1.421651e+02 -2.125000e+01
      vertex   1.500000e+01 1.421651e+02 -2.125000e+01
      vertex   1.000000e+01 1.424148e+02 -2.064705e+01
    endloop
  endfacet
  facet normal 0.000000e+00 -9.238795e-01 3.826834e-01
    outer loop
      vertex   1.000000e+01 1.424148e+02 -2.064705e+01
      vertex   1.500000e+01 1.421651e+02 -2.125000e+01
      vertex   1.500000e+01 1.424148e+02 -2.064705e+01
    endloop
  endfacet
  facet normal 0.000000e+00 -9.914449e-01 1.305262e-01
    outer loop
      vertex   1.000000e+01 1.424148e+02 -2.064705e+01
      vertex   1.500000e+01 1.424148e+02 -2.064705e+01
      vertex   1.000000e+01 1.425000e+02 -2.000000e+01
    endloop
  endfacet
  facet normal 0.000000e+00 -9.914449e-01 1.305262e-01
    outer loop
      vertex   1.000000e+01 1.425000e+02 -2.000000e+01
      vertex   1.500000e+01 1.424148e+02 -2.064705e+01
      vertex   1.500000e+01 1.425000e+02 -2.000000e+01
    endloop
  endfacet
  facet normal 0.000000e+00 -9.914449e-01 -1.305262e-01
    outer loop
      vertex   1.000000e+01 1.425000e+02 -2.000000e+01
      vertex   1.500000e+01 1.425000e+02 -2.000000e+01
      vertex   1.000000e+01 1.424148e+02 -1.935295e+01
    endloop
  endfacet
  facet normal 0.000000e+00 -9.914449e-01 -1.305262e-01
    outer loop
      vertex   1.000000e+01 1.424148e+02 -1.935295e+01
      vertex   1.500000e+01 1.425000e+02 -2.000000e+01
      vertex   1.500000e+01 1.424148e+02 -1.935295e+01
    endloop
  endfacet
  facet normal 0.000000e+00 -9.238795e-01 -3.826834e-01
    outer loop
      vertex   1.000000e+01 1.424148e+02 -1.935295e+01
      vertex   1.500000e+01 1.424148e+02 -1.935295e+01
      vertex   1.000000e+01 1.421651e+02 -1.875000e+01
    endloop
  endfacet
  facet normal 0.000000e+00 -9.238795e-01 -3.826834e-01
    outer loop
      vertex   1.000000e+01 1.421651e+02 -1.875000e+01
      vertex   1.500000e+01 1.424148e+02 -1.935295e+01
      vertex   1.500000e+01 1.421651e+02 -1.875000e+01
    endloop
  endfacet
  facet normal 0.000000e+00 -7.933533e-01 -6.087614e-01
    outer loop
      vertex   1.000000e+01 1.421651e+02 -1.875000e+01
      vertex   1.500000e+01 1.421651e+02 -1.875000e+01
      vertex   1.000000e+01 1.417678e+02 -1.823223e+01
    endloop
  endfacet
  facet normal 0.000000e+00 -7.933533e-01 -6.087614e-01
    outer loop
      vertex   1.000000e+01 1.417678e+02 -1.823223e+01
      vertex   1.500000e+01 1.421651e+02 -1.875000e+01
      vertex   1.500000e+01 1.417678e+02 -1.823223e+01
    endloop
  endfacet
  facet normal 0.000000e+00 -6.087614e-01 -7.933533e-01
    outer loop
      vertex   1.000000e+01 1.417678e+02 -1.823223e+01
      vertex   1.500000e+01 1.417678e+02 -1.823223e+01
      vertex   1.000000e+01 1.412500e+02 -1.783494e+01
    endloop
  endfacet
  facet normal 5.637115e-16 -6.087614e-01 -7.933533e-01
    outer loop
      vertex   1.000000e+01 1.412500e+02 -1.783494e+01
      vertex   1.500000e+01 1.417678e+02 -1.823223e+01
      vertex   1.500000e+01 1.412500e+02 -1.783494e+01
    endloop
  endfacet
  facet normal 6.564559e-16 -3.826834e-01 -9.238795e-01
    outer loop
      vertex   1.000000e+01 1.412500e+02 -1.783494e+01
      vertex   1.500000e+01 1.412500e+02 -1.783494e+01
      vertex   1.000000e+01 1.406470e+02 -1.758519e+01
    endloop
  endfacet
  facet normal 0.000000e+00 -3.826834e-01 -9.238795e-01
    outer loop
      vertex   1.000000e+01 1.406470e+02 -1.758519e+01
      vertex   1.500000e+01 1.412500e+02 -1.783494e+01
      vertex   1.500000e+01 1.406470e+02 -1.758519e+01
    endloop
  endfacet
  facet normal 0.000000e+00 -1.305262e-01 -9.914449e-01
    outer loop
      vertex   1.000000e+01 1.406470e+02 -1.758519e+01
      vertex   1.500000e+01 1.406470e+02 -1.758519e+01
      vertex   1.000000e+01 1.400000e+02 -1.750000e+01
    endloop
  endfacet
  facet normal 0.000000e+00 -1.305262e-01 -9.914449e-01
    outer loop
      vertex   1.000000e+01 1.400000e+02 -1.750000e+01
      vertex   1.500000e+01 1.406470e+02 -1.758519e+01
      vertex   1.500000e+01 1.400000e+02 -1.750000e+01
    endloop
  endfacet
  facet normal 0.000000e+00 6.478766e-09 -1.000000e+00
    outer loop
      vertex   -1.500000e+01 1.400000e+02 -1.750000e+01
      vertex   -1.000000e+01 1.400000e+02 -1.750000e+01
      vertex   -1.500000e+01 2.500000e+01 -1.750000e+01
    endloop
  endfacet
  facet normal -1.069282e-14 6.478766e-09 -1.000000e+00
    outer loop
      vertex   -1.500000e+01 2.500000e+01 -1.750000e+01
      vertex   -1.000000e+01 1.400000e+02 -1.750000e+01
      vertex   -1.000000e+01 2.500000e+01 -1.750000e+01
    endloop
  endfacet
  facet normal 0.000000e+00 6.478766e-09 -1.000000e+00
    outer loop
      vertex   1.500000e+01 1.400000e+02 -1.750000e+01
      vertex   1.500000e+01 2.500000e+01 -1.750000e+01
      vertex   1.000000e+01 1.400000e+02 -1.750000e+01
    endloop
  endfacet
  facet normal 1.069282e-14 6.478766e-09 -1.000000e+00
    outer loop
      vertex   1.000000e+01 1.400000e+02 -1.750000e+01
      vertex   1.500000e+01 2.500000e+01 -1.750000e+01
      vertex   1.000000e+01 2.500000e+01 -1.750000e+01
    endloop
  endfacet
  facet normal 0.000000e+00 0.000000e+00 1.000000e+00
    outer loop
      vertex   1.500000e+01 1.400000e+02 -2.250000e+01
      vertex   1.000000e+01 1.400000e+02 -2.250000e+01
      vertex   1.500000e+01 2.500000e+01 -2.250000e+01
    endloop
  endfacet
  facet normal 0.000000e+00 0.000000e+00 1.000000e+00
    outer loop
      vertex   1.500000e+01 2.500000e+01 -2.250000e+01
      vertex   1.000000e+01 1.400000e+02 -2.250000e+01
      vertex   1.000000e+01 2.500000e+01 -2.250000e+01
    endloop
  endfacet
  facet normal -1.361648e-08 1.305262e-01 -9.914449e-01
    outer loop
      vertex   1.500000e+01 2.500000e+01 -1.750000e+01
      vertex   1.500000e+01 2.435295e+01 -1.758519e+01
      vertex   1.000000e+01 2.500000e+01 -1.750000e+01
    endloop
  endfacet
  facet normal 0.000000e+00 1.305263e-01 -9.914448e-01
    outer loop
      vertex   1.000000e+01 2.500000e+01 -1.750000e+01
      vertex   1.500000e+01 2.435295e+01 -1.758519e+01
      vertex   5.000000e+00 2.435295e+01 -1.758519e+01
    endloop
  endfacet
  facet normal 0.000000e+00 1.305263e-01 -9.914448e-01
    outer loop
      vertex   1.000000e+01 2.500000e+01 -1.750000e+01
      vertex   5.000000e+00 2.435295e+01 -1.758519e+01
      vertex   -5.000000e+00 2.435295e+01 -1.758519e+01
    endloop
  endfacet
  facet normal 0.000000e+00 3.826834e-01 -9.238795e-01
    outer loop
      vertex   -5.000000e+00 2.435295e+01 -1.758519e+01
      vertex   5.000000e+00 2.435295e+01 -1.758519e+01
      vertex   -5.000000e+00 2.375000e+01 -1.783494e+01
    endloop
  endfacet
  facet normal 0.000000e+00 3.826834e-01 -9.238795e-01
    outer loop
      vertex   -5.000000e+00 2.435295e+01 -1.758519e+01
      vertex   -5.000000e+00 2.375000e+01 -1.783494e+01
      vertex   -1.500000e+01 2.375000e+01 -1.783494e+01
    endloop
  endfacet
  facet normal 0.000000e+00 6.087614e-01 -7.933533e-01
    outer loop
      vertex   -1.500000e+01 2.375000e+01 -1.783494e+01
      vertex   -5.000000e+00 2.375000e+01 -1.783494e+01
      vertex   -1.500000e+01 2.323223e+01 -1.823223e+01
    endloop
  endfacet
  facet normal 0.000000e+00 6.087614e-01 -7.933533e-01
    outer loop
      vertex   -1.500000e+01 2.323223e+01 -1.823223e+01
      vertex   -5.000000e+00 2.375000e+01 -1.783494e+01
      vertex   -5.000000e+00 2.323223e+01 -1.823223e+01
    endloop
  endfacet
  facet normal 0.000000e+00 7.933533e-01 -6.087614e-01
    outer loop
      vertex   -1.500000e+01 2.323223e+01 -1.823223e+01
      vertex   -5.000000e+00 2.323223e+01 -1.823223e+01
      vertex   -1.500000e+01 2.283494e+01 -1.875000e+01
    endloop
  endfacet
  facet normal 0.000000e+00 7.933533e-01 -6.087614e-01
    outer loop
      vertex   -1.500000e+01 2.283494e+01 -1.875000e+01
      vertex   -5.000000e+00 2.323223e+01 -1.823223e+01
      vertex   -5.000000e+00 2.283494e+01 -1.875000e+01
    endloop
  endfacet
  facet normal 0.000000e+00 9.238795e-01 -3.826834e-01
    outer loop
      vertex   -1.500000e+01 2.283494e+01 -1.875000e+01
      vertex   -5.000000e+00 2.283494e+01 -1.875000e+01
      vertex   -1.500000e+01 2.258519e+01 -1.935295e+01
    endloop
  endfacet
  facet normal 0.000000e+00 9.238795e-01 -3.826834e-01
    outer loop
      vertex   -1.500000e+01 2.258519e+01 -1.935295e+01
      vertex   -5.000000e+00 2.283494e+01 -1.875000e+01
      vertex   -5.000000e+00 2.258519e+01 -1.935295e+01
    endloop
  endfacet
  facet normal 0.000000e+00 9.914449e-01 -1.305262e-01
    outer loop
      vertex   -1.500000e+01 2.258519e+01 -1.935295e+01
      vertex   -5.000000e+00 2.258519e+01 -1.935295e+01
      vertex   -1.500000e+01 2.250000e+01 -2.000000e+01
    endloop
  endfacet
  facet normal 0.000000e+00 9.914449e-01 -1.305262e-01
    outer loop
      vertex   -1.500000e+01 2.250000e+01 -2.000000e+01
      vertex   -5.000000e+00 2.258519e+01 -1.935295e+01
      vertex   -5.000000e+00 2.250000e+01 -2.000000e+01
    endloop
  endfacet
  facet normal -0.000000e+00 9.914449e-01 1.305262e-01
    outer loop
      vertex   -1.500000e+01 2.250000e+01 -2.000000e+01
      vertex   -5.000000e+00 2.250000e+01 -2.000000e+01
      vertex   -1.500000e+01 2.258519e+01 -2.064705e+01
    endloop
  endfacet
  facet normal -0.000000e+00 9.914449e-01 1.305262e-01
    outer loop
      vertex   -1.500000e+01 2.258519e+01 -2.064705e+01
      vertex   -5.000000e+00 2.250000e+01 -2.000000e+01
      vertex   -5.000000e+00 2.258519e+01 -2.064705e+01
    endloop
  endfacet
  facet normal -0.000000e+00 9.238795e-01 3.826834e-01
    outer loop
      vertex   -1.500000e+01 2.258519e+01 -2.064705e+01
      vertex   -5.000000e+00 2.258519e+01 -2.064705e+01
      vertex   -1.500000e+01 2.283494e+01 -2.125000e+01
    endloop
  endfacet
  facet normal -0.000000e+00 9.238795e-01 3.826834e-01
    outer loop
      vertex   -1.500000e+01 2.283494e+01 -2.125000e+01
      vertex   -5.000000e+00 2.258519e+01 -2.064705e+01
      vertex   -5.000000e+00 2.283494e+01 -2.125000e+01
    endloop
  endfacet
  facet normal -0.000000e+00 7.933533e-01 6.087614e-01
    outer loop
      vertex   -1.500000e+01 2.283494e+01 -2.125000e+01
      vertex   -5.000000e+00 2.283494e+01 -2.125000e+01
      vertex   -1.500000e+01 2.323223e+01 -2.176777e+01
    endloop
  endfacet
  facet normal -0.000000e+00 7.933533e-01 6.087614e-01
    outer loop
      vertex   -1.500000e+01 2.323223e+01 -2.176777e+01
      vertex   -5.000000e+00 2.283494e+01 -2.125000e+01
      vertex   -5.000000e+00 2.323223e+01 -2.176777e+01
    endloop
  endfacet
  facet normal -0.000000e+00 6.087614e-01 7.933533e-01
    outer loop
      vertex   -1.500000e+01 2.323223e+01 -2.176777e+01
      vertex   -5.000000e+00 2.323223e+01 -2.176777e+01
      vertex   -1.500000e+01 2.375000e+01 -2.216506e+01
    endloop
  endfacet
  facet normal -0.000000e+00 6.087614e-01 7.933533e-01
    outer loop
      vertex   -1.500000e+01 2.375000e+01 -2.216506e+01
      vertex   -5.000000e+00 2.323223e+01 -2.176777e+01
      vertex   -5.000000e+00 2.375000e+01 -2.216506e+01
    endloop
  endfacet
  facet normal -0.000000e+00 3.826834e-01 9.238795e-01
    outer loop
      vertex   -1.500000e+01 2.375000e+01 -2.216506e+01
      vertex   -5.000000e+00 2.375000e+01 -2.216506e+01
      vertex   -1.500000e+01 2.435295e+01 -2.241481e+01
    endloop
  endfacet
  facet normal -0.000000e+00 3.826834e-01 9.238795e-01
    outer loop
      vertex   -1.500000e+01 2.435295e+01 -2.241481e+01
      vertex   -5.000000e+00 2.375000e+01 -2.216506e+01
      vertex   -5.000000e+00 2.435295e+01 -2.241481e+01
    endloop
  endfacet
  facet normal -0.000000e+00 1.305274e-01 9.914447e-01
    outer loop
      vertex   -1.500000e+01 2.435295e+01 -2.241481e+01
      vertex   -5.000000e+00 2.435295e+01 -2.241481e+01
      vertex   -1.000000e+01 2.500000e+01 -2.250000e+01
    endloop
  endfacet
  facet normal 0.000000e+00 1.305274e-01 9.914447e-01
    outer loop
      vertex   -1.000000e+01 2.500000e+01 -2.250000e+01
      vertex   -5.000000e+00 2.435295e+01 -2.241481e+01
      vertex   5.000000e+00 2.435295e+01 -2.241481e+01
    endloop
  endfacet
  facet normal -0.000000e+00 1.305274e-01 9.914447e-01
    outer loop
      vertex   -1.000000e+01 2.500000e+01 -2.250000e+01
      vertex   5.000000e+00 2.435295e+01 -2.241481e+01
      vertex   1.000000e+01 2.500000e+01 -2.250000e+01
    endloop
  endfacet
  facet normal 0.000000e+00 1.305274e-01 9.914447e-01
    outer loop
      vertex   1.000000e+01 2.500000e+01 -2.250000e+01
      vertex   5.000000e+00 2.435295e+01 -2.241481e+01
      vertex   1.500000e+01 2.435295e+01 -2.241481e+01
    endloop
  endfacet
  facet normal -1.361661e-08 1.305273e-01 9.914447e-01
    outer loop
      vertex   1.000000e+01 2.500000e+01 -2.250000e+01
      vertex   1.500000e+01 2.435295e+01 -2.241481e+01
      vertex   1.500000e+01 2.500000e+01 -2.250000e+01
    endloop
  endfacet
  facet normal 0.000000e+00 3.826834e-01 -9.238795e-01
    outer loop
      vertex   5.000000e+00 2.435295e+01 -1.758519e+01
      vertex   1.500000e+01 2.435295e+01 -1.758519e+01
      vertex   5.000000e+00 2.375000e+01 -1.783494e+01
    endloop
  endfacet
  facet normal 0.000000e+00 3.826834e-01 -9.238795e-01
    outer loop
      vertex   5.000000e+00 2.375000e+01 -1.783494e+01
      vertex   1.500000e+01 2.435295e+01 -1.758519e+01
      vertex   1.500000e+01 2.375000e+01 -1.783494e+01
    endloop
  endfacet
  facet normal 0.000000e+00 6.087614e-01 -7.933533e-01
    outer loop
      vertex   5.000000e+00 2.375000e+01 -1.783494e+01
      vertex   1.500000e+01 2.375000e+01 -1.783494e+01
      vertex   5.000000e+00 2.323223e+01 -1.823223e+01
    endloop
  endfacet
  facet normal 0.000000e+00 6.087614e-01 -7.933533e-01
    outer loop
      vertex   5.000000e+00 2.323223e+01 -1.823223e+01
      vertex   1.500000e+01 2.375000e+01 -1.783494e+01
      vertex   1.500000e+01 2.323223e+01 -1.823223e+01
    endloop
  endfacet
  facet normal 0.000000e+00 7.933533e-01 -6.087614e-01
    outer loop
      vertex   5.000000e+00 2.323223e+01 -1.823223e+01
      vertex   1.500000e+01 2.323223e+01 -1.823223e+01
      vertex   5.000000e+00 2.283494e+01 -1.875000e+01
    endloop
  endfacet
  facet normal 0.000000e+00 7.933533e-01 -6.087614e-01
    outer loop
      vertex   5.000000e+00 2.283494e+01 -1.875000e+01
      vertex   1.500000e+01 2.323223e+01 -1.823223e+01
      vertex   1.500000e+01 2.283494e+01 -1.875000e+01
    endloop
  endfacet
  facet normal 0.000000e+00 9.238795e-01 -3.826834e-01
    outer loop
      vertex   5.000000e+00 2.283494e+01 -1.875000e+01
      vertex   1.500000e+01 2.283494e+01 -1.875000e+01
      vertex   5.000000e+00 2.258519e+01 -1.935295e+01
    endloop
  endfacet
  facet normal 0.000000e+00 9.238795e-01 -3.826834e-01
    outer loop
      vertex   5.000000e+00 2.258519e+01 -1.935295e+01
      vertex   1.500000e+01 2.283494e+01 -1.875000e+01
      vertex   1.500000e+01 2.258519e+01 -1.935295e+01
    endloop
  endfacet
  facet normal 0.000000e+00 9.914449e-01 -1.305262e-01
    outer loop
      vertex   5.000000e+00 2.258519e+01 -1.935295e+01
      vertex   1.500000e+01 2.258519e+01 -1.935295e+01
      vertex   5.000000e+00 2.250000e+01 -2.000000e+01
    endloop
  endfacet
  facet normal 0.000000e+00 9.914449e-01 -1.305262e-01
    outer loop
      vertex   5.000000e+00 2.250000e+01 -2.000000e+01
      vertex   1.500000e+01 2.258519e+01 -1.935295e+01
      vertex   1.500000e+01 2.250000e+01 -2.000000e+01
    endloop
  endfacet
  facet normal -0.000000e+00 9.914449e-01 1.305262e-01
    outer loop
      vertex   5.000000e+00 2.250000e+01 -2.000000e+01
      vertex   1.500000e+01 2.250000e+01 -2.000000e+01
      vertex   5.000000e+00 2.258519e+01 -2.064705e+01
    endloop
  endfacet
  facet normal -0.000000e+00 9.914449e-01 1.305262e-01
    outer loop
      vertex   5.000000e+00 2.258519e+01 -2.064705e+01
      vertex   1.500000e+01 2.250000e+01 -2.000000e+01
      vertex   1.500000e+01 2.258519e+01 -2.064705e+01
    endloop
  endfacet
  facet normal -0.000000e+00 9.238795e-01 3.826834e-01
    outer loop
      vertex   5.000000e+00 2.258519e+01 -2.064705e+01
      vertex   1.500000e+01 2.258519e+01 -2.064705e+01
      vertex   5.000000e+00 2.283494e+01 -2.125000e+01
    endloop
  endfacet
  facet normal -0.000000e+00 9.238795e-01 3.826834e-01
    outer loop
      vertex   5.000000e+00 2.283494e+01 -2.125000e+01
      vertex   1.500000e+01 2.258519e+01 -2.064705e+01
      vertex   1.500000e+01 2.283494e+01 -2.125000e+01
    endloop
  endfacet
  facet normal -0.000000e+00 7.933533e-01 6.087614e-01
    outer loop
      vertex   5.000000e+00 2.283494e+01 -2.125000e+01
      vertex   1.500000e+01 2.283494e+01 -2.125000e+01
      vertex   5.000000e+00 2.323223e+01 -2.176777e+01
    endloop
  endfacet
  facet normal -0.000000e+00 7.933533e-01 6.087614e-01
    outer loop
      vertex   5.000000e+00 2.323223e+01 -2.176777e+01
      vertex   1.500000e+01 2.283494e+01 -2.125000e+01
      vertex   1.500000e+01 2.323223e+01 -2.176777e+01
    endloop
  endfacet
  facet normal -0.000000e+00 6.087614e-01 7.933533e-01
    outer loop
      vertex   5.000000e+00 2.323223e+01 -2.176777e+01
      vertex   1.500000e+01 2.323223e+01 -2.176777e+01
      vertex   5.000000e+00 2.375000e+01 -2.216506e+01
    endloop
  endfacet
  facet normal -0.000000e+00 6.087614e-01 7.933533e-01
    outer loop
      vertex   5.000000e+00 2.375000e+01 -2.216506e+01
      vertex   1.500000e+01 2.323223e+01 -2.176777e+01
      vertex   1.500000e+01 2.375000e+01 -2.216506e+01
    endloop
  endfacet
  facet normal -0.000000e+00 3.826834e-01 9.238795e-01
    outer loop
      vertex   5.000000e+00 2.375000e+01 -2.216506e+01
      vertex   1.500000e+01 2.375000e+01 -2.216506e+01
      vertex   5.000000e+00 2.435295e+01 -2.241481e+01
    endloop
  endfacet
  facet normal -0.000000e+00 3.826834e-01 9.238795e-01
    outer loop
      vertex   5.000000e+00 2.435295e+01 -2.241481e+01
      vertex   1.500000e+01 2.375000e+01 -2.216506e+01
      vertex   1.500000e+01 2.435295e+01 -2.241481e+01
    endloop
  endfacet
  facet normal 1.361661e-08 1.305273e-01 9.914447e-01
    outer loop
      vertex   -1.000000e+01 2.500000e+01 -2.250000e+01
      vertex   -1.500000e+01 2.500000e+01 -2.250000e+01
      vertex   -1.500000e+01 2.435295e+01 -2.241481e+01
    endloop
  endfacet
  facet normal 0.000000e+00 3.826834e-01 -9.238795e-01
    outer loop
      vertex   -1.500000e+01 2.375000e+01 -1.783494e+01
      vertex   -1.500000e+01 2.435295e+01 -1.758519e+01
      vertex   -5.000000e+00 2.435295e+01 -1.758519e+01
    endloop
  endfacet
  facet normal 0.000000e+00 1.305263e-01 -9.914448e-01
    outer loop
      vertex   -5.000000e+00 2.435295e+01 -1.758519e+01
      vertex   -1.500000e+01 2.435295e+01 -1.758519e+01
      vertex   -1.000000e+01 2.500000e+01 -1.750000e+01
    endloop
  endfacet
  facet normal 0.000000e+00 1.305263e-01 -9.914448e-01
    outer loop
      vertex   -5.000000e+00 2.435295e+01 -1.758519e+01
      vertex   -1.000000e+01 2.500000e+01 -1.750000e+01
      vertex   1.000000e+01 2.500000e+01 -1.750000e+01
    endloop
  endfacet
  facet normal 1.361648e-08 1.305262e-01 -9.914449e-01
    outer loop
      vertex   -1.500000e+01 2.435295e+01 -1.758519e+01
      vertex   -1.500000e+01 2.500000e+01 -1.750000e+01
      vertex   -1.000000e+01 2.500000e+01 -1.750000e+01
    endloop
  endfacet
  facet normal -3.282279e-16 3.826834e-01 -9.238795e-01
    outer loop
      vertex   -5.000000e+00 2.375000e+01 -1.783494e+01
      vertex   5.000000e+00 2.435295e+01 -1.758519e+01
      vertex   5.000000e+00 2.375000e+01 -1.783494e+01
    endloop
  endfacet
  facet normal -2.806898e-16 6.087614e-01 -7.933533e-01
    outer loop
      vertex   -5.000000e+00 2.323223e+01 -1.823223e+01
      vertex   -5.000000e+00 2.375000e+01 -1.783494e+01
      vertex   5.000000e+00 2.375000e+01 -1.783494e+01
    endloop
  endfacet
  facet normal 0.000000e+00 6.087614e-01 -7.933533e-01
    outer loop
      vertex   -5.000000e+00 2.323223e+01 -1.823223e+01
      vertex   5.000000e+00 2.375000e+01 -1.783494e+01
      vertex   5.000000e+00 2.323223e+01 -1.823223e+01
    endloop
  endfacet
  facet normal 0.000000e+00 7.933533e-01 -6.087614e-01
    outer loop
      vertex   -5.000000e+00 2.283494e+01 -1.875000e+01
      vertex   -5.000000e+00 2.323223e+01 -1.823223e+01
      vertex   5.000000e+00 2.323223e+01 -1.823223e+01
    endloop
  endfacet
  facet normal 0.000000e+00 7.933533e-01 -6.087614e-01
    outer loop
      vertex   -5.000000e+00 2.283494e+01 -1.875000e+01
      vertex   5.000000e+00 2.323223e+01 -1.823223e+01
      vertex   5.000000e+00 2.283494e+01 -1.875000e+01
    endloop
  endfacet
  facet normal 0.000000e+00 9.238795e-01 -3.826834e-01
    outer loop
      vertex   -5.000000e+00 2.258519e+01 -1.935295e+01
      vertex   -5.000000e+00 2.283494e+01 -1.875000e+01
      vertex   5.000000e+00 2.283494e+01 -1.875000e+01
    endloop
  endfacet
  facet normal 0.000000e+00 9.238795e-01 -3.826834e-01
    outer loop
      vertex   -5.000000e+00 2.258519e+01 -1.935295e+01
      vertex   5.000000e+00 2.283494e+01 -1.875000e+01
      vertex   5.000000e+00 2.258519e+01 -1.935295e+01
    endloop
  endfacet
  facet normal 0.000000e+00 9.914449e-01 -1.305262e-01
    outer loop
      vertex   -5.000000e+00 2.250000e+01 -2.000000e+01
      vertex   -5.000000e+00 2.258519e+01 -1.935295e+01
      vertex   5.000000e+00 2.258519e+01 -1.935295e+01
    endloop
  endfacet
  facet normal 0.000000e+00 9.914449e-01 -1.305262e-01
    outer loop
      vertex   -5.000000e+00 2.250000e+01 -2.000000e+01
      vertex   5.000000e+00 2.258519e+01 -1.935295e+01
      vertex   5.000000e+00 2.250000e+01 -2.000000e+01
    endloop
  endfacet
  facet normal 0.000000e+00 9.914449e-01 1.305262e-01
    outer loop
      vertex   -5.000000e+00 2.258519e+01 -2.064705e+01
      vertex   -5.000000e+00 2.250000e+01 -2.000000e+01
      vertex   5.000000e+00 2.250000e+01 -2.000000e+01
    endloop
  endfacet
  facet normal -0.000000e+00 9.914449e-01 1.305262e-01
    outer loop
      vertex   -5.000000e+00 2.258519e+01 -2.064705e+01
      vertex   5.000000e+00 2.250000e+01 -2.000000e+01
      vertex   5.000000e+00 2.258519e+01 -2.064705e+01
    endloop
  endfacet
  facet normal 0.000000e+00 9.238795e-01 3.826834e-01
    outer loop
      vertex   -5.000000e+00 2.283494e+01 -2.125000e+01
      vertex   -5.000000e+00 2.258519e+01 -2.064705e+01
      vertex   5.000000e+00 2.258519e+01 -2.064705e+01
    endloop
  endfacet
  facet normal -0.000000e+00 9.238795e-01 3.826834e-01
    outer loop
      vertex   -5.000000e+00 2.283494e+01 -2.125000e+01
      vertex   5.000000e+00 2.258519e+01 -2.064705e+01
      vertex   5.000000e+00 2.283494e+01 -2.125000e+01
    endloop
  endfacet
  facet normal 0.000000e+00 7.933533e-01 6.087614e-01
    outer loop
      vertex   -5.000000e+00 2.323223e+01 -2.176777e+01
      vertex   -5.000000e+00 2.283494e+01 -2.125000e+01
      vertex   5.000000e+00 2.283494e+01 -2.125000e+01
    endloop
  endfacet
  facet normal -0.000000e+00 7.933533e-01 6.087614e-01
    outer loop
      vertex   -5.000000e+00 2.323223e+01 -2.176777e+01
      vertex   5.000000e+00 2.283494e+01 -2.125000e+01
      vertex   5.000000e+00 2.323223e+01 -2.176777e+01
    endloop
  endfacet
  facet normal 0.000000e+00 6.087614e-01 7.933533e-01
    outer loop
      vertex   -5.000000e+00 2.375000e+01 -2.216506e+01
      vertex   -5.000000e+00 2.323223e+01 -2.176777e+01
      vertex   5.000000e+00 2.323223e+01 -2.176777e+01
    endloop
  endfacet
  facet normal -0.000000e+00 6.087614e-01 7.933533e-01
    outer loop
      vertex   -5.000000e+00 2.375000e+01 -2.216506e+01
      vertex   5.000000e+00 2.323223e+01 -2.176777e+01
      vertex   5.000000e+00 2.375000e+01 -2.216506e+01
    endloop
  endfacet
  facet normal 0.000000e+00 3.826834e-01 9.238795e-01
    outer loop
      vertex   -5.000000e+00 2.435295e+01 -2.241481e+01
      vertex   -5.000000e+00 2.375000e+01 -2.216506e+01
      vertex   5.000000e+00 2.375000e+01 -2.216506e+01
    endloop
  endfacet
  facet normal -0.000000e+00 3.826834e-01 9.238795e-01
    outer loop
      vertex   -5.000000e+00 2.435295e+01 -2.241481e+01
      vertex   5.000000e+00 2.375000e+01 -2.216506e+01
      vertex   5.000000e+00 2.435295e+01 -2.241481e+01
    endloop
  endfacet
  facet normal -1.000000e+00 0.000000e+00 0.000000e+00
    outer loop
      vertex   1.000000e+01 2.500000e+01 -2.250000e+01
      vertex   1.000000e+01 1.400000e+02 -2.250000e+01
      vertex   1.000000e+01 2.500000e+01 -2.500000e+01
    endloop
  endfacet
  facet normal -1.000000e+00 0.000000e+00 0.000000e+00
    outer loop
      vertex   1.000000e+01 2.500000e+01 -2.500000e+01
      vertex   1.000000e+01 1.400000e+02 -2.250000e+01
      vertex   1.000000e+01 1.750000e+02 -2.500000e+01
    endloop
  endfacet
  facet normal -1.000000e+00 0.000000e+00 0.000000e+00
    outer loop
      vertex   1.000000e+01 1.750000e+02 -2.500000e+01
      vertex   1.000000e+01 1.400000e+02 -2.250000e+01
      vertex   1.000000e+01 1.406470e+02 -2.241481e+01
    endloop
  endfacet
  facet normal -1.000000e+00 0.000000e+00 0.000000e+00
    outer loop
      vertex   1.000000e+01 1.750000e+02 -2.500000e+01
      vertex   1.000000e+01 1.406470e+02 -2.241481e+01
      vertex   1.000000e+01 1.412500e+02 -2.216506e+01
    endloop
  endfacet
  facet normal -1.000000e+00 0.000000e+00 0.000000e+00
    outer loop
      vertex   1.000000e+01 1.412500e+02 -2.216506e+01
      vertex   1.000000e+01 1.417678e+02 -2.176777e+01
      vertex   1.000000e+01 1.750000e+02 -2.500000e+01
    endloop
  endfacet
  facet normal -1.000000e+00 0.000000e+00 0.000000e+00
    outer loop
      vertex   1.000000e+01 1.750000e+02 -2.500000e+01
      vertex   1.000000e+01 1.417678e+02 -2.176777e+01
      vertex   1.000000e+01 1.421651e+02 -2.125000e+01
    endloop
  endfacet
  facet normal -1.000000e+00 0.000000e+00 0.000000e+00
    outer loop
      vertex   1.000000e+01 1.750000e+02 -2.500000e+01
      vertex   1.000000e+01 1.421651e+02 -2.125000e+01
      vertex   1.000000e+01 1.424148e+02 -2.064705e+01
    endloop
  endfacet
  facet normal -1.000000e+00 0.000000e+00 0.000000e+00
    outer loop
      vertex   1.000000e+01 1.424148e+02 -2.064705e+01
      vertex   1.000000e+01 1.425000e+02 -2.000000e+01
      vertex   1.000000e+01 1.750000e+02 -2.500000e+01
    endloop
  endfacet
  facet normal -1.000000e+00 0.000000e+00 0.000000e+00
    outer loop
      vertex   1.000000e+01 1.750000e+02 -2.500000e+01
      vertex   1.000000e+01 1.425000e+02 -2.000000e+01
      vertex   1.000000e+01 1.750000e+02 -1.500000e+01
    endloop
  endfacet
  facet normal -1.000000e+00 0.000000e+00 0.000000e+00
    outer loop
      vertex   1.000000e+01 1.750000e+02 -1.500000e+01
      vertex   1.000000e+01 1.425000e+02 -2.000000e+01
      vertex   1.000000e+01 1.424148e+02 -1.935295e+01
    endloop
  endfacet
  facet normal -1.000000e+00 0.000000e+00 0.000000e+00
    outer loop
      vertex   1.000000e+01 1.750000e+02 -1.500000e+01
      vertex   1.000000e+01 1.424148e+02 -1.935295e+01
      vertex   1.000000e+01 1.421651e+02 -1.875000e+01
    endloop
  endfacet
  facet normal -1.000000e+00 0.000000e+00 0.000000e+00
    outer loop
      vertex   1.000000e+01 1.421651e+02 -1.875000e+01
      vertex   1.000000e+01 1.417678e+02 -1.823223e+01
      vertex   1.000000e+01 1.750000e+02 -1.500000e+01
    endloop
  endfacet
  facet normal -1.000000e+00 0.000000e+00 0.000000e+00
    outer loop
      vertex   1.000000e+01 1.750000e+02 -1.500000e+01
      vertex   1.000000e+01 1.417678e+02 -1.823223e+01
      vertex   1.000000e+01 1.412500e+02 -1.783494e+01
    endloop
  endfacet
  facet normal -1.000000e+00 0.000000e+00 0.000000e+00
    outer loop
      vertex   1.000000e+01 1.750000e+02 -1.500000e+01
      vertex   1.000000e+01 1.412500e+02 -1.783494e+01
      vertex   1.000000e+01 1.406470e+02 -1.758519e+01
    endloop
  endfacet
  facet normal -1.000000e+00 0.000000e+00 0.000000e+00
    outer loop
      vertex   1.000000e+01 1.406470e+02 -1.758519e+01
      vertex   1.000000e+01 1.400000e+02 -1.750000e+01
      vertex   1.000000e+01 1.750000e+02 -1.500000e+01
    endloop
  endfacet
  facet normal -1.000000e+00 -0.000000e+00 0.000000e+00
    outer loop
      vertex   1.000000e+01 1.750000e+02 -1.500000e+01
      vertex   1.000000e+01 1.400000e+02 -1.750000e+01
      vertex   1.000000e+01 2.500000e+01 -1.500000e+01
    endloop
  endfacet
  facet normal -1.000000e+00 0.000000e+00 0.000000e+00
    outer loop
      vertex   1.000000e+01 2.500000e+01 -1.500000e+01
      vertex   1.000000e+01 1.400000e+02 -1.750000e+01
      vertex   1.000000e+01 2.500000e+01 -1.750000e+01
    endloop
  endfacet
  facet normal 0.000000e+00 1.000000e+00 0.000000e+00
    outer loop
      vertex   -1.000000e+01 2.500000e+01 -1.750000e+01
      vertex   -7.652959e-12 2.500000e+01 -1.500000e+01
      vertex   1.000000e+01 2.500000e+01 -1.750000e+01
    endloop
  endfacet
  facet normal 0.000000e+00 1.000000e+00 0.000000e+00
    outer loop
      vertex   1.000000e+01 2.500000e+01 -1.750000e+01
      vertex   -7.652959e-12 2.500000e+01 -1.500000e+01
      vertex   5.000000e+00 2.500000e+01 -1.500000e+01
    endloop
  endfacet
  facet normal 0.000000e+00 1.000000e+00 -0.000000e+00
    outer loop
      vertex   1.000000e+01 2.500000e+01 -1.750000e+01
      vertex   5.000000e+00 2.500000e+01 -1.500000e+01
      vertex   1.000000e+01 2.500000e+01 -1.500000e+01
    endloop
  endfacet
  facet normal -0.000000e+00 1.000000e+00 0.000000e+00
    outer loop
      vertex   -1.000000e+01 2.500000e+01 -1.500000e+01
      vertex   -5.000000e+00 2.500000e+01 -1.500000e+01
      vertex   -1.000000e+01 2.500000e+01 -1.750000e+01
    endloop
  endfacet
  facet normal 0.000000e+00 1.000000e+00 0.000000e+00
    outer loop
      vertex   -1.000000e+01 2.500000e+01 -1.750000e+01
      vertex   -5.000000e+00 2.500000e+01 -1.500000e+01
      vertex   -7.652959e-12 2.500000e+01 -1.500000e+01
    endloop
  endfacet
  facet normal 0.000000e+00 1.000000e+00 0.000000e+00
    outer loop
      vertex   -5.000000e+00 2.500000e+01 -1.414214e+01
      vertex   -3.369371e+00 2.500000e+01 -1.461668e+01
      vertex   -5.000000e+00 2.500000e+01 -1.500000e+01
    endloop
  endfacet
  facet normal 0.000000e+00 1.000000e+00 0.000000e+00
    outer loop
      vertex   -5.000000e+00 2.500000e+01 -1.500000e+01
      vertex   -3.369371e+00 2.500000e+01 -1.461668e+01
      vertex   -1.695553e+00 2.500000e+01 -1.490386e+01
    endloop
  endfacet
  facet normal 0.000000e+00 1.000000e+00 0.000000e+00
    outer loop
      vertex   -5.000000e+00 2.500000e+01 -1.500000e+01
      vertex   -1.695553e+00 2.500000e+01 -1.490386e+01
      vertex   -7.652959e-12 2.500000e+01 -1.500000e+01
    endloop
  endfacet
  facet normal -0.000000e+00 1.000000e+00 0.000000e+00
    outer loop
      vertex   -7.652959e-12 2.500000e+01 -1.500000e+01
      vertex   1.695553e+00 2.500000e+01 -1.490386e+01
      vertex   5.000000e+00 2.500000e+01 -1.500000e+01
    endloop
  endfacet
  facet normal 0.000000e+00 1.000000e+00 0.000000e+00
    outer loop
      vertex   5.000000e+00 2.500000e+01 -1.500000e+01
      vertex   1.695553e+00 2.500000e+01 -1.490386e+01
      vertex   3.369371e+00 2.500000e+01 -1.461668e+01
    endloop
  endfacet
  facet normal 0.000000e+00 1.000000e+00 -0.000000e+00
    outer loop
      vertex   5.000000e+00 2.500000e+01 -1.500000e+01
      vertex   3.369371e+00 2.500000e+01 -1.461668e+01
      vertex   5.000000e+00 2.500000e+01 -1.414214e+01
    endloop
  endfacet
  facet normal 0.000000e+00 1.000000e+00 0.000000e+00
    outer loop
      vertex   -1.000000e+01 2.500000e+01 -2.500000e+01
      vertex   -1.000000e+01 2.500000e+01 -2.250000e+01
      vertex   -5.000000e+00 2.500000e+01 -2.500000e+01
    endloop
  endfacet
  facet normal 0.000000e+00 1.000000e+00 -0.000000e+00
    outer loop
      vertex   -5.000000e+00 2.500000e+01 -2.500000e+01
      vertex   -1.000000e+01 2.500000e+01 -2.250000e+01
      vertex   1.000000e+01 2.500000e+01 -2.250000e+01
    endloop
  endfacet
  facet normal 0.000000e+00 1.000000e+00 0.000000e+00
    outer loop
      vertex   -5.000000e+00 2.500000e+01 -2.500000e+01
      vertex   1.000000e+01 2.500000e+01 -2.250000e+01
      vertex   5.000000e+00 2.500000e+01 -2.500000e+01
    endloop
  endfacet
  facet normal 0.000000e+00 1.000000e+00 0.000000e+00
    outer loop
      vertex   5.000000e+00 2.500000e+01 -2.500000e+01
      vertex   1.000000e+01 2.500000e+01 -2.250000e+01
      vertex   1.000000e+01 2.500000e+01 -2.500000e+01
    endloop
  endfacet
  facet normal 2.794271e-01 0.000000e+00 9.601669e-01
    outer loop
      vertex   -5.000000e+00 2.500000e+01 -1.414214e+01
      vertex   -5.000000e+00 0.000000e+00 -1.414214e+01
      vertex   -3.369371e+00 2.500000e+01 -1.461668e+01
    endloop
  endfacet
  facet normal 2.794271e-01 -3.347860e-17 9.601669e-01
    outer loop
      vertex   -3.369371e+00 2.500000e+01 -1.461668e+01
      vertex   -5.000000e+00 0.000000e+00 -1.414214e+01
      vertex   -3.369371e+00 0.000000e+00 -1.461668e+01
    endloop
  endfacet
  facet normal 1.691020e-01 -4.900401e-17 9.855986e-01
    outer loop
      vertex   -3.369371e+00 2.500000e+01 -1.461668e+01
      vertex   -3.369371e+00 0.000000e+00 -1.461668e+01
      vertex   -1.695553e+00 2.500000e+01 -1.490386e+01
    endloop
  endfacet
  facet normal 1.691020e-01 0.000000e+00 9.855986e-01
    outer loop
      vertex   -1.695553e+00 2.500000e+01 -1.490386e+01
      vertex   -3.369371e+00 0.000000e+00 -1.461668e+01
      vertex   -1.695553e+00 0.000000e+00 -1.490386e+01
    endloop
  endfacet
  facet normal 5.660921e-02 0.000000e+00 9.983964e-01
    outer loop
      vertex   -1.695553e+00 2.500000e+01 -1.490386e+01
      vertex   -1.695553e+00 0.000000e+00 -1.490386e+01
      vertex   -7.652959e-12 2.500000e+01 -1.500000e+01
    endloop
  endfacet
  facet normal 5.660921e-02 0.000000e+00 9.983964e-01
    outer loop
      vertex   -7.652959e-12 2.500000e+01 -1.500000e+01
      vertex   -1.695553e+00 0.000000e+00 -1.490386e+01
      vertex   -7.652959e-12 0.000000e+00 -1.500000e+01
    endloop
  endfacet
  facet normal -5.660921e-02 0.000000e+00 9.983964e-01
    outer loop
      vertex   -7.652959e-12 2.500000e+01 -1.500000e+01
      vertex   -7.652959e-12 0.000000e+00 -1.500000e+01
      vertex   1.695553e+00 2.500000e+01 -1.490386e+01
    endloop
  endfacet
  facet normal -5.660921e-02 0.000000e+00 9.983964e-01
    outer loop
      vertex   1.695553e+00 2.500000e+01 -1.490386e+01
      vertex   -7.652959e-12 0.000000e+00 -1.500000e+01
      vertex   1.695553e+00 0.000000e+00 -1.490386e+01
    endloop
  endfacet
  facet normal -1.691020e-01 0.000000e+00 9.855986e-01
    outer loop
      vertex   1.695553e+00 2.500000e+01 -1.490386e+01
      vertex   1.695553e+00 0.000000e+00 -1.490386e+01
      vertex   3.369371e+00 2.500000e+01 -1.461668e+01
    endloop
  endfacet
  facet normal -1.691020e-01 -2.102698e-17 9.855986e-01
    outer loop
      vertex   3.369371e+00 2.500000e+01 -1.461668e+01
      vertex   1.695553e+00 0.000000e+00 -1.490386e+01
      vertex   3.369371e+00 0.000000e+00 -1.461668e+01
    endloop
  endfacet
  facet normal -2.794271e-01 -3.474536e-17 9.601669e-01
    outer loop
      vertex   3.369371e+00 2.500000e+01 -1.461668e+01
      vertex   3.369371e+00 0.000000e+00 -1.461668e+01
      vertex   5.000000e+00 2.500000e+01 -1.414214e+01
    endloop
  endfacet
  facet normal -2.794271e-01 0.000000e+00 9.601669e-01
    outer loop
      vertex   5.000000e+00 2.500000e+01 -1.414214e+01
      vertex   3.369371e+00 0.000000e+00 -1.461668e+01
      vertex   5.000000e+00 0.000000e+00 -1.414214e+01
    endloop
  endfacet
  facet normal 0.000000e+00 0.000000e+00 -1.000000e+00
    outer loop
      vertex   1.000000e+01 2.500000e+01 -1.500000e+01
      vertex   5.000000e+00 2.500000e+01 -1.500000e+01
      vertex   1.000000e+01 1.750000e+02 -1.500000e+01
    endloop
  endfacet
  facet normal -0.000000e+00 0.000000e+00 -1.000000e+00
    outer loop
      vertex   1.000000e+01 1.750000e+02 -1.500000e+01
      vertex   5.000000e+00 2.500000e+01 -1.500000e+01
      vertex   5.000000e+00 1.750000e+02 -1.500000e+01
    endloop
  endfacet
  facet normal 1.000000e+00 0.000000e+00 0.000000e+00
    outer loop
      vertex   -5.000000e+00 0.000000e+00 -1.414214e+01
      vertex   -5.000000e+00 2.500000e+01 -1.414214e+01
      vertex   -5.000000e+00 0.000000e+00 -8.660254e+00
    endloop
  endfacet
  facet normal 1.000000e+00 5.075305e-18 2.314582e-17
    outer loop
      vertex   -5.000000e+00 0.000000e+00 -8.660254e+00
      vertex   -5.000000e+00 2.500000e+01 -1.414214e+01
      vertex   -5.000000e+00 1.750000e+02 -8.660254e+00
    endloop
  endfacet
  facet normal 1.000000e+00 5.921189e-18 0.000000e+00
    outer loop
      vertex   -5.000000e+00 1.750000e+02 -8.660254e+00
      vertex   -5.000000e+00 2.500000e+01 -1.414214e+01
      vertex   -5.000000e+00 1.750000e+02 -1.500000e+01
    endloop
  endfacet
  facet normal 1.000000e+00 0.000000e+00 -1.035336e-15
    outer loop
      vertex   -5.000000e+00 1.750000e+02 -1.500000e+01
      vertex   -5.000000e+00 2.500000e+01 -1.414214e+01
      vertex   -5.000000e+00 2.500000e+01 -1.500000e+01
    endloop
  endfacet
  facet normal 0.000000e+00 0.000000e+00 -1.000000e+00
    outer loop
      vertex   -5.000000e+00 2.500000e+01 -1.500000e+01
      vertex   -1.000000e+01 2.500000e+01 -1.500000e+01
      vertex   -5.000000e+00 1.750000e+02 -1.500000e+01
    endloop
  endfacet
  facet normal -0.000000e+00 0.000000e+00 -1.000000e+00
    outer loop
      vertex   -5.000000e+00 1.750000e+02 -1.500000e+01
      vertex   -1.000000e+01 2.500000e+01 -1.500000e+01
      vertex   -1.000000e+01 1.750000e+02 -1.500000e+01
    endloop
  endfacet
  facet normal 0.000000e+00 0.000000e+00 -1.000000e+00
    outer loop
      vertex   1.690370e+00 5.452933e+00 -2.500000e+01
      vertex   2.500000e+00 1.066987e+01 -2.500000e+01
      vertex   1.750000e+00 5.000000e+00 -2.500000e+01
    endloop
  endfacet
  facet normal 0.000000e+00 0.000000e+00 -1.000000e+00
    outer loop
      vertex   1.750000e+00 5.000000e+00 -2.500000e+01
      vertex   2.500000e+00 1.066987e+01 -2.500000e+01
      vertex   3.345653e+00 1.128428e+01 -2.500000e+01
    endloop
  endfacet
  facet normal 0.000000e+00 -0.000000e+00 -1.000000e+00
    outer loop
      vertex   1.750000e+00 5.000000e+00 -2.500000e+01
      vertex   3.345653e+00 1.128428e+01 -2.500000e+01
      vertex   1.690370e+00 4.547067e+00 -2.500000e+01
    endloop
  endfacet
  facet normal 0.000000e+00 0.000000e+00 -1.000000e+00
    outer loop
      vertex   1.690370e+00 4.547067e+00 -2.500000e+01
      vertex   3.345653e+00 1.128428e+01 -2.500000e+01
      vertex   4.045085e+00 1.206107e+01 -2.500000e+01
    endloop
  endfacet
  facet normal 0.000000e+00 0.000000e+00 -1.000000e+00
    outer loop
      vertex   1.690370e+00 4.547067e+00 -2.500000e+01
      vertex   4.045085e+00 1.206107e+01 -2.500000e+01
      vertex   4.567727e+00 1.296632e+01 -2.500000e+01
    endloop
  endfacet
  facet normal 0.000000e+00 0.000000e+00 -1.000000e+00
    outer loop
      vertex   2.500000e+00 1.066987e+01 -2.500000e+01
      vertex   1.690370e+00 5.452933e+00 -2.500000e+01
      vertex   1.545085e+00 1.024472e+01 -2.500000e+01
    endloop
  endfacet
  facet normal 0.000000e+00 -0.000000e+00 -1.000000e+00
    outer loop
      vertex   1.545085e+00 1.024472e+01 -2.500000e+01
      vertex   1.690370e+00 5.452933e+00 -2.500000e+01
      vertex   1.515544e+00 5.875000e+00 -2.500000e+01
    endloop
  endfacet
  facet normal 0.000000e+00 0.000000e+00 -1.000000e+00
    outer loop
      vertex   1.545085e+00 1.024472e+01 -2.500000e+01
      vertex   1.515544e+00 5.875000e+00 -2.500000e+01
      vertex   1.237437e+00 6.237437e+00 -2.500000e+01
    endloop
  endfacet
  facet normal 0.000000e+00 0.000000e+00 -1.000000e+00
    outer loop
      vertex   1.237437e+00 6.237437e+00 -2.500000e+01
      vertex   8.750000e-01 6.515544e+00 -2.500000e+01
      vertex   1.545085e+00 1.024472e+01 -2.500000e+01
    endloop
  endfacet
  facet normal 0.000000e+00 0.000000e+00 -1.000000e+00
    outer loop
      vertex   1.545085e+00 1.024472e+01 -2.500000e+01
      vertex   8.750000e-01 6.515544e+00 -2.500000e+01
      vertex   5.226423e-01 1.002739e+01 -2.500000e+01
    endloop
  endfacet
  facet normal 0.000000e+00 -0.000000e+00 -1.000000e+00
    outer loop
      vertex   5.226423e-01 1.002739e+01 -2.500000e+01
      vertex   8.750000e-01 6.515544e+00 -2.500000e+01
      vertex   4.529333e-01 6.690370e+00 -2.500000e+01
    endloop
  endfacet
  facet normal 0.000000e+00 0.000000e+00 -1.000000e+00
    outer loop
      vertex   5.226423e-01 1.002739e+01 -2.500000e+01
      vertex   4.529333e-01 6.690370e+00 -2.500000e+01
      vertex   -1.071566e-16 6.750000e+00 -2.500000e+01
    endloop
  endfacet
  facet normal -0.000000e+00 0.000000e+00 -1.000000e+00
    outer loop
      vertex   5.226423e-01 1.002739e+01 -2.500000e+01
      vertex   -1.071566e-16 6.750000e+00 -2.500000e+01
      vertex   -5.226423e-01 1.002739e+01 -2.500000e+01
    endloop
  endfacet
  facet normal 0.000000e+00 0.000000e+00 -1.000000e+00
    outer loop
      vertex   -5.226423e-01 1.002739e+01 -2.500000e+01
      vertex   -1.071566e-16 6.750000e+00 -2.500000e+01
      vertex   -4.529333e-01 6.690370e+00 -2.500000e+01
    endloop
  endfacet
  facet normal 0.000000e+00 -0.000000e+00 -1.000000e+00
    outer loop
      vertex   -5.226423e-01 1.002739e+01 -2.500000e+01
      vertex   -4.529333e-01 6.690370e+00 -2.500000e+01
      vertex   -8.750000e-01 6.515544e+00 -2.500000e+01
    endloop
  endfacet
  facet normal -0.000000e+00 0.000000e+00 -1.000000e+00
    outer loop
      vertex   -5.226423e-01 1.002739e+01 -2.500000e+01
      vertex   -8.750000e-01 6.515544e+00 -2.500000e+01
      vertex   -1.545085e+00 1.024472e+01 -2.500000e+01
    endloop
  endfacet
  facet normal 0.000000e+00 0.000000e+00 -1.000000e+00
    outer loop
      vertex   -1.545085e+00 1.024472e+01 -2.500000e+01
      vertex   -8.750000e-01 6.515544e+00 -2.500000e+01
      vertex   -1.237437e+00 6.237437e+00 -2.500000e+01
    endloop
  endfacet
  facet normal 0.000000e+00 0.000000e+00 -1.000000e+00
    outer loop
      vertex   -1.545085e+00 1.024472e+01 -2.500000e+01
      vertex   -1.237437e+00 6.237437e+00 -2.500000e+01
      vertex   -1.515544e+00 5.875000e+00 -2.500000e+01
    endloop
  endfacet
  facet normal -0.000000e+00 0.000000e+00 -1.000000e+00
    outer loop
      vertex   -1.515544e+00 5.875000e+00 -2.500000e+01
      vertex   -1.690370e+00 5.452933e+00 -2.500000e+01
      vertex   -1.545085e+00 1.024472e+01 -2.500000e+01
    endloop
  endfacet
  facet normal -0.000000e+00 0.000000e+00 -1.000000e+00
    outer loop
      vertex   -1.545085e+00 1.024472e+01 -2.500000e+01
      vertex   -1.690370e+00 5.452933e+00 -2.500000e+01
      vertex   -2.500000e+00 1.066987e+01 -2.500000e+01
    endloop
  endfacet
  facet normal 0.000000e+00 0.000000e+00 -1.000000e+00
    outer loop
      vertex   -2.500000e+00 1.066987e+01 -2.500000e+01
      vertex   -1.690370e+00 5.452933e+00 -2.500000e+01
      vertex   -1.750000e+00 5.000000e+00 -2.500000e+01
    endloop
  endfacet
  facet normal -0.000000e+00 -0.000000e+00 -1.000000e+00
    outer loop
      vertex   -2.500000e+00 1.066987e+01 -2.500000e+01
      vertex   -1.750000e+00 5.000000e+00 -2.500000e+01
      vertex   -3.345653e+00 1.128428e+01 -2.500000e+01
    endloop
  endfacet
  facet normal 0.000000e+00 0.000000e+00 -1.000000e+00
    outer loop
      vertex   -3.345653e+00 1.128428e+01 -2.500000e+01
      vertex   -1.750000e+00 5.000000e+00 -2.500000e+01
      vertex   -1.690370e+00 4.547067e+00 -2.500000e+01
    endloop
  endfacet
  facet normal -0.000000e+00 -0.000000e+00 -1.000000e+00
    outer loop
      vertex   -3.345653e+00 1.128428e+01 -2.500000e+01
      vertex   -1.690370e+00 4.547067e+00 -2.500000e+01
      vertex   -4.045085e+00 1.206107e+01 -2.500000e+01
    endloop
  endfacet
  facet normal -0.000000e+00 -0.000000e+00 -1.000000e+00
    outer loop
      vertex   -4.045085e+00 1.206107e+01 -2.500000e+01
      vertex   -1.690370e+00 4.547067e+00 -2.500000e+01
      vertex   -4.567727e+00 1.296632e+01 -2.500000e+01
    endloop
  endfacet
  facet normal 0.000000e+00 -0.000000e+00 -1.000000e+00
    outer loop
      vertex   -4.567727e+00 1.296632e+01 -2.500000e+01
      vertex   -1.690370e+00 4.547067e+00 -2.500000e+01
      vertex   -1.500000e+01 0.000000e+00 -2.500000e+01
    endloop
  endfacet
  facet normal -0.000000e+00 0.000000e+00 -1.000000e+00
    outer loop
      vertex   -4.567727e+00 1.296632e+01 -2.500000e+01
      vertex   -1.500000e+01 0.000000e+00 -2.500000e+01
      vertex   -4.890738e+00 1.396044e+01 -2.500000e+01
    endloop
  endfacet
  facet normal -0.000000e+00 0.000000e+00 -1.000000e+00
    outer loop
      vertex   -4.890738e+00 1.396044e+01 -2.500000e+01
      vertex   -1.500000e+01 0.000000e+00 -2.500000e+01
      vertex   -1.000000e+01 2.500000e+01 -2.500000e+01
    endloop
  endfacet
  facet normal 0.000000e+00 0.000000e+00 -1.000000e+00
    outer loop
      vertex   -4.890738e+00 1.396044e+01 -2.500000e+01
      vertex   -1.000000e+01 2.500000e+01 -2.500000e+01
      vertex   -5.000000e+00 1.500000e+01 -2.500000e+01
    endloop
  endfacet
  facet normal 0.000000e+00 0.000000e+00 -1.000000e+00
    outer loop
      vertex   -5.000000e+00 1.500000e+01 -2.500000e+01
      vertex   -1.000000e+01 2.500000e+01 -2.500000e+01
      vertex   -5.000000e+00 2.500000e+01 -2.500000e+01
    endloop
  endfacet
  facet normal 0.000000e+00 -0.000000e+00 -1.000000e+00
    outer loop
      vertex   -1.690370e+00 4.547067e+00 -2.500000e+01
      vertex   -1.515544e+00 4.125000e+00 -2.500000e+01
      vertex   -1.500000e+01 0.000000e+00 -2.500000e+01
    endloop
  endfacet
  facet normal 0.000000e+00 0.000000e+00 -1.000000e+00
    outer loop
      vertex   -1.500000e+01 0.000000e+00 -2.500000e+01
      vertex   -1.515544e+00 4.125000e+00 -2.500000e+01
      vertex   -1.237437e+00 3.762563e+00 -2.500000e+01
    endloop
  endfacet
  facet normal 0.000000e+00 0.000000e+00 -1.000000e+00
    outer loop
      vertex   -1.500000e+01 0.000000e+00 -2.500000e+01
      vertex   -1.237437e+00 3.762563e+00 -2.500000e+01
      vertex   -8.750000e-01 3.484456e+00 -2.500000e+01
    endloop
  endfacet
  facet normal 0.000000e+00 -0.000000e+00 -1.000000e+00
    outer loop
      vertex   -8.750000e-01 3.484456e+00 -2.500000e+01
      vertex   -4.529333e-01 3.309630e+00 -2.500000e+01
      vertex   -1.500000e+01 0.000000e+00 -2.500000e+01
    endloop
  endfacet
  facet normal 0.000000e+00 0.000000e+00 -1.000000e+00
    outer loop
      vertex   -1.500000e+01 0.000000e+00 -2.500000e+01
      vertex   -4.529333e-01 3.309630e+00 -2.500000e+01
      vertex   -1.071566e-16 3.250000e+00 -2.500000e+01
    endloop
  endfacet
  facet normal 0.000000e+00 0.000000e+00 -1.000000e+00
    outer loop
      vertex   -1.500000e+01 0.000000e+00 -2.500000e+01
      vertex   -1.071566e-16 3.250000e+00 -2.500000e+01
      vertex   1.500000e+01 0.000000e+00 -2.500000e+01
    endloop
  endfacet
  facet normal 0.000000e+00 0.000000e+00 -1.000000e+00
    outer loop
      vertex   1.500000e+01 0.000000e+00 -2.500000e+01
      vertex   -1.071566e-16 3.250000e+00 -2.500000e+01
      vertex   4.529333e-01 3.309630e+00 -2.500000e+01
    endloop
  endfacet
  facet normal 0.000000e+00 0.000000e+00 -1.000000e+00
    outer loop
      vertex   1.500000e+01 0.000000e+00 -2.500000e+01
      vertex   4.529333e-01 3.309630e+00 -2.500000e+01
      vertex   8.750000e-01 3.484456e+00 -2.500000e+01
    endloop
  endfacet
  facet normal 0.000000e+00 0.000000e+00 -1.000000e+00
    outer loop
      vertex   8.750000e-01 3.484456e+00 -2.500000e+01
      vertex   1.237437e+00 3.762563e+00 -2.500000e+01
      vertex   1.500000e+01 0.000000e+00 -2.500000e+01
    endloop
  endfacet
  facet normal 0.000000e+00 0.000000e+00 -1.000000e+00
    outer loop
      vertex   1.500000e+01 0.000000e+00 -2.500000e+01
      vertex   1.237437e+00 3.762563e+00 -2.500000e+01
      vertex   1.515544e+00 4.125000e+00 -2.500000e+01
    endloop
  endfacet
  facet normal 0.000000e+00 0.000000e+00 -1.000000e+00
    outer loop
      vertex   1.500000e+01 0.000000e+00 -2.500000e+01
      vertex   1.515544e+00 4.125000e+00 -2.500000e+01
      vertex   1.690370e+00 4.547067e+00 -2.500000e+01
    endloop
  endfacet
  facet normal 0.000000e+00 0.000000e+00 -1.000000e+00
    outer loop
      vertex   5.000000e+00 2.500000e+01 -2.500000e+01
      vertex   1.000000e+01 2.500000e+01 -2.500000e+01
      vertex   5.000000e+00 1.500000e+01 -2.500000e+01
    endloop
  endfacet
  facet normal 0.000000e+00 -0.000000e+00 -1.000000e+00
    outer loop
      vertex   5.000000e+00 1.500000e+01 -2.500000e+01
      vertex   1.000000e+01 2.500000e+01 -2.500000e+01
      vertex   4.890738e+00 1.396044e+01 -2.500000e+01
    endloop
  endfacet
  facet normal 0.000000e+00 0.000000e+00 -1.000000e+00
    outer loop
      vertex   4.890738e+00 1.396044e+01 -2.500000e+01
      vertex   1.000000e+01 2.500000e+01 -2.500000e+01
      vertex   1.500000e+01 0.000000e+00 -2.500000e+01
    endloop
  endfacet
  facet normal 0.000000e+00 -0.000000e+00 -1.000000e+00
    outer loop
      vertex   4.890738e+00 1.396044e+01 -2.500000e+01
      vertex   1.500000e+01 0.000000e+00 -2.500000e+01
      vertex   4.567727e+00 1.296632e+01 -2.500000e+01
    endloop
  endfacet
  facet normal 0.000000e+00 -0.000000e+00 -1.000000e+00
    outer loop
      vertex   4.567727e+00 1.296632e+01 -2.500000e+01
      vertex   1.500000e+01 0.000000e+00 -2.500000e+01
      vertex   1.690370e+00 4.547067e+00 -2.500000e+01
    endloop
  endfacet
  facet normal 0.000000e+00 0.000000e+00 -1.000000e+00
    outer loop
      vertex   1.000000e+01 1.750000e+02 -2.500000e+01
      vertex   1.500000e+01 1.750000e+02 -2.500000e+01
      vertex   1.000000e+01 2.500000e+01 -2.500000e+01
    endloop
  endfacet
  facet normal 0.000000e+00 0.000000e+00 -1.000000e+00
    outer loop
      vertex   1.000000e+01 2.500000e+01 -2.500000e+01
      vertex   1.500000e+01 1.750000e+02 -2.500000e+01
      vertex   1.500000e+01 0.000000e+00 -2.500000e+01
    endloop
  endfacet
  facet normal 0.000000e+00 0.000000e+00 -1.000000e+00
    outer loop
      vertex   -1.500000e+01 0.000000e+00 -2.500000e+01
      vertex   -1.500000e+01 1.750000e+02 -2.500000e+01
      vertex   -1.000000e+01 2.500000e+01 -2.500000e+01
    endloop
  endfacet
  facet normal 0.000000e+00 0.000000e+00 -1.000000e+00
    outer loop
      vertex   -1.000000e+01 2.500000e+01 -2.500000e+01
      vertex   -1.500000e+01 1.750000e+02 -2.500000e+01
      vertex   -1.000000e+01 1.750000e+02 -2.500000e+01
    endloop
  endfacet
  facet normal 1.000000e+00 -0.000000e+00 0.000000e+00
    outer loop
      vertex   1.500000e+01 1.635000e+02 0.000000e+00
      vertex   1.500000e+01 1.633983e+02 -8.376048e-01
      vertex   1.500000e+01 1.750000e+02 0.000000e+00
    endloop
  endfacet
  facet normal 1.000000e+00 0.000000e+00 0.000000e+00
    outer loop
      vertex   1.500000e+01 1.750000e+02 0.000000e+00
      vertex   1.500000e+01 1.633983e+02 -8.376048e-01
      vertex   1.500000e+01 1.630991e+02 -1.626531e+00
    endloop
  endfacet
  facet normal 1.000000e+00 0.000000e+00 0.000000e+00
    outer loop
      vertex   1.500000e+01 1.750000e+02 0.000000e+00
      vertex   1.500000e+01 1.630991e+02 -1.626531e+00
      vertex   1.500000e+01 1.626198e+02 -2.320929e+00
    endloop
  endfacet
  facet normal 1.000000e+00 -0.000000e+00 0.000000e+00
    outer loop
      vertex   1.500000e+01 1.626198e+02 -2.320929e+00
      vertex   1.500000e+01 1.619882e+02 -2.880444e+00
      vertex   1.500000e+01 1.750000e+02 0.000000e+00
    endloop
  endfacet
  facet normal 1.000000e+00 0.000000e+00 0.000000e+00
    outer loop
      vertex   1.500000e+01 1.750000e+02 0.000000e+00
      vertex   1.500000e+01 1.619882e+02 -2.880444e+00
      vertex   1.500000e+01 1.612411e+02 -3.272557e+00
    endloop
  endfacet
  facet normal 1.000000e+00 0.000000e+00 0.000000e+00
    outer loop
      vertex   1.500000e+01 1.750000e+02 0.000000e+00
      vertex   1.500000e+01 1.612411e+02 -3.272557e+00
      vertex   1.500000e+01 1.750000e+02 -2.500000e+01
    endloop
  endfacet
  facet normal 1.000000e+00 0.000000e+00 0.000000e+00
    outer loop
      vertex   1.500000e+01 1.750000e+02 -2.500000e+01
      vertex   1.500000e+01 1.612411e+02 -3.272557e+00
      vertex   1.500000e+01 1.604219e+02 -3.474481e+00
    endloop
  endfacet
  facet normal 1.000000e+00 0.000000e+00 0.000000e+00
    outer loop
      vertex   1.500000e+01 1.750000e+02 -2.500000e+01
      vertex   1.500000e+01 1.604219e+02 -3.474481e+00
      vertex   1.500000e+01 1.412500e+02 -1.783494e+01
    endloop
  endfacet
  facet normal 1.000000e+00 0.000000e+00 -0.000000e+00
    outer loop
      vertex   1.500000e+01 1.412500e+02 -1.783494e+01
      vertex   1.500000e+01 1.604219e+02 -3.474481e+00
      vertex   1.500000e+01 1.406470e+02 -1.758519e+01
    endloop
  endfacet
  facet normal 1.000000e+00 0.000000e+00 -0.000000e+00
    outer loop
      vertex   1.500000e+01 1.406470e+02 -1.758519e+01
      vertex   1.500000e+01 1.604219e+02 -3.474481e+00
      vertex   1.500000e+01 1.400000e+02 -1.750000e+01
    endloop
  endfacet
  facet normal 1.000000e+00 0.000000e+00 0.000000e+00
    outer loop
      vertex   1.500000e+01 1.400000e+02 -1.750000e+01
      vertex   1.500000e+01 1.604219e+02 -3.474481e+00
      vertex   1.500000e+01 1.595781e+02 -3.474481e+00
    endloop
  endfacet
  facet normal 1.000000e+00 0.000000e+00 0.000000e+00
    outer loop
      vertex   1.500000e+01 1.400000e+02 -1.750000e+01
      vertex   1.500000e+01 1.595781e+02 -3.474481e+00
      vertex   1.500000e+01 1.587589e+02 -3.272557e+00
    endloop
  endfacet
  facet normal 1.000000e+00 0.000000e+00 0.000000e+00
    outer loop
      vertex   1.500000e+01 1.580118e+02 -2.880444e+00
      vertex   1.500000e+01 0.000000e+00 0.000000e+00
      vertex   1.500000e+01 1.587589e+02 -3.272557e+00
    endloop
  endfacet
  facet normal 1.000000e+00 0.000000e+00 0.000000e+00
    outer loop
      vertex   1.500000e+01 1.587589e+02 -3.272557e+00
      vertex   1.500000e+01 0.000000e+00 0.000000e+00
      vertex   1.500000e+01 2.500000e+01 -1.750000e+01
    endloop
  endfacet
  facet normal 1.000000e+00 0.000000e+00 0.000000e+00
    outer loop
      vertex   1.500000e+01 1.587589e+02 -3.272557e+00
      vertex   1.500000e+01 2.500000e+01 -1.750000e+01
      vertex   1.500000e+01 1.400000e+02 -1.750000e+01
    endloop
  endfacet
  facet normal 1.000000e+00 0.000000e+00 0.000000e+00
    outer loop
      vertex   1.500000e+01 1.580118e+02 -2.880444e+00
      vertex   1.500000e+01 1.573802e+02 -2.320929e+00
      vertex   1.500000e+01 0.000000e+00 0.000000e+00
    endloop
  endfacet
  facet normal 1.000000e+00 0.000000e+00 0.000000e+00
    outer loop
      vertex   1.500000e+01 0.000000e+00 0.000000e+00
      vertex   1.500000e+01 1.573802e+02 -2.320929e+00
      vertex   1.500000e+01 1.569009e+02 -1.626531e+00
    endloop
  endfacet
  facet normal 1.000000e+00 0.000000e+00 0.000000e+00
    outer loop
      vertex   1.500000e+01 0.000000e+00 0.000000e+00
      vertex   1.500000e+01 1.569009e+02 -1.626531e+00
      vertex   1.500000e+01 1.566017e+02 -8.376048e-01
    endloop
  endfacet
  facet normal 1.000000e+00 1.135052e-17 2.122136e-15
    outer loop
      vertex   1.500000e+01 1.566017e+02 -8.376048e-01
      vertex   1.500000e+01 1.565000e+02 0.000000e+00
      vertex   1.500000e+01 0.000000e+00 0.000000e+00
    endloop
  endfacet
  facet normal 1.000000e+00 0.000000e+00 0.000000e+00
    outer loop
      vertex   1.500000e+01 0.000000e+00 -2.500000e+01
      vertex   1.500000e+01 2.375000e+01 -1.783494e+01
      vertex   1.500000e+01 0.000000e+00 0.000000e+00
    endloop
  endfacet
  facet normal 1.000000e+00 0.000000e+00 0.000000e+00
    outer loop
      vertex   1.500000e+01 0.000000e+00 0.000000e+00
      vertex   1.500000e+01 2.375000e+01 -1.783494e+01
      vertex   1.500000e+01 2.435295e+01 -1.758519e+01
    endloop
  endfacet
  facet normal 1.000000e+00 0.000000e+00 0.000000e+00
    outer loop
      vertex   1.500000e+01 0.000000e+00 0.000000e+00
      vertex   1.500000e+01 2.435295e+01 -1.758519e+01
      vertex   1.500000e+01 2.500000e+01 -1.750000e+01
    endloop
  endfacet
  facet normal 1.000000e+00 0.000000e+00 0.000000e+00
    outer loop
      vertex   1.500000e+01 1.750000e+02 -2.500000e+01
      vertex   1.500000e+01 1.400000e+02 -2.250000e+01
      vertex   1.500000e+01 0.000000e+00 -2.500000e+01
    endloop
  endfacet
  facet normal 1.000000e+00 0.000000e+00 0.000000e+00
    outer loop
      vertex   1.500000e+01 0.000000e+00 -2.500000e+01
      vertex   1.500000e+01 1.400000e+02 -2.250000e+01
      vertex   1.500000e+01 2.500000e+01 -2.250000e+01
    endloop
  endfacet
  facet normal 1.000000e+00 0.000000e+00 0.000000e+00
    outer loop
      vertex   1.500000e+01 0.000000e+00 -2.500000e+01
      vertex   1.500000e+01 2.500000e+01 -2.250000e+01
      vertex   1.500000e+01 2.435295e+01 -2.241481e+01
    endloop
  endfacet
  facet normal 1.000000e+00 0.000000e+00 0.000000e+00
    outer loop
      vertex   1.500000e+01 2.435295e+01 -2.241481e+01
      vertex   1.500000e+01 2.375000e+01 -2.216506e+01
      vertex   1.500000e+01 0.000000e+00 -2.500000e+01
    endloop
  endfacet
  facet normal 1.000000e+00 0.000000e+00 0.000000e+00
    outer loop
      vertex   1.500000e+01 0.000000e+00 -2.500000e+01
      vertex   1.500000e+01 2.375000e+01 -2.216506e+01
      vertex   1.500000e+01 2.323223e+01 -2.176777e+01
    endloop
  endfacet
  facet normal 1.000000e+00 0.000000e+00 0.000000e+00
    outer loop
      vertex   1.500000e+01 0.000000e+00 -2.500000e+01
      vertex   1.500000e+01 2.323223e+01 -2.176777e+01
      vertex   1.500000e+01 2.283494e+01 -2.125000e+01
    endloop
  endfacet
  facet normal 1.000000e+00 0.000000e+00 0.000000e+00
    outer loop
      vertex   1.500000e+01 2.283494e+01 -2.125000e+01
      vertex   1.500000e+01 2.258519e+01 -2.064705e+01
      vertex   1.500000e+01 0.000000e+00 -2.500000e+01
    endloop
  endfacet
  facet normal 1.000000e+00 0.000000e+00 0.000000e+00
    outer loop
      vertex   1.500000e+01 0.000000e+00 -2.500000e+01
      vertex   1.500000e+01 2.258519e+01 -2.064705e+01
      vertex   1.500000e+01 2.250000e+01 -2.000000e+01
    endloop
  endfacet
  facet normal 1.000000e+00 0.000000e+00 0.000000e+00
    outer loop
      vertex   1.500000e+01 0.000000e+00 -2.500000e+01
      vertex   1.500000e+01 2.250000e+01 -2.000000e+01
      vertex   1.500000e+01 2.258519e+01 -1.935295e+01
    endloop
  endfacet
  facet normal 1.000000e+00 0.000000e+00 -0.000000e+00
    outer loop
      vertex   1.500000e+01 2.258519e+01 -1.935295e+01
      vertex   1.500000e+01 2.283494e+01 -1.875000e+01
      vertex   1.500000e+01 0.000000e+00 -2.500000e+01
    endloop
  endfacet
  facet normal 1.000000e+00 0.000000e+00 0.000000e+00
    outer loop
      vertex   1.500000e+01 0.000000e+00 -2.500000e+01
      vertex   1.500000e+01 2.283494e+01 -1.875000e+01
      vertex   1.500000e+01 2.323223e+01 -1.823223e+01
    endloop
  endfacet
  facet normal 1.000000e+00 0.000000e+00 0.000000e+00
    outer loop
      vertex   1.500000e+01 0.000000e+00 -2.500000e+01
      vertex   1.500000e+01 2.323223e+01 -1.823223e+01
      vertex   1.500000e+01 2.375000e+01 -1.783494e+01
    endloop
  endfacet
  facet normal 1.000000e+00 0.000000e+00 0.000000e+00
    outer loop
      vertex   1.500000e+01 1.412500e+02 -1.783494e+01
      vertex   1.500000e+01 1.417678e+02 -1.823223e+01
      vertex   1.500000e+01 1.750000e+02 -2.500000e+01
    endloop
  endfacet
  facet normal 1.000000e+00 0.000000e+00 0.000000e+00
    outer loop
      vertex   1.500000e+01 1.750000e+02 -2.500000e+01
      vertex   1.500000e+01 1.417678e+02 -1.823223e+01
      vertex   1.500000e+01 1.421651e+02 -1.875000e+01
    endloop
  endfacet
  facet normal 1.000000e+00 0.000000e+00 0.000000e+00
    outer loop
      vertex   1.500000e+01 1.750000e+02 -2.500000e+01
      vertex   1.500000e+01 1.421651e+02 -1.875000e+01
      vertex   1.500000e+01 1.424148e+02 -1.935295e+01
    endloop
  endfacet
  facet normal 1.000000e+00 0.000000e+00 0.000000e+00
    outer loop
      vertex   1.500000e+01 1.424148e+02 -1.935295e+01
      vertex   1.500000e+01 1.425000e+02 -2.000000e+01
      vertex   1.500000e+01 1.750000e+02 -2.500000e+01
    endloop
  endfacet
  facet normal 1.000000e+00 0.000000e+00 0.000000e+00
    outer loop
      vertex   1.500000e+01 1.750000e+02 -2.500000e+01
      vertex   1.500000e+01 1.425000e+02 -2.000000e+01
      vertex   1.500000e+01 1.424148e+02 -2.064705e+01
    endloop
  endfacet
  facet normal 1.000000e+00 0.000000e+00 0.000000e+00
    outer loop
      vertex   1.500000e+01 1.750000e+02 -2.500000e+01
      vertex   1.500000e+01 1.424148e+02 -2.064705e+01
      vertex   1.500000e+01 1.421651e+02 -2.125000e+01
    endloop
  endfacet
  facet normal 1.000000e+00 0.000000e+00 0.000000e+00
    outer loop
      vertex   1.500000e+01 1.421651e+02 -2.125000e+01
      vertex   1.500000e+01 1.417678e+02 -2.176777e+01
      vertex   1.500000e+01 1.750000e+02 -2.500000e+01
    endloop
  endfacet
  facet normal 1.000000e+00 0.000000e+00 0.000000e+00
    outer loop
      vertex   1.500000e+01 1.750000e+02 -2.500000e+01
      vertex   1.500000e+01 1.417678e+02 -2.176777e+01
      vertex   1.500000e+01 1.412500e+02 -2.216506e+01
    endloop
  endfacet
  facet normal 1.000000e+00 0.000000e+00 0.000000e+00
    outer loop
      vertex   1.500000e+01 1.750000e+02 -2.500000e+01
      vertex   1.500000e+01 1.412500e+02 -2.216506e+01
      vertex   1.500000e+01 1.406470e+02 -2.241481e+01
    endloop
  endfacet
  facet normal 1.000000e+00 0.000000e+00 0.000000e+00
    outer loop
      vertex   1.500000e+01 1.406470e+02 -2.241481e+01
      vertex   1.500000e+01 1.400000e+02 -2.250000e+01
      vertex   1.500000e+01 1.750000e+02 -2.500000e+01
    endloop
  endfacet
  facet normal 1.000000e+00 -0.000000e+00 0.000000e+00
    outer loop
      vertex   -1.000000e+01 2.500000e+01 -2.250000e+01
      vertex   -1.000000e+01 2.500000e+01 -2.500000e+01
      vertex   -1.000000e+01 1.400000e+02 -2.250000e+01
    endloop
  endfacet
  facet normal 1.000000e+00 1.184238e-17 -5.447495e-16
    outer loop
      vertex   -1.000000e+01 1.400000e+02 -2.250000e+01
      vertex   -1.000000e+01 2.500000e+01 -2.500000e+01
      vertex   -1.000000e+01 1.750000e+02 -2.500000e+01
    endloop
  endfacet
  facet normal 1.000000e+00 -1.898294e-15 -2.728667e-14
    outer loop
      vertex   -1.000000e+01 1.400000e+02 -2.250000e+01
      vertex   -1.000000e+01 1.750000e+02 -2.500000e+01
      vertex   -1.000000e+01 1.406470e+02 -2.241481e+01
    endloop
  endfacet
  facet normal 1.000000e+00 1.312768e-16 -3.169303e-16
    outer loop
      vertex   -1.000000e+01 1.406470e+02 -2.241481e+01
      vertex   -1.000000e+01 1.750000e+02 -2.500000e+01
      vertex   -1.000000e+01 1.412500e+02 -2.216506e+01
    endloop
  endfacet
  facet normal 1.000000e+00 1.423189e-16 -1.854737e-16
    outer loop
      vertex   -1.000000e+01 1.412500e+02 -2.216506e+01
      vertex   -1.000000e+01 1.750000e+02 -2.500000e+01
      vertex   -1.000000e+01 1.417678e+02 -2.176777e+01
    endloop
  endfacet
  facet normal 1.000000e+00 1.492218e-16 -1.145019e-16
    outer loop
      vertex   -1.000000e+01 1.417678e+02 -2.176777e+01
      vertex   -1.000000e+01 1.750000e+02 -2.500000e+01
      vertex   -1.000000e+01 1.421651e+02 -2.125000e+01
    endloop
  endfacet
  facet normal 1.000000e+00 1.549678e-16 -6.418978e-17
    outer loop
      vertex   -1.000000e+01 1.421651e+02 -2.125000e+01
      vertex   -1.000000e+01 1.750000e+02 -2.500000e+01
      vertex   -1.000000e+01 1.424148e+02 -2.064705e+01
    endloop
  endfacet
  facet normal 1.000000e+00 1.607162e-16 -2.115869e-17
    outer loop
      vertex   -1.000000e+01 1.424148e+02 -2.064705e+01
      vertex   -1.000000e+01 1.750000e+02 -2.500000e+01
      vertex   -1.000000e+01 1.425000e+02 -2.000000e+01
    endloop
  endfacet
  facet normal 1.000000e+00 8.198570e-17 -5.329071e-16
    outer loop
      vertex   -1.000000e+01 1.425000e+02 -2.000000e+01
      vertex   -1.000000e+01 1.750000e+02 -2.500000e+01
      vertex   -1.000000e+01 1.750000e+02 -1.500000e+01
    endloop
  endfacet
  facet normal 1.000000e+00 0.000000e+00 -0.000000e+00
    outer loop
      vertex   -1.000000e+01 1.425000e+02 -2.000000e+01
      vertex   -1.000000e+01 1.750000e+02 -1.500000e+01
      vertex   -1.000000e+01 1.424148e+02 -1.935295e+01
    endloop
  endfacet
  facet normal 1.000000e+00 0.000000e+00 -0.000000e+00
    outer loop
      vertex   -1.000000e+01 1.424148e+02 -1.935295e+01
      vertex   -1.000000e+01 1.750000e+02 -1.500000e+01
      vertex   -1.000000e+01 1.421651e+02 -1.875000e+01
    endloop
  endfacet
  facet normal 1.000000e+00 0.000000e+00 -0.000000e+00
    outer loop
      vertex   -1.000000e+01 1.421651e+02 -1.875000e+01
      vertex   -1.000000e+01 1.750000e+02 -1.500000e+01
      vertex   -1.000000e+01 1.417678e+02 -1.823223e+01
    endloop
  endfacet
  facet normal 1.000000e+00 0.000000e+00 -0.000000e+00
    outer loop
      vertex   -1.000000e+01 1.417678e+02 -1.823223e+01
      vertex   -1.000000e+01 1.750000e+02 -1.500000e+01
      vertex   -1.000000e+01 1.412500e+02 -1.783494e+01
    endloop
  endfacet
  facet normal 1.000000e+00 0.000000e+00 -0.000000e+00
    outer loop
      vertex   -1.000000e+01 1.412500e+02 -1.783494e+01
      vertex   -1.000000e+01 1.750000e+02 -1.500000e+01
      vertex   -1.000000e+01 1.406470e+02 -1.758519e+01
    endloop
  endfacet
  facet normal 1.000000e+00 0.000000e+00 -0.000000e+00
    outer loop
      vertex   -1.000000e+01 1.406470e+02 -1.758519e+01
      vertex   -1.000000e+01 1.750000e+02 -1.500000e+01
      vertex   -1.000000e+01 1.400000e+02 -1.750000e+01
    endloop
  endfacet
  facet normal 1.000000e+00 0.000000e+00 -0.000000e+00
    outer loop
      vertex   -1.000000e+01 1.400000e+02 -1.750000e+01
      vertex   -1.000000e+01 1.750000e+02 -1.500000e+01
      vertex   -1.000000e+01 2.500000e+01 -1.500000e+01
    endloop
  endfacet
  facet normal 1.000000e+00 0.000000e+00 0.000000e+00
    outer loop
      vertex   -1.000000e+01 1.400000e+02 -1.750000e+01
      vertex   -1.000000e+01 2.500000e+01 -1.500000e+01
      vertex   -1.000000e+01 2.500000e+01 -1.750000e+01
    endloop
  endfacet
  facet normal 9.308207e-01 -1.765597e-03 -3.654718e-01
    outer loop
      vertex   -9.392549e+00 1.606770e+02 3.432924e+00
      vertex   -9.009689e+00 1.750000e+02 4.338837e+00
      vertex   -9.367497e+00 1.600000e+02 3.500000e+00
    endloop
  endfacet
  facet normal 9.186470e-01 1.805171e-04 -3.950793e-01
    outer loop
      vertex   -9.367497e+00 1.600000e+02 3.500000e+00
      vertex   -9.009689e+00 1.750000e+02 4.338837e+00
      vertex   -8.961656e+00 1.458333e+02 4.437198e+00
    endloop
  endfacet
  facet normal 9.275009e-01 1.840809e-03 -3.738164e-01
    outer loop
      vertex   -9.367497e+00 1.600000e+02 3.500000e+00
      vertex   -8.961656e+00 1.458333e+02 4.437198e+00
      vertex   -9.533964e+00 1.458333e+02 3.017206e+00
    endloop
  endfacet
  facet normal 9.275025e-01 0.000000e+00 -3.738171e-01
    outer loop
      vertex   -9.533964e+00 1.458333e+02 3.017206e+00
      vertex   -8.961656e+00 1.458333e+02 4.437198e+00
      vertex   -8.961656e+00 1.166667e+02 4.437198e+00
    endloop
  endfacet
  facet normal 9.275025e-01 0.000000e+00 -3.738171e-01
    outer loop
      vertex   -9.533964e+00 1.458333e+02 3.017206e+00
      vertex   -8.961656e+00 1.166667e+02 4.437198e+00
      vertex   -9.533964e+00 1.166667e+02 3.017206e+00
    endloop
  endfacet
  facet normal 9.275025e-01 0.000000e+00 -3.738171e-01
    outer loop
      vertex   -9.533964e+00 1.166667e+02 3.017206e+00
      vertex   -8.961656e+00 1.166667e+02 4.437198e+00
      vertex   -8.961656e+00 8.750000e+01 4.437198e+00
    endloop
  endfacet
  facet normal 9.275025e-01 0.000000e+00 -3.738171e-01
    outer loop
      vertex   -9.533964e+00 1.166667e+02 3.017206e+00
      vertex   -8.961656e+00 8.750000e+01 4.437198e+00
      vertex   -9.533964e+00 8.750000e+01 3.017206e+00
    endloop
  endfacet
  facet normal 9.275025e-01 0.000000e+00 -3.738171e-01
    outer loop
      vertex   -9.533964e+00 8.750000e+01 3.017206e+00
      vertex   -8.961656e+00 8.750000e+01 4.437198e+00
      vertex   -8.961656e+00 5.833333e+01 4.437198e+00
    endloop
  endfacet
  facet normal 9.275025e-01 0.000000e+00 -3.738171e-01
    outer loop
      vertex   -9.533964e+00 8.750000e+01 3.017206e+00
      vertex   -8.961656e+00 5.833333e+01 4.437198e+00
      vertex   -9.533964e+00 5.833333e+01 3.017206e+00
    endloop
  endfacet
  facet normal 9.275025e-01 0.000000e+00 -3.738171e-01
    outer loop
      vertex   -9.533964e+00 5.833333e+01 3.017206e+00
      vertex   -8.961656e+00 5.833333e+01 4.437198e+00
      vertex   -8.961656e+00 2.916667e+01 4.437198e+00
    endloop
  endfacet
  facet normal 9.275025e-01 0.000000e+00 -3.738171e-01
    outer loop
      vertex   -9.533964e+00 5.833333e+01 3.017206e+00
      vertex   -8.961656e+00 2.916667e+01 4.437198e+00
      vertex   -9.533964e+00 2.916667e+01 3.017206e+00
    endloop
  endfacet
  facet normal 9.275024e-01 -2.668049e-04 -3.738171e-01
    outer loop
      vertex   -9.533964e+00 2.916667e+01 3.017206e+00
      vertex   -8.961656e+00 2.916667e+01 4.437198e+00
      vertex   -9.009689e+00 0.000000e+00 4.338837e+00
    endloop
  endfacet
  facet normal 9.308737e-01 1.778704e-04 -3.653410e-01
    outer loop
      vertex   -9.533964e+00 2.916667e+01 3.017206e+00
      vertex   -9.009689e+00 0.000000e+00 4.338837e+00
      vertex   -9.555728e+00 0.000000e+00 2.947552e+00
    endloop
  endfacet
  facet normal 9.308723e-01 -1.775285e-03 -3.653404e-01
    outer loop
      vertex   -9.009689e+00 1.750000e+02 4.338837e+00
      vertex   -9.392549e+00 1.606770e+02 3.432924e+00
      vertex   -9.555728e+00 1.750000e+02 2.947552e+00
    endloop
  endfacet
  facet normal 9.426303e-01 -5.737822e-04 -3.338380e-01
    outer loop
      vertex   -9.555728e+00 1.750000e+02 2.947552e+00
      vertex   -9.392549e+00 1.606770e+02 3.432924e+00
      vertex   -9.463454e+00 1.613442e+02 3.231569e+00
    endloop
  endfacet
  facet normal 9.519700e-01 6.433446e-05 -3.061912e-01
    outer loop
      vertex   -9.555728e+00 1.750000e+02 2.947552e+00
      vertex   -9.463454e+00 1.613442e+02 3.231569e+00
      vertex   -9.569474e+00 1.619549e+02 2.902074e+00
    endloop
  endfacet
  facet normal 9.630372e-01 -7.570076e-05 -2.693682e-01
    outer loop
      vertex   -9.569474e+00 1.619549e+02 2.902074e+00
      vertex   -9.688776e+00 1.624743e+02 2.475402e+00
      vertex   -9.555728e+00 1.750000e+02 2.947552e+00
    endloop
  endfacet
  facet normal 9.748735e-01 -1.958660e-03 -2.227506e-01
    outer loop
      vertex   -9.555728e+00 1.750000e+02 2.947552e+00
      vertex   -9.688776e+00 1.624743e+02 2.475402e+00
      vertex   -9.806598e+00 1.629013e+02 1.955996e+00
    endloop
  endfacet
  facet normal 9.749260e-01 -1.978608e-03 -2.225205e-01
    outer loop
      vertex   -9.555728e+00 1.750000e+02 2.947552e+00
      vertex   -9.806598e+00 1.629013e+02 1.955996e+00
      vertex   -9.888308e+00 1.750000e+02 1.490423e+00
    endloop
  endfacet
  facet normal 9.862355e-01 2.978979e-04 -1.653467e-01
    outer loop
      vertex   -9.888308e+00 1.750000e+02 1.490423e+00
      vertex   -9.806598e+00 1.629013e+02 1.955996e+00
      vertex   -9.909143e+00 1.632313e+02 1.344946e+00
    endloop
  endfacet
  facet normal 9.949345e-01 -5.187987e-04 -1.005239e-01
    outer loop
      vertex   -9.888308e+00 1.750000e+02 1.490423e+00
      vertex   -9.909143e+00 1.632313e+02 1.344946e+00
      vertex   -9.976496e+00 1.634329e+02 6.772776e-01
    endloop
  endfacet
  facet normal 9.972010e-01 -2.349343e-03 -7.472989e-02
    outer loop
      vertex   -9.888308e+00 1.750000e+02 1.490423e+00
      vertex   -9.976496e+00 1.634329e+02 6.772776e-01
      vertex   -1.000000e+01 1.750000e+02 4.777175e-12
    endloop
  endfacet
  facet normal 9.993984e-01 1.469493e-14 -3.468205e-02
    outer loop
      vertex   -1.000000e+01 1.750000e+02 4.777175e-12
      vertex   -9.976496e+00 1.634329e+02 6.772776e-01
      vertex   -1.000000e+01 1.635000e+02 6.950459e-15
    endloop
  endfacet
  facet normal 9.993984e-01 -1.407744e-14 3.468205e-02
    outer loop
      vertex   -1.000000e+01 1.750000e+02 4.777175e-12
      vertex   -1.000000e+01 1.635000e+02 6.950459e-15
      vertex   -9.976496e+00 1.634329e+02 -6.772776e-01
    endloop
  endfacet
  facet normal 9.972010e-01 -2.349343e-03 7.472989e-02
    outer loop
      vertex   -1.000000e+01 1.750000e+02 4.777175e-12
      vertex   -9.976496e+00 1.634329e+02 -6.772776e-01
      vertex   -9.888308e+00 1.750000e+02 -1.490423e+00
    endloop
  endfacet
  facet normal 9.949345e-01 -5.187987e-04 1.005239e-01
    outer loop
      vertex   -9.888308e+00 1.750000e+02 -1.490423e+00
      vertex   -9.976496e+00 1.634329e+02 -6.772776e-01
      vertex   -9.909143e+00 1.632313e+02 -1.344946e+00
    endloop
  endfacet
  facet normal 9.862355e-01 2.978979e-04 1.653467e-01
    outer loop
      vertex   -9.888308e+00 1.750000e+02 -1.490423e+00
      vertex   -9.909143e+00 1.632313e+02 -1.344946e+00
      vertex   -9.806598e+00 1.629013e+02 -1.955996e+00
    endloop
  endfacet
  facet normal 9.749260e-01 -1.978608e-03 2.225205e-01
    outer loop
      vertex   -9.888308e+00 1.750000e+02 -1.490423e+00
      vertex   -9.806598e+00 1.629013e+02 -1.955996e+00
      vertex   -9.555728e+00 1.750000e+02 -2.947552e+00
    endloop
  endfacet
  facet normal 9.748735e-01 -1.958660e-03 2.227506e-01
    outer loop
      vertex   -9.555728e+00 1.750000e+02 -2.947552e+00
      vertex   -9.806598e+00 1.629013e+02 -1.955996e+00
      vertex   -9.688776e+00 1.624743e+02 -2.475402e+00
    endloop
  endfacet
  facet normal 9.630372e-01 -7.570076e-05 2.693682e-01
    outer loop
      vertex   -9.555728e+00 1.750000e+02 -2.947552e+00
      vertex   -9.688776e+00 1.624743e+02 -2.475402e+00
      vertex   -9.569474e+00 1.619549e+02 -2.902074e+00
    endloop
  endfacet
  facet normal 9.519700e-01 6.433446e-05 3.061912e-01
    outer loop
      vertex   -9.569474e+00 1.619549e+02 -2.902074e+00
      vertex   -9.463454e+00 1.613442e+02 -3.231569e+00
      vertex   -9.555728e+00 1.750000e+02 -2.947552e+00
    endloop
  endfacet
  facet normal 9.426303e-01 -5.737822e-04 3.338380e-01
    outer loop
      vertex   -9.555728e+00 1.750000e+02 -2.947552e+00
      vertex   -9.463454e+00 1.613442e+02 -3.231569e+00
      vertex   -9.392549e+00 1.606770e+02 -3.432924e+00
    endloop
  endfacet
  facet normal 9.308723e-01 -1.775285e-03 3.653404e-01
    outer loop
      vertex   -9.555728e+00 1.750000e+02 -2.947552e+00
      vertex   -9.392549e+00 1.606770e+02 -3.432924e+00
      vertex   -9.009689e+00 1.750000e+02 -4.338837e+00
    endloop
  endfacet
  facet normal 9.308207e-01 -1.765597e-03 3.654718e-01
    outer loop
      vertex   -9.009689e+00 1.750000e+02 -4.338837e+00
      vertex   -9.392549e+00 1.606770e+02 -3.432924e+00
      vertex   -9.367497e+00 1.600000e+02 -3.500000e+00
    endloop
  endfacet
  facet normal 9.186470e-01 1.805171e-04 3.950793e-01
    outer loop
      vertex   -9.009689e+00 1.750000e+02 -4.338837e+00
      vertex   -9.367497e+00 1.600000e+02 -3.500000e+00
      vertex   -8.961656e+00 1.458333e+02 -4.437198e+00
    endloop
  endfacet
  facet normal 9.293274e-01 2.195202e-03 3.692504e-01
    outer loop
      vertex   -8.961656e+00 1.458333e+02 -4.437198e+00
      vertex   -9.367497e+00 1.600000e+02 -3.500000e+00
      vertex   -9.392549e+00 1.593230e+02 -3.432924e+00
    endloop
  endfacet
  facet normal 9.275010e-01 1.796925e-03 3.738165e-01
    outer loop
      vertex   -8.961656e+00 1.458333e+02 -4.437198e+00
      vertex   -9.392549e+00 1.593230e+02 -3.432924e+00
      vertex   -9.533964e+00 1.458333e+02 -3.017206e+00
    endloop
  endfacet
  facet normal 9.428248e-01 3.873102e-04 3.332886e-01
    outer loop
      vertex   -9.533964e+00 1.458333e+02 -3.017206e+00
      vertex   -9.392549e+00 1.593230e+02 -3.432924e+00
      vertex   -9.463454e+00 1.586558e+02 -3.231569e+00
    endloop
  endfacet
  facet normal 9.519988e-01 -1.176433e-04 3.061017e-01
    outer loop
      vertex   -9.533964e+00 1.458333e+02 -3.017206e+00
      vertex   -9.463454e+00 1.586558e+02 -3.231569e+00
      vertex   -9.569474e+00 1.580451e+02 -2.902074e+00
    endloop
  endfacet
  facet normal 9.629794e-01 2.586624e-04 2.695748e-01
    outer loop
      vertex   -9.569474e+00 1.580451e+02 -2.902074e+00
      vertex   -9.688776e+00 1.575257e+02 -2.475402e+00
      vertex   -9.533964e+00 1.458333e+02 -3.017206e+00
    endloop
  endfacet
  facet normal 9.736928e-01 2.333842e-03 2.278529e-01
    outer loop
      vertex   -9.533964e+00 1.458333e+02 -3.017206e+00
      vertex   -9.688776e+00 1.575257e+02 -2.475402e+00
      vertex   -9.882804e+00 1.458333e+02 -1.526493e+00
    endloop
  endfacet
  facet normal 9.736954e-01 0.000000e+00 2.278535e-01
    outer loop
      vertex   -9.533964e+00 1.458333e+02 -3.017206e+00
      vertex   -9.882804e+00 1.458333e+02 -1.526493e+00
      vertex   -9.882804e+00 1.166667e+02 -1.526493e+00
    endloop
  endfacet
  facet normal 9.970658e-01 -0.000000e+00 7.654925e-02
    outer loop
      vertex   -9.882804e+00 1.166667e+02 -1.526493e+00
      vertex   -9.882804e+00 1.458333e+02 -1.526493e+00
      vertex   -1.000000e+01 1.166667e+02 1.224647e-15
    endloop
  endfacet
  facet normal 9.970658e-01 0.000000e+00 7.654925e-02
    outer loop
      vertex   -9.882804e+00 1.166667e+02 -1.526493e+00
      vertex   -1.000000e+01 1.166667e+02 1.224647e-15
      vertex   -1.000000e+01 8.750000e+01 1.224647e-15
    endloop
  endfacet
  facet normal 9.970658e-01 0.000000e+00 -7.654925e-02
    outer loop
      vertex   -1.000000e+01 8.750000e+01 1.224647e-15
      vertex   -1.000000e+01 1.166667e+02 1.224647e-15
      vertex   -9.882804e+00 8.750000e+01 1.526493e+00
    endloop
  endfacet
  facet normal 9.970658e-01 0.000000e+00 -7.654925e-02
    outer loop
      vertex   -1.000000e+01 8.750000e+01 1.224647e-15
      vertex   -9.882804e+00 8.750000e+01 1.526493e+00
      vertex   -9.882804e+00 5.833333e+01 1.526493e+00
    endloop
  endfacet
  facet normal 9.736954e-01 0.000000e+00 -2.278535e-01
    outer loop
      vertex   -9.882804e+00 5.833333e+01 1.526493e+00
      vertex   -9.882804e+00 8.750000e+01 1.526493e+00
      vertex   -9.533964e+00 5.833333e+01 3.017206e+00
    endloop
  endfacet
  facet normal 9.736954e-01 0.000000e+00 -2.278535e-01
    outer loop
      vertex   -9.882804e+00 5.833333e+01 1.526493e+00
      vertex   -9.533964e+00 5.833333e+01 3.017206e+00
      vertex   -9.533964e+00 2.916667e+01 3.017206e+00
    endloop
  endfacet
  facet normal 9.748848e-01 1.896006e-03 2.227017e-01
    outer loop
      vertex   -9.688776e+00 1.575257e+02 -2.475402e+00
      vertex   -9.806598e+00 1.570987e+02 -1.955996e+00
      vertex   -9.882804e+00 1.458333e+02 -1.526493e+00
    endloop
  endfacet
  facet normal 9.862417e-01 -3.689633e-04 1.653094e-01
    outer loop
      vertex   -9.882804e+00 1.458333e+02 -1.526493e+00
      vertex   -9.806598e+00 1.570987e+02 -1.955996e+00
      vertex   -9.909143e+00 1.567687e+02 -1.344946e+00
    endloop
  endfacet
  facet normal 9.949281e-01 7.264845e-04 1.005859e-01
    outer loop
      vertex   -9.882804e+00 1.458333e+02 -1.526493e+00
      vertex   -9.909143e+00 1.567687e+02 -1.344946e+00
      vertex   -9.976496e+00 1.565671e+02 -6.772776e-01
    endloop
  endfacet
  facet normal 9.970623e-01 2.646822e-03 7.654898e-02
    outer loop
      vertex   -9.882804e+00 1.458333e+02 -1.526493e+00
      vertex   -9.976496e+00 1.565671e+02 -6.772776e-01
      vertex   -1.000000e+01 1.458333e+02 1.224647e-15
    endloop
  endfacet
  facet normal 9.993984e-01 3.124357e-17 3.468205e-02
    outer loop
      vertex   -1.000000e+01 1.458333e+02 1.224647e-15
      vertex   -9.976496e+00 1.565671e+02 -6.772776e-01
      vertex   -1.000000e+01 1.565000e+02 -8.384497e-15
    endloop
  endfacet
  facet normal 9.993984e-01 -3.124357e-17 -3.468205e-02
    outer loop
      vertex   -1.000000e+01 1.458333e+02 1.224647e-15
      vertex   -1.000000e+01 1.565000e+02 -8.384497e-15
      vertex   -9.976496e+00 1.565671e+02 6.772776e-01
    endloop
  endfacet
  facet normal 9.970623e-01 2.646822e-03 -7.654898e-02
    outer loop
      vertex   -1.000000e+01 1.458333e+02 1.224647e-15
      vertex   -9.976496e+00 1.565671e+02 6.772776e-01
      vertex   -9.882804e+00 1.458333e+02 1.526493e+00
    endloop
  endfacet
  facet normal 9.949281e-01 7.264845e-04 -1.005859e-01
    outer loop
      vertex   -9.882804e+00 1.458333e+02 1.526493e+00
      vertex   -9.976496e+00 1.565671e+02 6.772776e-01
      vertex   -9.909143e+00 1.567687e+02 1.344946e+00
    endloop
  endfacet
  facet normal 9.862417e-01 -3.689633e-04 -1.653094e-01
    outer loop
      vertex   -9.882804e+00 1.458333e+02 1.526493e+00
      vertex   -9.909143e+00 1.567687e+02 1.344946e+00
      vertex   -9.806598e+00 1.570987e+02 1.955996e+00
    endloop
  endfacet
  facet normal 9.748848e-01 1.896006e-03 -2.227017e-01
    outer loop
      vertex   -9.806598e+00 1.570987e+02 1.955996e+00
      vertex   -9.688776e+00 1.575257e+02 2.475402e+00
      vertex   -9.882804e+00 1.458333e+02 1.526493e+00
    endloop
  endfacet
  facet normal 9.736928e-01 2.333842e-03 -2.278529e-01
    outer loop
      vertex   -9.882804e+00 1.458333e+02 1.526493e+00
      vertex   -9.688776e+00 1.575257e+02 2.475402e+00
      vertex   -9.533964e+00 1.458333e+02 3.017206e+00
    endloop
  endfacet
  facet normal 9.736954e-01 0.000000e+00 -2.278535e-01
    outer loop
      vertex   -9.882804e+00 1.458333e+02 1.526493e+00
      vertex   -9.533964e+00 1.458333e+02 3.017206e+00
      vertex   -9.533964e+00 1.166667e+02 3.017206e+00
    endloop
  endfacet
  facet normal 9.629794e-01 2.586624e-04 -2.695748e-01
    outer loop
      vertex   -9.688776e+00 1.575257e+02 2.475402e+00
      vertex   -9.569474e+00 1.580451e+02 2.902074e+00
      vertex   -9.533964e+00 1.458333e+02 3.017206e+00
    endloop
  endfacet
  facet normal 9.519988e-01 -1.176433e-04 -3.061017e-01
    outer loop
      vertex   -9.533964e+00 1.458333e+02 3.017206e+00
      vertex   -9.569474e+00 1.580451e+02 2.902074e+00
      vertex   -9.463454e+00 1.586558e+02 3.231569e+00
    endloop
  endfacet
  facet normal 9.428248e-01 3.873102e-04 -3.332886e-01
    outer loop
      vertex   -9.533964e+00 1.458333e+02 3.017206e+00
      vertex   -9.463454e+00 1.586558e+02 3.231569e+00
      vertex   -9.392549e+00 1.593230e+02 3.432924e+00
    endloop
  endfacet
  facet normal 9.321162e-01 1.389214e-03 -3.621566e-01
    outer loop
      vertex   -9.392549e+00 1.593230e+02 3.432924e+00
      vertex   -9.367497e+00 1.600000e+02 3.500000e+00
      vertex   -9.533964e+00 1.458333e+02 3.017206e+00
    endloop
  endfacet
  facet normal -9.361347e-01 1.987745e-04 -3.516416e-01
    outer loop
      vertex   9.392549e+00 1.593230e+02 3.432924e+00
      vertex   9.275025e+00 1.458333e+02 3.738171e+00
      vertex   9.367497e+00 1.600000e+02 3.500000e+00
    endloop
  endfacet
  facet normal -9.227373e-01 -4.567144e-04 -3.854291e-01
    outer loop
      vertex   9.367497e+00 1.600000e+02 3.500000e+00
      vertex   9.275025e+00 1.458333e+02 3.738171e+00
      vertex   9.009689e+00 1.750000e+02 4.338837e+00
    endloop
  endfacet
  facet normal -9.308723e-01 -1.774174e-03 -3.653404e-01
    outer loop
      vertex   9.367497e+00 1.600000e+02 3.500000e+00
      vertex   9.009689e+00 1.750000e+02 4.338837e+00
      vertex   9.555728e+00 1.750000e+02 2.947552e+00
    endloop
  endfacet
  facet normal -9.425483e-01 6.522840e-04 -3.340692e-01
    outer loop
      vertex   9.392549e+00 1.593230e+02 3.432924e+00
      vertex   9.463454e+00 1.586558e+02 3.231569e+00
      vertex   9.275025e+00 1.458333e+02 3.738171e+00
    endloop
  endfacet
  facet normal -9.509798e-01 1.756849e-03 -3.092480e-01
    outer loop
      vertex   9.275025e+00 1.458333e+02 3.738171e+00
      vertex   9.463454e+00 1.586558e+02 3.231569e+00
      vertex   9.569474e+00 1.580451e+02 2.902074e+00
    endloop
  endfacet
  facet normal -9.533938e-01 2.330486e-03 -3.017198e-01
    outer loop
      vertex   9.275025e+00 1.458333e+02 3.738171e+00
      vertex   9.569474e+00 1.580451e+02 2.902074e+00
      vertex   9.736954e+00 1.458333e+02 2.278535e+00
    endloop
  endfacet
  facet normal -9.628785e-01 5.774422e-04 -2.699347e-01
    outer loop
      vertex   9.736954e+00 1.458333e+02 2.278535e+00
      vertex   9.569474e+00 1.580451e+02 2.902074e+00
      vertex   9.688776e+00 1.575257e+02 2.475402e+00
    endloop
  endfacet
  facet normal -9.752767e-01 -2.977880e-04 -2.209871e-01
    outer loop
      vertex   9.736954e+00 1.458333e+02 2.278535e+00
      vertex   9.688776e+00 1.575257e+02 2.475402e+00
      vertex   9.806598e+00 1.570987e+02 1.955996e+00
    endloop
  endfacet
  facet normal -9.860903e-01 1.337527e-03 -1.662054e-01
    outer loop
      vertex   9.806598e+00 1.570987e+02 1.955996e+00
      vertex   9.909143e+00 1.567687e+02 1.344946e+00
      vertex   9.736954e+00 1.458333e+02 2.278535e+00
    endloop
  endfacet
  facet normal -9.882773e-01 2.529332e-03 -1.526488e-01
    outer loop
      vertex   9.736954e+00 1.458333e+02 2.278535e+00
      vertex   9.909143e+00 1.567687e+02 1.344946e+00
      vertex   9.970658e+00 1.458333e+02 7.654925e-01
    endloop
  endfacet
  facet normal -9.882804e-01 0.000000e+00 -1.526493e-01
    outer loop
      vertex   9.736954e+00 1.458333e+02 2.278535e+00
      vertex   9.970658e+00 1.458333e+02 7.654925e-01
      vertex   9.970658e+00 1.166667e+02 7.654925e-01
    endloop
  endfacet
  facet normal -1.000000e+00 0.000000e+00 0.000000e+00
    outer loop
      vertex   9.970658e+00 1.166667e+02 7.654925e-01
      vertex   9.970658e+00 1.458333e+02 7.654925e-01
      vertex   9.970658e+00 1.166667e+02 -7.654925e-01
    endloop
  endfacet
  facet normal -1.000000e+00 0.000000e+00 -0.000000e+00
    outer loop
      vertex   9.970658e+00 1.166667e+02 7.654925e-01
      vertex   9.970658e+00 1.166667e+02 -7.654925e-01
      vertex   9.970658e+00 8.750000e+01 -7.654925e-01
    endloop
  endfacet
  facet normal -9.882804e-01 0.000000e+00 1.526493e-01
    outer loop
      vertex   9.970658e+00 8.750000e+01 -7.654925e-01
      vertex   9.970658e+00 1.166667e+02 -7.654925e-01
      vertex   9.736954e+00 8.750000e+01 -2.278535e+00
    endloop
  endfacet
  facet normal -9.882804e-01 0.000000e+00 1.526493e-01
    outer loop
      vertex   9.970658e+00 8.750000e+01 -7.654925e-01
      vertex   9.736954e+00 8.750000e+01 -2.278535e+00
      vertex   9.736954e+00 5.833333e+01 -2.278535e+00
    endloop
  endfacet
  facet normal -9.533964e-01 0.000000e+00 3.017206e-01
    outer loop
      vertex   9.736954e+00 5.833333e+01 -2.278535e+00
      vertex   9.736954e+00 8.750000e+01 -2.278535e+00
      vertex   9.275025e+00 5.833333e+01 -3.738171e+00
    endloop
  endfacet
  facet normal -9.533964e-01 0.000000e+00 3.017206e-01
    outer loop
      vertex   9.736954e+00 5.833333e+01 -2.278535e+00
      vertex   9.275025e+00 5.833333e+01 -3.738171e+00
      vertex   9.275025e+00 2.916667e+01 -3.738171e+00
    endloop
  endfacet
  facet normal -8.961656e-01 0.000000e+00 4.437198e-01
    outer loop
      vertex   9.275025e+00 2.916667e+01 -3.738171e+00
      vertex   9.275025e+00 5.833333e+01 -3.738171e+00
      vertex   8.595696e+00 2.916667e+01 -5.110187e+00
    endloop
  endfacet
  facet normal -8.961651e-01 -9.854699e-04 4.437196e-01
    outer loop
      vertex   9.275025e+00 2.916667e+01 -3.738171e+00
      vertex   8.595696e+00 2.916667e+01 -5.110187e+00
      vertex   9.009689e+00 0.000000e+00 -4.338837e+00
    endloop
  endfacet
  facet normal -8.660250e-01 9.307397e-04 4.999998e-01
    outer loop
      vertex   9.009689e+00 0.000000e+00 -4.338837e+00
      vertex   8.595696e+00 2.916667e+01 -5.110187e+00
      vertex   8.262388e+00 0.000000e+00 -5.633201e+00
    endloop
  endfacet
  facet normal -8.179290e-01 -9.694941e-04 5.753184e-01
    outer loop
      vertex   8.262388e+00 0.000000e+00 -5.633201e+00
      vertex   8.595696e+00 2.916667e+01 -5.110187e+00
      vertex   7.714892e+00 2.916667e+01 -6.362424e+00
    endloop
  endfacet
  facet normal -7.818312e-01 9.124818e-04 6.234895e-01
    outer loop
      vertex   8.262388e+00 0.000000e+00 -5.633201e+00
      vertex   7.714892e+00 2.916667e+01 -6.362424e+00
      vertex   7.330519e+00 0.000000e+00 -6.801727e+00
    endloop
  endfacet
  facet normal -7.205213e-01 -9.489542e-04 6.934322e-01
    outer loop
      vertex   7.330519e+00 0.000000e+00 -6.801727e+00
      vertex   7.714892e+00 2.916667e+01 -6.362424e+00
      vertex   6.653257e+00 2.916667e+01 -7.465532e+00
    endloop
  endfacet
  facet normal -6.801725e-01 8.896599e-04 7.330516e-01
    outer loop
      vertex   7.330519e+00 0.000000e+00 -6.801727e+00
      vertex   6.653257e+00 2.916667e+01 -7.465532e+00
      vertex   6.234898e+00 0.000000e+00 -7.818315e+00
    endloop
  endfacet
  facet normal -6.062252e-01 -9.238504e-04 7.952925e-01
    outer loop
      vertex   6.234898e+00 0.000000e+00 -7.818315e+00
      vertex   6.653257e+00 2.916667e+01 -7.465532e+00
      vertex   5.435676e+00 2.916667e+01 -8.393654e+00
    endloop
  endfacet
  facet normal -5.633198e-01 8.622743e-04 8.262385e-01
    outer loop
      vertex   6.234898e+00 0.000000e+00 -7.818315e+00
      vertex   5.435676e+00 2.916667e+01 -8.393654e+00
      vertex   5.000000e+00 0.000000e+00 -8.660254e+00
    endloop
  endfacet
  facet normal -5.219540e-01 0.000000e+00 8.529736e-01
    outer loop
      vertex   5.000000e+00 0.000000e+00 -8.660254e+00
      vertex   5.435676e+00 2.916667e+01 -8.393654e+00
      vertex   5.435676e+00 5.833333e+01 -8.393654e+00
    endloop
  endfacet
  facet normal -5.219540e-01 0.000000e+00 8.529736e-01
    outer loop
      vertex   5.000000e+00 0.000000e+00 -8.660254e+00
      vertex   5.435676e+00 5.833333e+01 -8.393654e+00
      vertex   5.435676e+00 8.750000e+01 -8.393654e+00
    endloop
  endfacet
  facet normal -6.062254e-01 0.000000e+00 7.952929e-01
    outer loop
      vertex   5.435676e+00 8.750000e+01 -8.393654e+00
      vertex   5.435676e+00 5.833333e+01 -8.393654e+00
      vertex   6.653257e+00 8.750000e+01 -7.465532e+00
    endloop
  endfacet
  facet normal -6.062254e-01 0.000000e+00 7.952929e-01
    outer loop
      vertex   5.435676e+00 8.750000e+01 -8.393654e+00
      vertex   6.653257e+00 8.750000e+01 -7.465532e+00
      vertex   6.653257e+00 1.166667e+02 -7.465532e+00
    endloop
  endfacet
  facet normal -7.205216e-01 0.000000e+00 6.934325e-01
    outer loop
      vertex   6.653257e+00 1.166667e+02 -7.465532e+00
      vertex   6.653257e+00 8.750000e+01 -7.465532e+00
      vertex   7.714892e+00 1.166667e+02 -6.362424e+00
    endloop
  endfacet
  facet normal -7.205216e-01 0.000000e+00 6.934325e-01
    outer loop
      vertex   6.653257e+00 1.166667e+02 -7.465532e+00
      vertex   7.714892e+00 1.166667e+02 -6.362424e+00
      vertex   7.714892e+00 1.458333e+02 -6.362424e+00
    endloop
  endfacet
  facet normal -8.179294e-01 0.000000e+00 5.753187e-01
    outer loop
      vertex   7.714892e+00 1.458333e+02 -6.362424e+00
      vertex   7.714892e+00 1.166667e+02 -6.362424e+00
      vertex   8.595696e+00 1.458333e+02 -5.110187e+00
    endloop
  endfacet
  facet normal -8.179290e-01 9.694941e-04 5.753184e-01
    outer loop
      vertex   7.714892e+00 1.458333e+02 -6.362424e+00
      vertex   8.595696e+00 1.458333e+02 -5.110187e+00
      vertex   8.262388e+00 1.750000e+02 -5.633201e+00
    endloop
  endfacet
  facet normal -8.660250e-01 -9.307397e-04 4.999998e-01
    outer loop
      vertex   8.262388e+00 1.750000e+02 -5.633201e+00
      vertex   8.595696e+00 1.458333e+02 -5.110187e+00
      vertex   9.009689e+00 1.750000e+02 -4.338837e+00
    endloop
  endfacet
  facet normal -8.961651e-01 9.854699e-04 4.437196e-01
    outer loop
      vertex   9.009689e+00 1.750000e+02 -4.338837e+00
      vertex   8.595696e+00 1.458333e+02 -5.110187e+00
      vertex   9.275025e+00 1.458333e+02 -3.738171e+00
    endloop
  endfacet
  facet normal -9.227373e-01 -4.567144e-04 3.854291e-01
    outer loop
      vertex   9.009689e+00 1.750000e+02 -4.338837e+00
      vertex   9.275025e+00 1.458333e+02 -3.738171e+00
      vertex   9.367497e+00 1.600000e+02 -3.500000e+00
    endloop
  endfacet
  facet normal -9.361347e-01 1.987745e-04 3.516416e-01
    outer loop
      vertex   9.367497e+00 1.600000e+02 -3.500000e+00
      vertex   9.275025e+00 1.458333e+02 -3.738171e+00
      vertex   9.392549e+00 1.593230e+02 -3.432924e+00
    endloop
  endfacet
  facet normal -9.425483e-01 6.522840e-04 3.340692e-01
    outer loop
      vertex   9.392549e+00 1.593230e+02 -3.432924e+00
      vertex   9.275025e+00 1.458333e+02 -3.738171e+00
      vertex   9.463454e+00 1.586558e+02 -3.231569e+00
    endloop
  endfacet
  facet normal -9.509798e-01 1.756849e-03 3.092480e-01
    outer loop
      vertex   9.463454e+00 1.586558e+02 -3.231569e+00
      vertex   9.275025e+00 1.458333e+02 -3.738171e+00
      vertex   9.569474e+00 1.580451e+02 -2.902074e+00
    endloop
  endfacet
  facet normal -9.533938e-01 2.330486e-03 3.017198e-01
    outer loop
      vertex   9.569474e+00 1.580451e+02 -2.902074e+00
      vertex   9.275025e+00 1.458333e+02 -3.738171e+00
      vertex   9.736954e+00 1.458333e+02 -2.278535e+00
    endloop
  endfacet
  facet normal -9.628785e-01 5.774422e-04 2.699347e-01
    outer loop
      vertex   9.569474e+00 1.580451e+02 -2.902074e+00
      vertex   9.736954e+00 1.458333e+02 -2.278535e+00
      vertex   9.688776e+00 1.575257e+02 -2.475402e+00
    endloop
  endfacet
  facet normal -9.752767e-01 -2.977880e-04 2.209871e-01
    outer loop
      vertex   9.688776e+00 1.575257e+02 -2.475402e+00
      vertex   9.736954e+00 1.458333e+02 -2.278535e+00
      vertex   9.806598e+00 1.570987e+02 -1.955996e+00
    endloop
  endfacet
  facet normal -9.860903e-01 1.337527e-03 1.662054e-01
    outer loop
      vertex   9.806598e+00 1.570987e+02 -1.955996e+00
      vertex   9.736954e+00 1.458333e+02 -2.278535e+00
      vertex   9.909143e+00 1.567687e+02 -1.344946e+00
    endloop
  endfacet
  facet normal -9.882773e-01 2.529332e-03 1.526488e-01
    outer loop
      vertex   9.909143e+00 1.567687e+02 -1.344946e+00
      vertex   9.736954e+00 1.458333e+02 -2.278535e+00
      vertex   9.970658e+00 1.458333e+02 -7.654925e-01
    endloop
  endfacet
  facet normal -9.949588e-01 -2.829873e-04 1.002842e-01
    outer loop
      vertex   9.909143e+00 1.567687e+02 -1.344946e+00
      vertex   9.970658e+00 1.458333e+02 -7.654925e-01
      vertex   9.976496e+00 1.565671e+02 -6.772776e-01
    endloop
  endfacet
  facet normal -9.993975e-01 2.583640e-04 3.470762e-02
    outer loop
      vertex   9.976496e+00 1.565671e+02 -6.772776e-01
      vertex   9.970658e+00 1.458333e+02 -7.654925e-01
      vertex   1.000000e+01 1.565000e+02 -8.419191e-15
    endloop
  endfacet
  facet normal -9.999962e-01 2.750801e-03 0.000000e+00
    outer loop
      vertex   1.000000e+01 1.565000e+02 -8.419191e-15
      vertex   9.970658e+00 1.458333e+02 -7.654925e-01
      vertex   9.970658e+00 1.458333e+02 7.654925e-01
    endloop
  endfacet
  facet normal -9.993975e-01 2.583640e-04 -3.470762e-02
    outer loop
      vertex   1.000000e+01 1.565000e+02 -8.419191e-15
      vertex   9.970658e+00 1.458333e+02 7.654925e-01
      vertex   9.976496e+00 1.565671e+02 6.772776e-01
    endloop
  endfacet
  facet normal -9.949588e-01 -2.829873e-04 -1.002842e-01
    outer loop
      vertex   9.976496e+00 1.565671e+02 6.772776e-01
      vertex   9.970658e+00 1.458333e+02 7.654925e-01
      vertex   9.909143e+00 1.567687e+02 1.344946e+00
    endloop
  endfacet
  facet normal -9.308723e-01 -1.774174e-03 3.653404e-01
    outer loop
      vertex   9.009689e+00 1.750000e+02 -4.338837e+00
      vertex   9.367497e+00 1.600000e+02 -3.500000e+00
      vertex   9.555728e+00 1.750000e+02 -2.947552e+00
    endloop
  endfacet
  facet normal -9.307438e-01 -1.787835e-03 3.656676e-01
    outer loop
      vertex   9.555728e+00 1.750000e+02 -2.947552e+00
      vertex   9.367497e+00 1.600000e+02 -3.500000e+00
      vertex   9.392549e+00 1.606770e+02 -3.432924e+00
    endloop
  endfacet
  facet normal -9.426303e-01 -5.737822e-04 3.338380e-01
    outer loop
      vertex   9.555728e+00 1.750000e+02 -2.947552e+00
      vertex   9.392549e+00 1.606770e+02 -3.432924e+00
      vertex   9.463454e+00 1.613442e+02 -3.231569e+00
    endloop
  endfacet
  facet normal -9.519700e-01 6.433446e-05 3.061912e-01
    outer loop
      vertex   9.463454e+00 1.613442e+02 -3.231569e+00
      vertex   9.569474e+00 1.619549e+02 -2.902074e+00
      vertex   9.555728e+00 1.750000e+02 -2.947552e+00
    endloop
  endfacet
  facet normal -9.630372e-01 -7.570076e-05 2.693682e-01
    outer loop
      vertex   9.555728e+00 1.750000e+02 -2.947552e+00
      vertex   9.569474e+00 1.619549e+02 -2.902074e+00
      vertex   9.688776e+00 1.624743e+02 -2.475402e+00
    endloop
  endfacet
  facet normal -9.748735e-01 -1.958660e-03 2.227506e-01
    outer loop
      vertex   9.555728e+00 1.750000e+02 -2.947552e+00
      vertex   9.688776e+00 1.624743e+02 -2.475402e+00
      vertex   9.806598e+00 1.629013e+02 -1.955996e+00
    endloop
  endfacet
  facet normal -9.749260e-01 -1.978608e-03 2.225205e-01
    outer loop
      vertex   9.555728e+00 1.750000e+02 -2.947552e+00
      vertex   9.806598e+00 1.629013e+02 -1.955996e+00
      vertex   9.888308e+00 1.750000e+02 -1.490423e+00
    endloop
  endfacet
  facet normal -9.862355e-01 2.978979e-04 1.653467e-01
    outer loop
      vertex   9.888308e+00 1.750000e+02 -1.490423e+00
      vertex   9.806598e+00 1.629013e+02 -1.955996e+00
      vertex   9.909143e+00 1.632313e+02 -1.344946e+00
    endloop
  endfacet
  facet normal -9.949345e-01 -5.187987e-04 1.005239e-01
    outer loop
      vertex   9.888308e+00 1.750000e+02 -1.490423e+00
      vertex   9.909143e+00 1.632313e+02 -1.344946e+00
      vertex   9.976496e+00 1.634329e+02 -6.772776e-01
    endloop
  endfacet
  facet normal -9.972010e-01 -2.349343e-03 7.472989e-02
    outer loop
      vertex   9.888308e+00 1.750000e+02 -1.490423e+00
      vertex   9.976496e+00 1.634329e+02 -6.772776e-01
      vertex   1.000000e+01 1.750000e+02 -7.715821e-12
    endloop
  endfacet
  facet normal -9.993984e-01 2.328698e-14 3.468205e-02
    outer loop
      vertex   1.000000e+01 1.750000e+02 -7.715821e-12
      vertex   9.976496e+00 1.634329e+02 -6.772776e-01
      vertex   1.000000e+01 1.635000e+02 5.759282e-15
    endloop
  endfacet
  facet normal -9.993984e-01 -2.328698e-14 -3.468205e-02
    outer loop
      vertex   1.000000e+01 1.750000e+02 -7.715821e-12
      vertex   1.000000e+01 1.635000e+02 5.759282e-15
      vertex   9.976496e+00 1.634329e+02 6.772776e-01
    endloop
  endfacet
  facet normal -9.972010e-01 -2.349343e-03 -7.472989e-02
    outer loop
      vertex   1.000000e+01 1.750000e+02 -7.715821e-12
      vertex   9.976496e+00 1.634329e+02 6.772776e-01
      vertex   9.888308e+00 1.750000e+02 1.490423e+00
    endloop
  endfacet
  facet normal -9.949345e-01 -5.187987e-04 -1.005239e-01
    outer loop
      vertex   9.888308e+00 1.750000e+02 1.490423e+00
      vertex   9.976496e+00 1.634329e+02 6.772776e-01
      vertex   9.909143e+00 1.632313e+02 1.344946e+00
    endloop
  endfacet
  facet normal -9.862355e-01 2.978979e-04 -1.653467e-01
    outer loop
      vertex   9.888308e+00 1.750000e+02 1.490423e+00
      vertex   9.909143e+00 1.632313e+02 1.344946e+00
      vertex   9.806598e+00 1.629013e+02 1.955996e+00
    endloop
  endfacet
  facet normal -9.748681e-01 -1.988759e-03 -2.227741e-01
    outer loop
      vertex   9.806598e+00 1.629013e+02 1.955996e+00
      vertex   9.688776e+00 1.624743e+02 2.475402e+00
      vertex   9.888308e+00 1.750000e+02 1.490423e+00
    endloop
  endfacet
  facet normal -9.749260e-01 -1.967892e-03 -2.225205e-01
    outer loop
      vertex   9.888308e+00 1.750000e+02 1.490423e+00
      vertex   9.688776e+00 1.624743e+02 2.475402e+00
      vertex   9.555728e+00 1.750000e+02 2.947552e+00
    endloop
  endfacet
  facet normal -9.630372e-01 -7.570076e-05 -2.693682e-01
    outer loop
      vertex   9.555728e+00 1.750000e+02 2.947552e+00
      vertex   9.688776e+00 1.624743e+02 2.475402e+00
      vertex   9.569474e+00 1.619549e+02 2.902074e+00
    endloop
  endfacet
  facet normal -9.519700e-01 6.433446e-05 -3.061912e-01
    outer loop
      vertex   9.555728e+00 1.750000e+02 2.947552e+00
      vertex   9.569474e+00 1.619549e+02 2.902074e+00
      vertex   9.463454e+00 1.613442e+02 3.231569e+00
    endloop
  endfacet
  facet normal -9.426303e-01 -5.737822e-04 -3.338380e-01
    outer loop
      vertex   9.463454e+00 1.613442e+02 3.231569e+00
      vertex   9.392549e+00 1.606770e+02 3.432924e+00
      vertex   9.555728e+00 1.750000e+02 2.947552e+00
    endloop
  endfacet
  facet normal -9.307438e-01 -1.787835e-03 -3.656676e-01
    outer loop
      vertex   9.555728e+00 1.750000e+02 2.947552e+00
      vertex   9.392549e+00 1.606770e+02 3.432924e+00
      vertex   9.367497e+00 1.600000e+02 3.500000e+00
    endloop
  endfacet
  facet normal -9.308733e-01 9.444333e-04 3.653409e-01
    outer loop
      vertex   9.009689e+00 0.000000e+00 -4.338837e+00
      vertex   9.555728e+00 0.000000e+00 -2.947552e+00
      vertex   9.275025e+00 2.916667e+01 -3.738171e+00
    endloop
  endfacet
  facet normal -9.533959e-01 -9.968813e-04 3.017204e-01
    outer loop
      vertex   9.275025e+00 2.916667e+01 -3.738171e+00
      vertex   9.555728e+00 0.000000e+00 -2.947552e+00
      vertex   9.736954e+00 2.916667e+01 -2.278535e+00
    endloop
  endfacet
  facet normal -9.533964e-01 0.000000e+00 3.017206e-01
    outer loop
      vertex   9.275025e+00 2.916667e+01 -3.738171e+00
      vertex   9.736954e+00 2.916667e+01 -2.278535e+00
      vertex   9.736954e+00 5.833333e+01 -2.278535e+00
    endloop
  endfacet
  facet normal -9.882804e-01 0.000000e+00 1.526493e-01
    outer loop
      vertex   9.736954e+00 5.833333e+01 -2.278535e+00
      vertex   9.736954e+00 2.916667e+01 -2.278535e+00
      vertex   9.970658e+00 5.833333e+01 -7.654925e-01
    endloop
  endfacet
  facet normal -9.882804e-01 0.000000e+00 1.526493e-01
    outer loop
      vertex   9.736954e+00 5.833333e+01 -2.278535e+00
      vertex   9.970658e+00 5.833333e+01 -7.654925e-01
      vertex   9.970658e+00 8.750000e+01 -7.654925e-01
    endloop
  endfacet
  facet normal -1.000000e+00 0.000000e+00 0.000000e+00
    outer loop
      vertex   9.970658e+00 8.750000e+01 -7.654925e-01
      vertex   9.970658e+00 5.833333e+01 -7.654925e-01
      vertex   9.970658e+00 8.750000e+01 7.654925e-01
    endloop
  endfacet
  facet normal -1.000000e+00 0.000000e+00 0.000000e+00
    outer loop
      vertex   9.970658e+00 8.750000e+01 -7.654925e-01
      vertex   9.970658e+00 8.750000e+01 7.654925e-01
      vertex   9.970658e+00 1.166667e+02 7.654925e-01
    endloop
  endfacet
  facet normal -9.882804e-01 -0.000000e+00 -1.526493e-01
    outer loop
      vertex   9.970658e+00 1.166667e+02 7.654925e-01
      vertex   9.970658e+00 8.750000e+01 7.654925e-01
      vertex   9.736954e+00 1.166667e+02 2.278535e+00
    endloop
  endfacet
  facet normal -9.882804e-01 0.000000e+00 -1.526493e-01
    outer loop
      vertex   9.970658e+00 1.166667e+02 7.654925e-01
      vertex   9.736954e+00 1.166667e+02 2.278535e+00
      vertex   9.736954e+00 1.458333e+02 2.278535e+00
    endloop
  endfacet
  facet normal -9.533964e-01 -0.000000e+00 -3.017206e-01
    outer loop
      vertex   9.736954e+00 1.458333e+02 2.278535e+00
      vertex   9.736954e+00 1.166667e+02 2.278535e+00
      vertex   9.275025e+00 1.458333e+02 3.738171e+00
    endloop
  endfacet
  facet normal -9.749275e-01 9.535625e-04 2.225208e-01
    outer loop
      vertex   9.555728e+00 0.000000e+00 -2.947552e+00
      vertex   9.888308e+00 0.000000e+00 -1.490423e+00
      vertex   9.736954e+00 2.916667e+01 -2.278535e+00
    endloop
  endfacet
  facet normal -9.882799e-01 -1.003728e-03 1.526492e-01
    outer loop
      vertex   9.736954e+00 2.916667e+01 -2.278535e+00
      vertex   9.888308e+00 0.000000e+00 -1.490423e+00
      vertex   9.970658e+00 2.916667e+01 -7.654925e-01
    endloop
  endfacet
  facet normal -9.882804e-01 0.000000e+00 1.526493e-01
    outer loop
      vertex   9.736954e+00 2.916667e+01 -2.278535e+00
      vertex   9.970658e+00 2.916667e+01 -7.654925e-01
      vertex   9.970658e+00 5.833333e+01 -7.654925e-01
    endloop
  endfacet
  facet normal -1.000000e+00 0.000000e+00 0.000000e+00
    outer loop
      vertex   9.970658e+00 5.833333e+01 -7.654925e-01
      vertex   9.970658e+00 2.916667e+01 -7.654925e-01
      vertex   9.970658e+00 5.833333e+01 7.654925e-01
    endloop
  endfacet
  facet normal -1.000000e+00 0.000000e+00 0.000000e+00
    outer loop
      vertex   9.970658e+00 5.833333e+01 -7.654925e-01
      vertex   9.970658e+00 5.833333e+01 7.654925e-01
      vertex   9.970658e+00 8.750000e+01 7.654925e-01
    endloop
  endfacet
  facet normal -9.882804e-01 -0.000000e+00 -1.526493e-01
    outer loop
      vertex   9.970658e+00 8.750000e+01 7.654925e-01
      vertex   9.970658e+00 5.833333e+01 7.654925e-01
      vertex   9.736954e+00 8.750000e+01 2.278535e+00
    endloop
  endfacet
  facet normal -9.882804e-01 0.000000e+00 -1.526493e-01
    outer loop
      vertex   9.970658e+00 8.750000e+01 7.654925e-01
      vertex   9.736954e+00 8.750000e+01 2.278535e+00
      vertex   9.736954e+00 1.166667e+02 2.278535e+00
    endloop
  endfacet
  facet normal -9.533964e-01 -0.000000e+00 -3.017206e-01
    outer loop
      vertex   9.736954e+00 1.166667e+02 2.278535e+00
      vertex   9.736954e+00 8.750000e+01 2.278535e+00
      vertex   9.275025e+00 1.166667e+02 3.738171e+00
    endloop
  endfacet
  facet normal -9.533964e-01 0.000000e+00 -3.017206e-01
    outer loop
      vertex   9.736954e+00 1.166667e+02 2.278535e+00
      vertex   9.275025e+00 1.166667e+02 3.738171e+00
      vertex   9.275025e+00 1.458333e+02 3.738171e+00
    endloop
  endfacet
  facet normal -8.961656e-01 -0.000000e+00 -4.437198e-01
    outer loop
      vertex   9.275025e+00 1.458333e+02 3.738171e+00
      vertex   9.275025e+00 1.166667e+02 3.738171e+00
      vertex   8.595696e+00 1.458333e+02 5.110187e+00
    endloop
  endfacet
  facet normal -8.961651e-01 9.854699e-04 -4.437196e-01
    outer loop
      vertex   9.275025e+00 1.458333e+02 3.738171e+00
      vertex   8.595696e+00 1.458333e+02 5.110187e+00
      vertex   9.009689e+00 1.750000e+02 4.338837e+00
    endloop
  endfacet
  facet normal -8.660250e-01 -9.307397e-04 -4.999998e-01
    outer loop
      vertex   9.009689e+00 1.750000e+02 4.338837e+00
      vertex   8.595696e+00 1.458333e+02 5.110187e+00
      vertex   8.262388e+00 1.750000e+02 5.633201e+00
    endloop
  endfacet
  facet normal -8.179290e-01 9.694941e-04 -5.753184e-01
    outer loop
      vertex   8.262388e+00 1.750000e+02 5.633201e+00
      vertex   8.595696e+00 1.458333e+02 5.110187e+00
      vertex   7.714892e+00 1.458333e+02 6.362424e+00
    endloop
  endfacet
  facet normal -7.818312e-01 -9.124818e-04 -6.234895e-01
    outer loop
      vertex   8.262388e+00 1.750000e+02 5.633201e+00
      vertex   7.714892e+00 1.458333e+02 6.362424e+00
      vertex   7.330519e+00 1.750000e+02 6.801727e+00
    endloop
  endfacet
  facet normal -7.205213e-01 9.489542e-04 -6.934322e-01
    outer loop
      vertex   7.330519e+00 1.750000e+02 6.801727e+00
      vertex   7.714892e+00 1.458333e+02 6.362424e+00
      vertex   6.653257e+00 1.458333e+02 7.465532e+00
    endloop
  endfacet
  facet normal -6.801725e-01 -8.896599e-04 -7.330516e-01
    outer loop
      vertex   7.330519e+00 1.750000e+02 6.801727e+00
      vertex   6.653257e+00 1.458333e+02 7.465532e+00
      vertex   6.234898e+00 1.750000e+02 7.818315e+00
    endloop
  endfacet
  facet normal -6.062252e-01 9.238504e-04 -7.952925e-01
    outer loop
      vertex   6.234898e+00 1.750000e+02 7.818315e+00
      vertex   6.653257e+00 1.458333e+02 7.465532e+00
      vertex   5.435676e+00 1.458333e+02 8.393654e+00
    endloop
  endfacet
  facet normal -5.633198e-01 -8.622743e-04 -8.262385e-01
    outer loop
      vertex   6.234898e+00 1.750000e+02 7.818315e+00
      vertex   5.435676e+00 1.458333e+02 8.393654e+00
      vertex   5.000000e+00 1.750000e+02 8.660254e+00
    endloop
  endfacet
  facet normal -4.777196e-01 8.941830e-04 -8.785119e-01
    outer loop
      vertex   5.000000e+00 1.750000e+02 8.660254e+00
      vertex   5.435676e+00 1.458333e+02 8.393654e+00
      vertex   4.090686e+00 1.458333e+02 9.125036e+00
    endloop
  endfacet
  facet normal -4.338836e-01 -8.303253e-04 -9.009686e-01
    outer loop
      vertex   5.000000e+00 1.750000e+02 8.660254e+00
      vertex   4.090686e+00 1.458333e+02 9.125036e+00
      vertex   3.653410e+00 1.750000e+02 9.308737e+00
    endloop
  endfacet
  facet normal -3.380168e-01 8.599526e-04 -9.411397e-01
    outer loop
      vertex   3.653410e+00 1.750000e+02 9.308737e+00
      vertex   4.090686e+00 1.458333e+02 9.125036e+00
      vertex   2.649815e+00 1.458333e+02 9.642535e+00
    endloop
  endfacet
  facet normal -2.947551e-01 -7.938134e-04 -9.555725e-01
    outer loop
      vertex   3.653410e+00 1.750000e+02 9.308737e+00
      vertex   2.649815e+00 1.458333e+02 9.642535e+00
      vertex   2.225209e+00 1.750000e+02 9.749279e+00
    endloop
  endfacet
  facet normal -1.903910e-01 8.211594e-04 -9.817080e-01
    outer loop
      vertex   2.225209e+00 1.750000e+02 9.749279e+00
      vertex   2.649815e+00 1.458333e+02 9.642535e+00
      vertex   1.146834e+00 1.458333e+02 9.934021e+00
    endloop
  endfacet
  facet normal -1.490422e-01 -7.527391e-04 -9.888305e-01
    outer loop
      vertex   2.225209e+00 1.750000e+02 9.749279e+00
      vertex   1.146834e+00 1.458333e+02 9.934021e+00
      vertex   7.473009e-01 1.750000e+02 9.972038e+00
    endloop
  endfacet
  facet normal -3.830272e-02 7.778040e-04 -9.992659e-01
    outer loop
      vertex   7.473009e-01 1.750000e+02 9.972038e+00
      vertex   1.146834e+00 1.458333e+02 9.934021e+00
      vertex   -3.830273e-01 1.458333e+02 9.992662e+00
    endloop
  endfacet
  facet normal -6.263473e-13 -7.071029e-04 -9.999998e-01
    outer loop
      vertex   7.473009e-01 1.750000e+02 9.972038e+00
      vertex   -3.830273e-01 1.458333e+02 9.992662e+00
      vertex   -7.473009e-01 1.750000e+02 9.972038e+00
    endloop
  endfacet
  facet normal 1.146834e-01 7.298871e-04 -9.934018e-01
    outer loop
      vertex   -7.473009e-01 1.750000e+02 9.972038e+00
      vertex   -3.830273e-01 1.458333e+02 9.992662e+00
      vertex   -1.903911e+00 1.458333e+02 9.817083e+00
    endloop
  endfacet
  facet normal 1.490422e-01 -6.569054e-04 -9.888306e-01
    outer loop
      vertex   -7.473009e-01 1.750000e+02 9.972038e+00
      vertex   -1.903911e+00 1.458333e+02 9.817083e+00
      vertex   -2.225209e+00 1.750000e+02 9.749279e+00
    endloop
  endfacet
  facet normal 2.649814e-01 6.774092e-04 -9.642533e-01
    outer loop
      vertex   -2.225209e+00 1.750000e+02 9.749279e+00
      vertex   -1.903911e+00 1.458333e+02 9.817083e+00
      vertex   -3.380169e+00 1.458333e+02 9.411400e+00
    endloop
  endfacet
  facet normal 2.947551e-01 -6.021472e-04 -9.555726e-01
    outer loop
      vertex   -2.225209e+00 1.750000e+02 9.749279e+00
      vertex   -3.380169e+00 1.458333e+02 9.411400e+00
      vertex   -3.653410e+00 1.750000e+02 9.308737e+00
    endloop
  endfacet
  facet normal 4.090686e-01 6.203710e-04 -9.125034e-01
    outer loop
      vertex   -3.653410e+00 1.750000e+02 9.308737e+00
      vertex   -3.380169e+00 1.458333e+02 9.411400e+00
      vertex   -4.777198e+00 1.458333e+02 8.785123e+00
    endloop
  endfacet
  facet normal 4.338837e-01 -5.428292e-04 -9.009687e-01
    outer loop
      vertex   -3.653410e+00 1.750000e+02 9.308737e+00
      vertex   -4.777198e+00 1.458333e+02 8.785123e+00
      vertex   -5.000000e+00 1.750000e+02 8.660254e+00
    endloop
  endfacet
  facet normal 5.435675e-01 5.587734e-04 -8.393653e-01
    outer loop
      vertex   -5.000000e+00 1.750000e+02 8.660254e+00
      vertex   -4.777198e+00 1.458333e+02 8.785123e+00
      vertex   -6.062254e+00 1.458333e+02 7.952929e+00
    endloop
  endfacet
  facet normal 5.633200e-01 -4.789521e-04 -8.262387e-01
    outer loop
      vertex   -5.000000e+00 1.750000e+02 8.660254e+00
      vertex   -6.062254e+00 1.458333e+02 7.952929e+00
      vertex   -6.234898e+00 1.750000e+02 7.818315e+00
    endloop
  endfacet
  facet normal 6.653256e-01 4.926170e-04 -7.465531e-01
    outer loop
      vertex   -6.234898e+00 1.750000e+02 7.818315e+00
      vertex   -6.062254e+00 1.458333e+02 7.952929e+00
      vertex   -7.205216e+00 1.458333e+02 6.934325e+00
    endloop
  endfacet
  facet normal 6.801727e-01 -4.105167e-04 -7.330518e-01
    outer loop
      vertex   -6.234898e+00 1.750000e+02 7.818315e+00
      vertex   -7.205216e+00 1.458333e+02 6.934325e+00
      vertex   -7.330519e+00 1.750000e+02 6.801727e+00
    endloop
  endfacet
  facet normal 7.714891e-01 4.219028e-04 -6.362424e-01
    outer loop
      vertex   -7.330519e+00 1.750000e+02 6.801727e+00
      vertex   -7.205216e+00 1.458333e+02 6.934325e+00
      vertex   -8.179294e+00 1.458333e+02 5.753187e+00
    endloop
  endfacet
  facet normal 7.818314e-01 -3.375240e-04 -6.234898e-01
    outer loop
      vertex   -7.330519e+00 1.750000e+02 6.801727e+00
      vertex   -8.179294e+00 1.458333e+02 5.753187e+00
      vertex   -8.262388e+00 1.750000e+02 5.633201e+00
    endloop
  endfacet
  facet normal 8.595696e-01 3.466318e-04 -5.110186e-01
    outer loop
      vertex   -8.262388e+00 1.750000e+02 5.633201e+00
      vertex   -8.179294e+00 1.458333e+02 5.753187e+00
      vertex   -8.961656e+00 1.458333e+02 4.437198e+00
    endloop
  endfacet
  facet normal 8.660254e-01 -2.599749e-04 -5.000000e-01
    outer loop
      vertex   -8.262388e+00 1.750000e+02 5.633201e+00
      vertex   -8.961656e+00 1.458333e+02 4.437198e+00
      vertex   -9.009689e+00 1.750000e+02 4.338837e+00
    endloop
  endfacet
  facet normal -9.972033e-01 9.581271e-04 7.473006e-02
    outer loop
      vertex   9.888308e+00 0.000000e+00 -1.490423e+00
      vertex   1.000000e+01 0.000000e+00 -7.724703e-12
      vertex   9.970658e+00 2.916667e+01 -7.654925e-01
    endloop
  endfacet
  facet normal -9.999995e-01 -1.006011e-03 0.000000e+00
    outer loop
      vertex   9.970658e+00 2.916667e+01 -7.654925e-01
      vertex   1.000000e+01 0.000000e+00 -7.724703e-12
      vertex   9.970658e+00 2.916667e+01 7.654925e-01
    endloop
  endfacet
  facet normal -1.000000e+00 0.000000e+00 0.000000e+00
    outer loop
      vertex   9.970658e+00 2.916667e+01 -7.654925e-01
      vertex   9.970658e+00 2.916667e+01 7.654925e-01
      vertex   9.970658e+00 5.833333e+01 7.654925e-01
    endloop
  endfacet
  facet normal -9.882804e-01 -0.000000e+00 -1.526493e-01
    outer loop
      vertex   9.970658e+00 5.833333e+01 7.654925e-01
      vertex   9.970658e+00 2.916667e+01 7.654925e-01
      vertex   9.736954e+00 5.833333e+01 2.278535e+00
    endloop
  endfacet
  facet normal -9.882804e-01 0.000000e+00 -1.526493e-01
    outer loop
      vertex   9.970658e+00 5.833333e+01 7.654925e-01
      vertex   9.736954e+00 5.833333e+01 2.278535e+00
      vertex   9.736954e+00 8.750000e+01 2.278535e+00
    endloop
  endfacet
  facet normal -9.533964e-01 -0.000000e+00 -3.017206e-01
    outer loop
      vertex   9.736954e+00 8.750000e+01 2.278535e+00
      vertex   9.736954e+00 5.833333e+01 2.278535e+00
      vertex   9.275025e+00 8.750000e+01 3.738171e+00
    endloop
  endfacet
  facet normal -9.533964e-01 0.000000e+00 -3.017206e-01
    outer loop
      vertex   9.736954e+00 8.750000e+01 2.278535e+00
      vertex   9.275025e+00 8.750000e+01 3.738171e+00
      vertex   9.275025e+00 1.166667e+02 3.738171e+00
    endloop
  endfacet
  facet normal -8.961656e-01 -0.000000e+00 -4.437198e-01
    outer loop
      vertex   9.275025e+00 1.166667e+02 3.738171e+00
      vertex   9.275025e+00 8.750000e+01 3.738171e+00
      vertex   8.595696e+00 1.166667e+02 5.110187e+00
    endloop
  endfacet
  facet normal -8.961656e-01 0.000000e+00 -4.437198e-01
    outer loop
      vertex   9.275025e+00 1.166667e+02 3.738171e+00
      vertex   8.595696e+00 1.166667e+02 5.110187e+00
      vertex   8.595696e+00 1.458333e+02 5.110187e+00
    endloop
  endfacet
  facet normal -8.179294e-01 -0.000000e+00 -5.753187e-01
    outer loop
      vertex   8.595696e+00 1.458333e+02 5.110187e+00
      vertex   8.595696e+00 1.166667e+02 5.110187e+00
      vertex   7.714892e+00 1.458333e+02 6.362424e+00
    endloop
  endfacet
  facet normal -9.972033e-01 9.581271e-04 -7.473006e-02
    outer loop
      vertex   1.000000e+01 0.000000e+00 -7.724703e-12
      vertex   9.888308e+00 0.000000e+00 1.490423e+00
      vertex   9.970658e+00 2.916667e+01 7.654925e-01
    endloop
  endfacet
  facet normal -9.882799e-01 -1.003728e-03 -1.526492e-01
    outer loop
      vertex   9.970658e+00 2.916667e+01 7.654925e-01
      vertex   9.888308e+00 0.000000e+00 1.490423e+00
      vertex   9.736954e+00 2.916667e+01 2.278535e+00
    endloop
  endfacet
  facet normal -9.882804e-01 0.000000e+00 -1.526493e-01
    outer loop
      vertex   9.970658e+00 2.916667e+01 7.654925e-01
      vertex   9.736954e+00 2.916667e+01 2.278535e+00
      vertex   9.736954e+00 5.833333e+01 2.278535e+00
    endloop
  endfacet
  facet normal -9.533964e-01 -0.000000e+00 -3.017206e-01
    outer loop
      vertex   9.736954e+00 5.833333e+01 2.278535e+00
      vertex   9.736954e+00 2.916667e+01 2.278535e+00
      vertex   9.275025e+00 5.833333e+01 3.738171e+00
    endloop
  endfacet
  facet normal -9.533964e-01 0.000000e+00 -3.017206e-01
    outer loop
      vertex   9.736954e+00 5.833333e+01 2.278535e+00
      vertex   9.275025e+00 5.833333e+01 3.738171e+00
      vertex   9.275025e+00 8.750000e+01 3.738171e+00
    endloop
  endfacet
  facet normal -8.961656e-01 -0.000000e+00 -4.437198e-01
    outer loop
      vertex   9.275025e+00 8.750000e+01 3.738171e+00
      vertex   9.275025e+00 5.833333e+01 3.738171e+00
      vertex   8.595696e+00 8.750000e+01 5.110187e+00
    endloop
  endfacet
  facet normal -8.961656e-01 0.000000e+00 -4.437198e-01
    outer loop
      vertex   9.275025e+00 8.750000e+01 3.738171e+00
      vertex   8.595696e+00 8.750000e+01 5.110187e+00
      vertex   8.595696e+00 1.166667e+02 5.110187e+00
    endloop
  endfacet
  facet normal -8.179294e-01 -0.000000e+00 -5.753187e-01
    outer loop
      vertex   8.595696e+00 1.166667e+02 5.110187e+00
      vertex   8.595696e+00 8.750000e+01 5.110187e+00
      vertex   7.714892e+00 1.166667e+02 6.362424e+00
    endloop
  endfacet
  facet normal -8.179294e-01 0.000000e+00 -5.753187e-01
    outer loop
      vertex   8.595696e+00 1.166667e+02 5.110187e+00
      vertex   7.714892e+00 1.166667e+02 6.362424e+00
      vertex   7.714892e+00 1.458333e+02 6.362424e+00
    endloop
  endfacet
  facet normal -7.205216e-01 -0.000000e+00 -6.934325e-01
    outer loop
      vertex   7.714892e+00 1.458333e+02 6.362424e+00
      vertex   7.714892e+00 1.166667e+02 6.362424e+00
      vertex   6.653257e+00 1.458333e+02 7.465532e+00
    endloop
  endfacet
  facet normal -9.749275e-01 9.535625e-04 -2.225208e-01
    outer loop
      vertex   9.888308e+00 0.000000e+00 1.490423e+00
      vertex   9.555728e+00 0.000000e+00 2.947552e+00
      vertex   9.736954e+00 2.916667e+01 2.278535e+00
    endloop
  endfacet
  facet normal -9.533959e-01 -9.968813e-04 -3.017204e-01
    outer loop
      vertex   9.736954e+00 2.916667e+01 2.278535e+00
      vertex   9.555728e+00 0.000000e+00 2.947552e+00
      vertex   9.275025e+00 2.916667e+01 3.738171e+00
    endloop
  endfacet
  facet normal -9.533964e-01 0.000000e+00 -3.017206e-01
    outer loop
      vertex   9.736954e+00 2.916667e+01 2.278535e+00
      vertex   9.275025e+00 2.916667e+01 3.738171e+00
      vertex   9.275025e+00 5.833333e+01 3.738171e+00
    endloop
  endfacet
  facet normal -8.961656e-01 -0.000000e+00 -4.437198e-01
    outer loop
      vertex   9.275025e+00 5.833333e+01 3.738171e+00
      vertex   9.275025e+00 2.916667e+01 3.738171e+00
      vertex   8.595696e+00 5.833333e+01 5.110187e+00
    endloop
  endfacet
  facet normal -8.961656e-01 0.000000e+00 -4.437198e-01
    outer loop
      vertex   9.275025e+00 5.833333e+01 3.738171e+00
      vertex   8.595696e+00 5.833333e+01 5.110187e+00
      vertex   8.595696e+00 8.750000e+01 5.110187e+00
    endloop
  endfacet
  facet normal -8.179294e-01 -0.000000e+00 -5.753187e-01
    outer loop
      vertex   8.595696e+00 8.750000e+01 5.110187e+00
      vertex   8.595696e+00 5.833333e+01 5.110187e+00
      vertex   7.714892e+00 8.750000e+01 6.362424e+00
    endloop
  endfacet
  facet normal -8.179294e-01 0.000000e+00 -5.753187e-01
    outer loop
      vertex   8.595696e+00 8.750000e+01 5.110187e+00
      vertex   7.714892e+00 8.750000e+01 6.362424e+00
      vertex   7.714892e+00 1.166667e+02 6.362424e+00
    endloop
  endfacet
  facet normal -7.205216e-01 -0.000000e+00 -6.934325e-01
    outer loop
      vertex   7.714892e+00 1.166667e+02 6.362424e+00
      vertex   7.714892e+00 8.750000e+01 6.362424e+00
      vertex   6.653257e+00 1.166667e+02 7.465532e+00
    endloop
  endfacet
  facet normal -7.205216e-01 0.000000e+00 -6.934325e-01
    outer loop
      vertex   7.714892e+00 1.166667e+02 6.362424e+00
      vertex   6.653257e+00 1.166667e+02 7.465532e+00
      vertex   6.653257e+00 1.458333e+02 7.465532e+00
    endloop
  endfacet
  facet normal -6.062254e-01 -0.000000e+00 -7.952929e-01
    outer loop
      vertex   6.653257e+00 1.458333e+02 7.465532e+00
      vertex   6.653257e+00 1.166667e+02 7.465532e+00
      vertex   5.435676e+00 1.458333e+02 8.393654e+00
    endloop
  endfacet
  facet normal -9.308733e-01 9.444333e-04 -3.653409e-01
    outer loop
      vertex   9.555728e+00 0.000000e+00 2.947552e+00
      vertex   9.009689e+00 0.000000e+00 4.338837e+00
      vertex   9.275025e+00 2.916667e+01 3.738171e+00
    endloop
  endfacet
  facet normal -8.961651e-01 -9.854699e-04 -4.437196e-01
    outer loop
      vertex   9.275025e+00 2.916667e+01 3.738171e+00
      vertex   9.009689e+00 0.000000e+00 4.338837e+00
      vertex   8.595696e+00 2.916667e+01 5.110187e+00
    endloop
  endfacet
  facet normal -8.961656e-01 0.000000e+00 -4.437198e-01
    outer loop
      vertex   9.275025e+00 2.916667e+01 3.738171e+00
      vertex   8.595696e+00 2.916667e+01 5.110187e+00
      vertex   8.595696e+00 5.833333e+01 5.110187e+00
    endloop
  endfacet
  facet normal -8.179294e-01 -0.000000e+00 -5.753187e-01
    outer loop
      vertex   8.595696e+00 5.833333e+01 5.110187e+00
      vertex   8.595696e+00 2.916667e+01 5.110187e+00
      vertex   7.714892e+00 5.833333e+01 6.362424e+00
    endloop
  endfacet
  facet normal -8.179294e-01 0.000000e+00 -5.753187e-01
    outer loop
      vertex   8.595696e+00 5.833333e+01 5.110187e+00
      vertex   7.714892e+00 5.833333e+01 6.362424e+00
      vertex   7.714892e+00 8.750000e+01 6.362424e+00
    endloop
  endfacet
  facet normal -7.205216e-01 -0.000000e+00 -6.934325e-01
    outer loop
      vertex   7.714892e+00 8.750000e+01 6.362424e+00
      vertex   7.714892e+00 5.833333e+01 6.362424e+00
      vertex   6.653257e+00 8.750000e+01 7.465532e+00
    endloop
  endfacet
  facet normal -7.205216e-01 0.000000e+00 -6.934325e-01
    outer loop
      vertex   7.714892e+00 8.750000e+01 6.362424e+00
      vertex   6.653257e+00 8.750000e+01 7.465532e+00
      vertex   6.653257e+00 1.166667e+02 7.465532e+00
    endloop
  endfacet
  facet normal -6.062254e-01 -0.000000e+00 -7.952929e-01
    outer loop
      vertex   6.653257e+00 1.166667e+02 7.465532e+00
      vertex   6.653257e+00 8.750000e+01 7.465532e+00
      vertex   5.435676e+00 1.166667e+02 8.393654e+00
    endloop
  endfacet
  facet normal -6.062254e-01 0.000000e+00 -7.952929e-01
    outer loop
      vertex   6.653257e+00 1.166667e+02 7.465532e+00
      vertex   5.435676e+00 1.166667e+02 8.393654e+00
      vertex   5.435676e+00 1.458333e+02 8.393654e+00
    endloop
  endfacet
  facet normal -4.777198e-01 -0.000000e+00 -8.785123e-01
    outer loop
      vertex   5.435676e+00 1.458333e+02 8.393654e+00
      vertex   5.435676e+00 1.166667e+02 8.393654e+00
      vertex   4.090686e+00 1.458333e+02 9.125036e+00
    endloop
  endfacet
  facet normal -8.660250e-01 9.307397e-04 -4.999998e-01
    outer loop
      vertex   9.009689e+00 0.000000e+00 4.338837e+00
      vertex   8.262388e+00 0.000000e+00 5.633201e+00
      vertex   8.595696e+00 2.916667e+01 5.110187e+00
    endloop
  endfacet
  facet normal -8.179290e-01 -9.694941e-04 -5.753184e-01
    outer loop
      vertex   8.595696e+00 2.916667e+01 5.110187e+00
      vertex   8.262388e+00 0.000000e+00 5.633201e+00
      vertex   7.714892e+00 2.916667e+01 6.362424e+00
    endloop
  endfacet
  facet normal -8.179294e-01 0.000000e+00 -5.753187e-01
    outer loop
      vertex   8.595696e+00 2.916667e+01 5.110187e+00
      vertex   7.714892e+00 2.916667e+01 6.362424e+00
      vertex   7.714892e+00 5.833333e+01 6.362424e+00
    endloop
  endfacet
  facet normal -7.205216e-01 -0.000000e+00 -6.934325e-01
    outer loop
      vertex   7.714892e+00 5.833333e+01 6.362424e+00
      vertex   7.714892e+00 2.916667e+01 6.362424e+00
      vertex   6.653257e+00 5.833333e+01 7.465532e+00
    endloop
  endfacet
  facet normal -7.205216e-01 0.000000e+00 -6.934325e-01
    outer loop
      vertex   7.714892e+00 5.833333e+01 6.362424e+00
      vertex   6.653257e+00 5.833333e+01 7.465532e+00
      vertex   6.653257e+00 8.750000e+01 7.465532e+00
    endloop
  endfacet
  facet normal -6.062254e-01 -0.000000e+00 -7.952929e-01
    outer loop
      vertex   6.653257e+00 8.750000e+01 7.465532e+00
      vertex   6.653257e+00 5.833333e+01 7.465532e+00
      vertex   5.435676e+00 8.750000e+01 8.393654e+00
    endloop
  endfacet
  facet normal -6.062254e-01 0.000000e+00 -7.952929e-01
    outer loop
      vertex   6.653257e+00 8.750000e+01 7.465532e+00
      vertex   5.435676e+00 8.750000e+01 8.393654e+00
      vertex   5.435676e+00 1.166667e+02 8.393654e+00
    endloop
  endfacet
  facet normal -4.777198e-01 -0.000000e+00 -8.785123e-01
    outer loop
      vertex   5.435676e+00 1.166667e+02 8.393654e+00
      vertex   5.435676e+00 8.750000e+01 8.393654e+00
      vertex   4.090686e+00 1.166667e+02 9.125036e+00
    endloop
  endfacet
  facet normal -4.777198e-01 0.000000e+00 -8.785123e-01
    outer loop
      vertex   5.435676e+00 1.166667e+02 8.393654e+00
      vertex   4.090686e+00 1.166667e+02 9.125036e+00
      vertex   4.090686e+00 1.458333e+02 9.125036e+00
    endloop
  endfacet
  facet normal -3.380169e-01 -0.000000e+00 -9.411400e-01
    outer loop
      vertex   4.090686e+00 1.458333e+02 9.125036e+00
      vertex   4.090686e+00 1.166667e+02 9.125036e+00
      vertex   2.649815e+00 1.458333e+02 9.642535e+00
    endloop
  endfacet
  facet normal -7.818312e-01 9.124818e-04 -6.234895e-01
    outer loop
      vertex   8.262388e+00 0.000000e+00 5.633201e+00
      vertex   7.330519e+00 0.000000e+00 6.801727e+00
      vertex   7.714892e+00 2.916667e+01 6.362424e+00
    endloop
  endfacet
  facet normal -7.205213e-01 -9.489542e-04 -6.934322e-01
    outer loop
      vertex   7.714892e+00 2.916667e+01 6.362424e+00
      vertex   7.330519e+00 0.000000e+00 6.801727e+00
      vertex   6.653257e+00 2.916667e+01 7.465532e+00
    endloop
  endfacet
  facet normal -7.205216e-01 0.000000e+00 -6.934325e-01
    outer loop
      vertex   7.714892e+00 2.916667e+01 6.362424e+00
      vertex   6.653257e+00 2.916667e+01 7.465532e+00
      vertex   6.653257e+00 5.833333e+01 7.465532e+00
    endloop
  endfacet
  facet normal -6.062254e-01 -0.000000e+00 -7.952929e-01
    outer loop
      vertex   6.653257e+00 5.833333e+01 7.465532e+00
      vertex   6.653257e+00 2.916667e+01 7.465532e+00
      vertex   5.435676e+00 5.833333e+01 8.393654e+00
    endloop
  endfacet
  facet normal -6.062254e-01 0.000000e+00 -7.952929e-01
    outer loop
      vertex   6.653257e+00 5.833333e+01 7.465532e+00
      vertex   5.435676e+00 5.833333e+01 8.393654e+00
      vertex   5.435676e+00 8.750000e+01 8.393654e+00
    endloop
  endfacet
  facet normal -4.777198e-01 -0.000000e+00 -8.785123e-01
    outer loop
      vertex   5.435676e+00 8.750000e+01 8.393654e+00
      vertex   5.435676e+00 5.833333e+01 8.393654e+00
      vertex   4.090686e+00 8.750000e+01 9.125036e+00
    endloop
  endfacet
  facet normal -4.777198e-01 0.000000e+00 -8.785123e-01
    outer loop
      vertex   5.435676e+00 8.750000e+01 8.393654e+00
      vertex   4.090686e+00 8.750000e+01 9.125036e+00
      vertex   4.090686e+00 1.166667e+02 9.125036e+00
    endloop
  endfacet
  facet normal -3.380169e-01 -0.000000e+00 -9.411400e-01
    outer loop
      vertex   4.090686e+00 1.166667e+02 9.125036e+00
      vertex   4.090686e+00 8.750000e+01 9.125036e+00
      vertex   2.649815e+00 1.166667e+02 9.642535e+00
    endloop
  endfacet
  facet normal -3.380169e-01 0.000000e+00 -9.411400e-01
    outer loop
      vertex   4.090686e+00 1.166667e+02 9.125036e+00
      vertex   2.649815e+00 1.166667e+02 9.642535e+00
      vertex   2.649815e+00 1.458333e+02 9.642535e+00
    endloop
  endfacet
  facet normal -1.903911e-01 -0.000000e+00 -9.817083e-01
    outer loop
      vertex   2.649815e+00 1.458333e+02 9.642535e+00
      vertex   2.649815e+00 1.166667e+02 9.642535e+00
      vertex   1.146834e+00 1.458333e+02 9.934021e+00
    endloop
  endfacet
  facet normal -6.801725e-01 8.896599e-04 -7.330516e-01
    outer loop
      vertex   7.330519e+00 0.000000e+00 6.801727e+00
      vertex   6.234898e+00 0.000000e+00 7.818315e+00
      vertex   6.653257e+00 2.916667e+01 7.465532e+00
    endloop
  endfacet
  facet normal -6.062252e-01 -9.238504e-04 -7.952925e-01
    outer loop
      vertex   6.653257e+00 2.916667e+01 7.465532e+00
      vertex   6.234898e+00 0.000000e+00 7.818315e+00
      vertex   5.435676e+00 2.916667e+01 8.393654e+00
    endloop
  endfacet
  facet normal -6.062254e-01 0.000000e+00 -7.952929e-01
    outer loop
      vertex   6.653257e+00 2.916667e+01 7.465532e+00
      vertex   5.435676e+00 2.916667e+01 8.393654e+00
      vertex   5.435676e+00 5.833333e+01 8.393654e+00
    endloop
  endfacet
  facet normal -4.777198e-01 -0.000000e+00 -8.785123e-01
    outer loop
      vertex   5.435676e+00 5.833333e+01 8.393654e+00
      vertex   5.435676e+00 2.916667e+01 8.393654e+00
      vertex   4.090686e+00 5.833333e+01 9.125036e+00
    endloop
  endfacet
  facet normal -4.777198e-01 0.000000e+00 -8.785123e-01
    outer loop
      vertex   5.435676e+00 5.833333e+01 8.393654e+00
      vertex   4.090686e+00 5.833333e+01 9.125036e+00
      vertex   4.090686e+00 8.750000e+01 9.125036e+00
    endloop
  endfacet
  facet normal -3.380169e-01 -0.000000e+00 -9.411400e-01
    outer loop
      vertex   4.090686e+00 8.750000e+01 9.125036e+00
      vertex   4.090686e+00 5.833333e+01 9.125036e+00
      vertex   2.649815e+00 8.750000e+01 9.642535e+00
    endloop
  endfacet
  facet normal -3.380169e-01 0.000000e+00 -9.411400e-01
    outer loop
      vertex   4.090686e+00 8.750000e+01 9.125036e+00
      vertex   2.649815e+00 8.750000e+01 9.642535e+00
      vertex   2.649815e+00 1.166667e+02 9.642535e+00
    endloop
  endfacet
  facet normal -1.903911e-01 -0.000000e+00 -9.817083e-01
    outer loop
      vertex   2.649815e+00 1.166667e+02 9.642535e+00
      vertex   2.649815e+00 8.750000e+01 9.642535e+00
      vertex   1.146834e+00 1.166667e+02 9.934021e+00
    endloop
  endfacet
  facet normal -1.903911e-01 0.000000e+00 -9.817083e-01
    outer loop
      vertex   2.649815e+00 1.166667e+02 9.642535e+00
      vertex   1.146834e+00 1.166667e+02 9.934021e+00
      vertex   1.146834e+00 1.458333e+02 9.934021e+00
    endloop
  endfacet
  facet normal -3.830273e-02 -0.000000e+00 -9.992662e-01
    outer loop
      vertex   1.146834e+00 1.458333e+02 9.934021e+00
      vertex   1.146834e+00 1.166667e+02 9.934021e+00
      vertex   -3.830273e-01 1.458333e+02 9.992662e+00
    endloop
  endfacet
  facet normal -5.633198e-01 8.622743e-04 -8.262385e-01
    outer loop
      vertex   6.234898e+00 0.000000e+00 7.818315e+00
      vertex   5.000000e+00 0.000000e+00 8.660254e+00
      vertex   5.435676e+00 2.916667e+01 8.393654e+00
    endloop
  endfacet
  facet normal -4.777196e-01 -8.941830e-04 -8.785119e-01
    outer loop
      vertex   5.435676e+00 2.916667e+01 8.393654e+00
      vertex   5.000000e+00 0.000000e+00 8.660254e+00
      vertex   4.090686e+00 2.916667e+01 9.125036e+00
    endloop
  endfacet
  facet normal -4.777198e-01 0.000000e+00 -8.785123e-01
    outer loop
      vertex   5.435676e+00 2.916667e+01 8.393654e+00
      vertex   4.090686e+00 2.916667e+01 9.125036e+00
      vertex   4.090686e+00 5.833333e+01 9.125036e+00
    endloop
  endfacet
  facet normal -3.380169e-01 -0.000000e+00 -9.411400e-01
    outer loop
      vertex   4.090686e+00 5.833333e+01 9.125036e+00
      vertex   4.090686e+00 2.916667e+01 9.125036e+00
      vertex   2.649815e+00 5.833333e+01 9.642535e+00
    endloop
  endfacet
  facet normal -3.380169e-01 0.000000e+00 -9.411400e-01
    outer loop
      vertex   4.090686e+00 5.833333e+01 9.125036e+00
      vertex   2.649815e+00 5.833333e+01 9.642535e+00
      vertex   2.649815e+00 8.750000e+01 9.642535e+00
    endloop
  endfacet
  facet normal -1.903911e-01 -0.000000e+00 -9.817083e-01
    outer loop
      vertex   2.649815e+00 8.750000e+01 9.642535e+00
      vertex   2.649815e+00 5.833333e+01 9.642535e+00
      vertex   1.146834e+00 8.750000e+01 9.934021e+00
    endloop
  endfacet
  facet normal -1.903911e-01 0.000000e+00 -9.817083e-01
    outer loop
      vertex   2.649815e+00 8.750000e+01 9.642535e+00
      vertex   1.146834e+00 8.750000e+01 9.934021e+00
      vertex   1.146834e+00 1.166667e+02 9.934021e+00
    endloop
  endfacet
  facet normal -3.830273e-02 -0.000000e+00 -9.992662e-01
    outer loop
      vertex   1.146834e+00 1.166667e+02 9.934021e+00
      vertex   1.146834e+00 8.750000e+01 9.934021e+00
      vertex   -3.830273e-01 1.166667e+02 9.992662e+00
    endloop
  endfacet
  facet normal -3.830273e-02 0.000000e+00 -9.992662e-01
    outer loop
      vertex   1.146834e+00 1.166667e+02 9.934021e+00
      vertex   -3.830273e-01 1.166667e+02 9.992662e+00
      vertex   -3.830273e-01 1.458333e+02 9.992662e+00
    endloop
  endfacet
  facet normal 1.146834e-01 0.000000e+00 -9.934021e-01
    outer loop
      vertex   -3.830273e-01 1.458333e+02 9.992662e+00
      vertex   -3.830273e-01 1.166667e+02 9.992662e+00
      vertex   -1.903911e+00 1.458333e+02 9.817083e+00
    endloop
  endfacet
  facet normal -4.338836e-01 8.303253e-04 -9.009686e-01
    outer loop
      vertex   5.000000e+00 0.000000e+00 8.660254e+00
      vertex   3.653410e+00 0.000000e+00 9.308737e+00
      vertex   4.090686e+00 2.916667e+01 9.125036e+00
    endloop
  endfacet
  facet normal -3.380168e-01 -8.599526e-04 -9.411397e-01
    outer loop
      vertex   4.090686e+00 2.916667e+01 9.125036e+00
      vertex   3.653410e+00 0.000000e+00 9.308737e+00
      vertex   2.649815e+00 2.916667e+01 9.642535e+00
    endloop
  endfacet
  facet normal -3.380169e-01 0.000000e+00 -9.411400e-01
    outer loop
      vertex   4.090686e+00 2.916667e+01 9.125036e+00
      vertex   2.649815e+00 2.916667e+01 9.642535e+00
      vertex   2.649815e+00 5.833333e+01 9.642535e+00
    endloop
  endfacet
  facet normal -1.903911e-01 -0.000000e+00 -9.817083e-01
    outer loop
      vertex   2.649815e+00 5.833333e+01 9.642535e+00
      vertex   2.649815e+00 2.916667e+01 9.642535e+00
      vertex   1.146834e+00 5.833333e+01 9.934021e+00
    endloop
  endfacet
  facet normal -1.903911e-01 0.000000e+00 -9.817083e-01
    outer loop
      vertex   2.649815e+00 5.833333e+01 9.642535e+00
      vertex   1.146834e+00 5.833333e+01 9.934021e+00
      vertex   1.146834e+00 8.750000e+01 9.934021e+00
    endloop
  endfacet
  facet normal -3.830273e-02 -0.000000e+00 -9.992662e-01
    outer loop
      vertex   1.146834e+00 8.750000e+01 9.934021e+00
      vertex   1.146834e+00 5.833333e+01 9.934021e+00
      vertex   -3.830273e-01 8.750000e+01 9.992662e+00
    endloop
  endfacet
  facet normal -3.830273e-02 0.000000e+00 -9.992662e-01
    outer loop
      vertex   1.146834e+00 8.750000e+01 9.934021e+00
      vertex   -3.830273e-01 8.750000e+01 9.992662e+00
      vertex   -3.830273e-01 1.166667e+02 9.992662e+00
    endloop
  endfacet
  facet normal 1.146834e-01 0.000000e+00 -9.934021e-01
    outer loop
      vertex   -3.830273e-01 1.166667e+02 9.992662e+00
      vertex   -3.830273e-01 8.750000e+01 9.992662e+00
      vertex   -1.903911e+00 1.166667e+02 9.817083e+00
    endloop
  endfacet
  facet normal 1.146834e-01 0.000000e+00 -9.934021e-01
    outer loop
      vertex   -3.830273e-01 1.166667e+02 9.992662e+00
      vertex   -1.903911e+00 1.166667e+02 9.817083e+00
      vertex   -1.903911e+00 1.458333e+02 9.817083e+00
    endloop
  endfacet
  facet normal 2.649815e-01 0.000000e+00 -9.642535e-01
    outer loop
      vertex   -1.903911e+00 1.458333e+02 9.817083e+00
      vertex   -1.903911e+00 1.166667e+02 9.817083e+00
      vertex   -3.380169e+00 1.458333e+02 9.411400e+00
    endloop
  endfacet
  facet normal -2.947551e-01 7.938134e-04 -9.555725e-01
    outer loop
      vertex   3.653410e+00 0.000000e+00 9.308737e+00
      vertex   2.225209e+00 0.000000e+00 9.749279e+00
      vertex   2.649815e+00 2.916667e+01 9.642535e+00
    endloop
  endfacet
  facet normal -1.903910e-01 -8.211594e-04 -9.817080e-01
    outer loop
      vertex   2.649815e+00 2.916667e+01 9.642535e+00
      vertex   2.225209e+00 0.000000e+00 9.749279e+00
      vertex   1.146834e+00 2.916667e+01 9.934021e+00
    endloop
  endfacet
  facet normal -1.903911e-01 0.000000e+00 -9.817083e-01
    outer loop
      vertex   2.649815e+00 2.916667e+01 9.642535e+00
      vertex   1.146834e+00 2.916667e+01 9.934021e+00
      vertex   1.146834e+00 5.833333e+01 9.934021e+00
    endloop
  endfacet
  facet normal -3.830273e-02 -0.000000e+00 -9.992662e-01
    outer loop
      vertex   1.146834e+00 5.833333e+01 9.934021e+00
      vertex   1.146834e+00 2.916667e+01 9.934021e+00
      vertex   -3.830273e-01 5.833333e+01 9.992662e+00
    endloop
  endfacet
  facet normal -3.830273e-02 0.000000e+00 -9.992662e-01
    outer loop
      vertex   1.146834e+00 5.833333e+01 9.934021e+00
      vertex   -3.830273e-01 5.833333e+01 9.992662e+00
      vertex   -3.830273e-01 8.750000e+01 9.992662e+00
    endloop
  endfacet
  facet normal 1.146834e-01 0.000000e+00 -9.934021e-01
    outer loop
      vertex   -3.830273e-01 8.750000e+01 9.992662e+00
      vertex   -3.830273e-01 5.833333e+01 9.992662e+00
      vertex   -1.903911e+00 8.750000e+01 9.817083e+00
    endloop
  endfacet
  facet normal 1.146834e-01 0.000000e+00 -9.934021e-01
    outer loop
      vertex   -3.830273e-01 8.750000e+01 9.992662e+00
      vertex   -1.903911e+00 8.750000e+01 9.817083e+00
      vertex   -1.903911e+00 1.166667e+02 9.817083e+00
    endloop
  endfacet
  facet normal 2.649815e-01 0.000000e+00 -9.642535e-01
    outer loop
      vertex   -1.903911e+00 1.166667e+02 9.817083e+00
      vertex   -1.903911e+00 8.750000e+01 9.817083e+00
      vertex   -3.380169e+00 1.166667e+02 9.411400e+00
    endloop
  endfacet
  facet normal 2.649815e-01 0.000000e+00 -9.642535e-01
    outer loop
      vertex   -1.903911e+00 1.166667e+02 9.817083e+00
      vertex   -3.380169e+00 1.166667e+02 9.411400e+00
      vertex   -3.380169e+00 1.458333e+02 9.411400e+00
    endloop
  endfacet
  facet normal 4.090686e-01 0.000000e+00 -9.125036e-01
    outer loop
      vertex   -3.380169e+00 1.458333e+02 9.411400e+00
      vertex   -3.380169e+00 1.166667e+02 9.411400e+00
      vertex   -4.777198e+00 1.458333e+02 8.785123e+00
    endloop
  endfacet
  facet normal -1.490422e-01 7.527391e-04 -9.888305e-01
    outer loop
      vertex   2.225209e+00 0.000000e+00 9.749279e+00
      vertex   7.473009e-01 0.000000e+00 9.972038e+00
      vertex   1.146834e+00 2.916667e+01 9.934021e+00
    endloop
  endfacet
  facet normal -3.830272e-02 -7.778040e-04 -9.992659e-01
    outer loop
      vertex   1.146834e+00 2.916667e+01 9.934021e+00
      vertex   7.473009e-01 0.000000e+00 9.972038e+00
      vertex   -3.830273e-01 2.916667e+01 9.992662e+00
    endloop
  endfacet
  facet normal -3.830273e-02 0.000000e+00 -9.992662e-01
    outer loop
      vertex   1.146834e+00 2.916667e+01 9.934021e+00
      vertex   -3.830273e-01 2.916667e+01 9.992662e+00
      vertex   -3.830273e-01 5.833333e+01 9.992662e+00
    endloop
  endfacet
  facet normal 1.146834e-01 0.000000e+00 -9.934021e-01
    outer loop
      vertex   -3.830273e-01 5.833333e+01 9.992662e+00
      vertex   -3.830273e-01 2.916667e+01 9.992662e+00
      vertex   -1.903911e+00 5.833333e+01 9.817083e+00
    endloop
  endfacet
  facet normal 1.146834e-01 0.000000e+00 -9.934021e-01
    outer loop
      vertex   -3.830273e-01 5.833333e+01 9.992662e+00
      vertex   -1.903911e+00 5.833333e+01 9.817083e+00
      vertex   -1.903911e+00 8.750000e+01 9.817083e+00
    endloop
  endfacet
  facet normal 2.649815e-01 0.000000e+00 -9.642535e-01
    outer loop
      vertex   -1.903911e+00 8.750000e+01 9.817083e+00
      vertex   -1.903911e+00 5.833333e+01 9.817083e+00
      vertex   -3.380169e+00 8.750000e+01 9.411400e+00
    endloop
  endfacet
  facet normal 2.649815e-01 0.000000e+00 -9.642535e-01
    outer loop
      vertex   -1.903911e+00 8.750000e+01 9.817083e+00
      vertex   -3.380169e+00 8.750000e+01 9.411400e+00
      vertex   -3.380169e+00 1.166667e+02 9.411400e+00
    endloop
  endfacet
  facet normal 4.090686e-01 0.000000e+00 -9.125036e-01
    outer loop
      vertex   -3.380169e+00 1.166667e+02 9.411400e+00
      vertex   -3.380169e+00 8.750000e+01 9.411400e+00
      vertex   -4.777198e+00 1.166667e+02 8.785123e+00
    endloop
  endfacet
  facet normal 4.090686e-01 0.000000e+00 -9.125036e-01
    outer loop
      vertex   -3.380169e+00 1.166667e+02 9.411400e+00
      vertex   -4.777198e+00 1.166667e+02 8.785123e+00
      vertex   -4.777198e+00 1.458333e+02 8.785123e+00
    endloop
  endfacet
  facet normal 5.435676e-01 0.000000e+00 -8.393654e-01
    outer loop
      vertex   -4.777198e+00 1.458333e+02 8.785123e+00
      vertex   -4.777198e+00 1.166667e+02 8.785123e+00
      vertex   -6.062254e+00 1.458333e+02 7.952929e+00
    endloop
  endfacet
  facet normal -6.251588e-13 7.071029e-04 -9.999998e-01
    outer loop
      vertex   7.473009e-01 0.000000e+00 9.972038e+00
      vertex   -7.473009e-01 0.000000e+00 9.972038e+00
      vertex   -3.830273e-01 2.916667e+01 9.992662e+00
    endloop
  endfacet
  facet normal 1.146834e-01 -7.298871e-04 -9.934018e-01
    outer loop
      vertex   -3.830273e-01 2.916667e+01 9.992662e+00
      vertex   -7.473009e-01 0.000000e+00 9.972038e+00
      vertex   -1.903911e+00 2.916667e+01 9.817083e+00
    endloop
  endfacet
  facet normal 1.146834e-01 0.000000e+00 -9.934021e-01
    outer loop
      vertex   -3.830273e-01 2.916667e+01 9.992662e+00
      vertex   -1.903911e+00 2.916667e+01 9.817083e+00
      vertex   -1.903911e+00 5.833333e+01 9.817083e+00
    endloop
  endfacet
  facet normal 2.649815e-01 0.000000e+00 -9.642535e-01
    outer loop
      vertex   -1.903911e+00 5.833333e+01 9.817083e+00
      vertex   -1.903911e+00 2.916667e+01 9.817083e+00
      vertex   -3.380169e+00 5.833333e+01 9.411400e+00
    endloop
  endfacet
  facet normal 2.649815e-01 0.000000e+00 -9.642535e-01
    outer loop
      vertex   -1.903911e+00 5.833333e+01 9.817083e+00
      vertex   -3.380169e+00 5.833333e+01 9.411400e+00
      vertex   -3.380169e+00 8.750000e+01 9.411400e+00
    endloop
  endfacet
  facet normal 4.090686e-01 0.000000e+00 -9.125036e-01
    outer loop
      vertex   -3.380169e+00 8.750000e+01 9.411400e+00
      vertex   -3.380169e+00 5.833333e+01 9.411400e+00
      vertex   -4.777198e+00 8.750000e+01 8.785123e+00
    endloop
  endfacet
  facet normal 4.090686e-01 0.000000e+00 -9.125036e-01
    outer loop
      vertex   -3.380169e+00 8.750000e+01 9.411400e+00
      vertex   -4.777198e+00 8.750000e+01 8.785123e+00
      vertex   -4.777198e+00 1.166667e+02 8.785123e+00
    endloop
  endfacet
  facet normal 5.435676e-01 0.000000e+00 -8.393654e-01
    outer loop
      vertex   -4.777198e+00 1.166667e+02 8.785123e+00
      vertex   -4.777198e+00 8.750000e+01 8.785123e+00
      vertex   -6.062254e+00 1.166667e+02 7.952929e+00
    endloop
  endfacet
  facet normal 5.435676e-01 0.000000e+00 -8.393654e-01
    outer loop
      vertex   -4.777198e+00 1.166667e+02 8.785123e+00
      vertex   -6.062254e+00 1.166667e+02 7.952929e+00
      vertex   -6.062254e+00 1.458333e+02 7.952929e+00
    endloop
  endfacet
  facet normal 6.653257e-01 0.000000e+00 -7.465532e-01
    outer loop
      vertex   -6.062254e+00 1.458333e+02 7.952929e+00
      vertex   -6.062254e+00 1.166667e+02 7.952929e+00
      vertex   -7.205216e+00 1.458333e+02 6.934325e+00
    endloop
  endfacet
  facet normal 1.490422e-01 6.569054e-04 -9.888306e-01
    outer loop
      vertex   -7.473009e-01 0.000000e+00 9.972038e+00
      vertex   -2.225209e+00 0.000000e+00 9.749279e+00
      vertex   -1.903911e+00 2.916667e+01 9.817083e+00
    endloop
  endfacet
  facet normal 2.649814e-01 -6.774092e-04 -9.642533e-01
    outer loop
      vertex   -1.903911e+00 2.916667e+01 9.817083e+00
      vertex   -2.225209e+00 0.000000e+00 9.749279e+00
      vertex   -3.380169e+00 2.916667e+01 9.411400e+00
    endloop
  endfacet
  facet normal 2.649815e-01 0.000000e+00 -9.642535e-01
    outer loop
      vertex   -1.903911e+00 2.916667e+01 9.817083e+00
      vertex   -3.380169e+00 2.916667e+01 9.411400e+00
      vertex   -3.380169e+00 5.833333e+01 9.411400e+00
    endloop
  endfacet
  facet normal 4.090686e-01 0.000000e+00 -9.125036e-01
    outer loop
      vertex   -3.380169e+00 5.833333e+01 9.411400e+00
      vertex   -3.380169e+00 2.916667e+01 9.411400e+00
      vertex   -4.777198e+00 5.833333e+01 8.785123e+00
    endloop
  endfacet
  facet normal 4.090686e-01 0.000000e+00 -9.125036e-01
    outer loop
      vertex   -3.380169e+00 5.833333e+01 9.411400e+00
      vertex   -4.777198e+00 5.833333e+01 8.785123e+00
      vertex   -4.777198e+00 8.750000e+01 8.785123e+00
    endloop
  endfacet
  facet normal 5.435676e-01 0.000000e+00 -8.393654e-01
    outer loop
      vertex   -4.777198e+00 8.750000e+01 8.785123e+00
      vertex   -4.777198e+00 5.833333e+01 8.785123e+00
      vertex   -6.062254e+00 8.750000e+01 7.952929e+00
    endloop
  endfacet
  facet normal 5.435676e-01 0.000000e+00 -8.393654e-01
    outer loop
      vertex   -4.777198e+00 8.750000e+01 8.785123e+00
      vertex   -6.062254e+00 8.750000e+01 7.952929e+00
      vertex   -6.062254e+00 1.166667e+02 7.952929e+00
    endloop
  endfacet
  facet normal 6.653257e-01 0.000000e+00 -7.465532e-01
    outer loop
      vertex   -6.062254e+00 1.166667e+02 7.952929e+00
      vertex   -6.062254e+00 8.750000e+01 7.952929e+00
      vertex   -7.205216e+00 1.166667e+02 6.934325e+00
    endloop
  endfacet
  facet normal 6.653257e-01 0.000000e+00 -7.465532e-01
    outer loop
      vertex   -6.062254e+00 1.166667e+02 7.952929e+00
      vertex   -7.205216e+00 1.166667e+02 6.934325e+00
      vertex   -7.205216e+00 1.458333e+02 6.934325e+00
    endloop
  endfacet
  facet normal 7.714892e-01 0.000000e+00 -6.362424e-01
    outer loop
      vertex   -7.205216e+00 1.458333e+02 6.934325e+00
      vertex   -7.205216e+00 1.166667e+02 6.934325e+00
      vertex   -8.179294e+00 1.458333e+02 5.753187e+00
    endloop
  endfacet
  facet normal 2.947551e-01 6.021472e-04 -9.555726e-01
    outer loop
      vertex   -2.225209e+00 0.000000e+00 9.749279e+00
      vertex   -3.653410e+00 0.000000e+00 9.308737e+00
      vertex   -3.380169e+00 2.916667e+01 9.411400e+00
    endloop
  endfacet
  facet normal 4.090686e-01 -6.203710e-04 -9.125034e-01
    outer loop
      vertex   -3.380169e+00 2.916667e+01 9.411400e+00
      vertex   -3.653410e+00 0.000000e+00 9.308737e+00
      vertex   -4.777198e+00 2.916667e+01 8.785123e+00
    endloop
  endfacet
  facet normal 4.090686e-01 0.000000e+00 -9.125036e-01
    outer loop
      vertex   -3.380169e+00 2.916667e+01 9.411400e+00
      vertex   -4.777198e+00 2.916667e+01 8.785123e+00
      vertex   -4.777198e+00 5.833333e+01 8.785123e+00
    endloop
  endfacet
  facet normal 5.435676e-01 0.000000e+00 -8.393654e-01
    outer loop
      vertex   -4.777198e+00 5.833333e+01 8.785123e+00
      vertex   -4.777198e+00 2.916667e+01 8.785123e+00
      vertex   -6.062254e+00 5.833333e+01 7.952929e+00
    endloop
  endfacet
  facet normal 5.435676e-01 0.000000e+00 -8.393654e-01
    outer loop
      vertex   -4.777198e+00 5.833333e+01 8.785123e+00
      vertex   -6.062254e+00 5.833333e+01 7.952929e+00
      vertex   -6.062254e+00 8.750000e+01 7.952929e+00
    endloop
  endfacet
  facet normal 6.653257e-01 0.000000e+00 -7.465532e-01
    outer loop
      vertex   -6.062254e+00 8.750000e+01 7.952929e+00
      vertex   -6.062254e+00 5.833333e+01 7.952929e+00
      vertex   -7.205216e+00 8.750000e+01 6.934325e+00
    endloop
  endfacet
  facet normal 6.653257e-01 0.000000e+00 -7.465532e-01
    outer loop
      vertex   -6.062254e+00 8.750000e+01 7.952929e+00
      vertex   -7.205216e+00 8.750000e+01 6.934325e+00
      vertex   -7.205216e+00 1.166667e+02 6.934325e+00
    endloop
  endfacet
  facet normal 7.714892e-01 0.000000e+00 -6.362424e-01
    outer loop
      vertex   -7.205216e+00 1.166667e+02 6.934325e+00
      vertex   -7.205216e+00 8.750000e+01 6.934325e+00
      vertex   -8.179294e+00 1.166667e+02 5.753187e+00
    endloop
  endfacet
  facet normal 7.714892e-01 0.000000e+00 -6.362424e-01
    outer loop
      vertex   -7.205216e+00 1.166667e+02 6.934325e+00
      vertex   -8.179294e+00 1.166667e+02 5.753187e+00
      vertex   -8.179294e+00 1.458333e+02 5.753187e+00
    endloop
  endfacet
  facet normal 8.595696e-01 0.000000e+00 -5.110187e-01
    outer loop
      vertex   -8.179294e+00 1.458333e+02 5.753187e+00
      vertex   -8.179294e+00 1.166667e+02 5.753187e+00
      vertex   -8.961656e+00 1.458333e+02 4.437198e+00
    endloop
  endfacet
  facet normal 4.338837e-01 5.428292e-04 -9.009687e-01
    outer loop
      vertex   -3.653410e+00 0.000000e+00 9.308737e+00
      vertex   -5.000000e+00 0.000000e+00 8.660254e+00
      vertex   -4.777198e+00 2.916667e+01 8.785123e+00
    endloop
  endfacet
  facet normal 5.435675e-01 -5.587734e-04 -8.393653e-01
    outer loop
      vertex   -4.777198e+00 2.916667e+01 8.785123e+00
      vertex   -5.000000e+00 0.000000e+00 8.660254e+00
      vertex   -6.062254e+00 2.916667e+01 7.952929e+00
    endloop
  endfacet
  facet normal 5.435676e-01 0.000000e+00 -8.393654e-01
    outer loop
      vertex   -4.777198e+00 2.916667e+01 8.785123e+00
      vertex   -6.062254e+00 2.916667e+01 7.952929e+00
      vertex   -6.062254e+00 5.833333e+01 7.952929e+00
    endloop
  endfacet
  facet normal 6.653257e-01 0.000000e+00 -7.465532e-01
    outer loop
      vertex   -6.062254e+00 5.833333e+01 7.952929e+00
      vertex   -6.062254e+00 2.916667e+01 7.952929e+00
      vertex   -7.205216e+00 5.833333e+01 6.934325e+00
    endloop
  endfacet
  facet normal 6.653257e-01 0.000000e+00 -7.465532e-01
    outer loop
      vertex   -6.062254e+00 5.833333e+01 7.952929e+00
      vertex   -7.205216e+00 5.833333e+01 6.934325e+00
      vertex   -7.205216e+00 8.750000e+01 6.934325e+00
    endloop
  endfacet
  facet normal 7.714892e-01 0.000000e+00 -6.362424e-01
    outer loop
      vertex   -7.205216e+00 8.750000e+01 6.934325e+00
      vertex   -7.205216e+00 5.833333e+01 6.934325e+00
      vertex   -8.179294e+00 8.750000e+01 5.753187e+00
    endloop
  endfacet
  facet normal 7.714892e-01 0.000000e+00 -6.362424e-01
    outer loop
      vertex   -7.205216e+00 8.750000e+01 6.934325e+00
      vertex   -8.179294e+00 8.750000e+01 5.753187e+00
      vertex   -8.179294e+00 1.166667e+02 5.753187e+00
    endloop
  endfacet
  facet normal 8.595696e-01 0.000000e+00 -5.110187e-01
    outer loop
      vertex   -8.179294e+00 1.166667e+02 5.753187e+00
      vertex   -8.179294e+00 8.750000e+01 5.753187e+00
      vertex   -8.961656e+00 1.166667e+02 4.437198e+00
    endloop
  endfacet
  facet normal 8.595696e-01 0.000000e+00 -5.110187e-01
    outer loop
      vertex   -8.179294e+00 1.166667e+02 5.753187e+00
      vertex   -8.961656e+00 1.166667e+02 4.437198e+00
      vertex   -8.961656e+00 1.458333e+02 4.437198e+00
    endloop
  endfacet
  facet normal 5.633200e-01 4.789521e-04 -8.262387e-01
    outer loop
      vertex   -5.000000e+00 0.000000e+00 8.660254e+00
      vertex   -6.234898e+00 0.000000e+00 7.818315e+00
      vertex   -6.062254e+00 2.916667e+01 7.952929e+00
    endloop
  endfacet
  facet normal 6.653256e-01 -4.926170e-04 -7.465531e-01
    outer loop
      vertex   -6.062254e+00 2.916667e+01 7.952929e+00
      vertex   -6.234898e+00 0.000000e+00 7.818315e+00
      vertex   -7.205216e+00 2.916667e+01 6.934325e+00
    endloop
  endfacet
  facet normal 6.653257e-01 0.000000e+00 -7.465532e-01
    outer loop
      vertex   -6.062254e+00 2.916667e+01 7.952929e+00
      vertex   -7.205216e+00 2.916667e+01 6.934325e+00
      vertex   -7.205216e+00 5.833333e+01 6.934325e+00
    endloop
  endfacet
  facet normal 7.714892e-01 0.000000e+00 -6.362424e-01
    outer loop
      vertex   -7.205216e+00 5.833333e+01 6.934325e+00
      vertex   -7.205216e+00 2.916667e+01 6.934325e+00
      vertex   -8.179294e+00 5.833333e+01 5.753187e+00
    endloop
  endfacet
  facet normal 7.714892e-01 0.000000e+00 -6.362424e-01
    outer loop
      vertex   -7.205216e+00 5.833333e+01 6.934325e+00
      vertex   -8.179294e+00 5.833333e+01 5.753187e+00
      vertex   -8.179294e+00 8.750000e+01 5.753187e+00
    endloop
  endfacet
  facet normal 8.595696e-01 0.000000e+00 -5.110187e-01
    outer loop
      vertex   -8.179294e+00 8.750000e+01 5.753187e+00
      vertex   -8.179294e+00 5.833333e+01 5.753187e+00
      vertex   -8.961656e+00 8.750000e+01 4.437198e+00
    endloop
  endfacet
  facet normal 8.595696e-01 0.000000e+00 -5.110187e-01
    outer loop
      vertex   -8.179294e+00 8.750000e+01 5.753187e+00
      vertex   -8.961656e+00 8.750000e+01 4.437198e+00
      vertex   -8.961656e+00 1.166667e+02 4.437198e+00
    endloop
  endfacet
  facet normal 6.801727e-01 4.105167e-04 -7.330518e-01
    outer loop
      vertex   -6.234898e+00 0.000000e+00 7.818315e+00
      vertex   -7.330519e+00 0.000000e+00 6.801727e+00
      vertex   -7.205216e+00 2.916667e+01 6.934325e+00
    endloop
  endfacet
  facet normal 7.714891e-01 -4.219028e-04 -6.362424e-01
    outer loop
      vertex   -7.205216e+00 2.916667e+01 6.934325e+00
      vertex   -7.330519e+00 0.000000e+00 6.801727e+00
      vertex   -8.179294e+00 2.916667e+01 5.753187e+00
    endloop
  endfacet
  facet normal 7.714892e-01 0.000000e+00 -6.362424e-01
    outer loop
      vertex   -7.205216e+00 2.916667e+01 6.934325e+00
      vertex   -8.179294e+00 2.916667e+01 5.753187e+00
      vertex   -8.179294e+00 5.833333e+01 5.753187e+00
    endloop
  endfacet
  facet normal 8.595696e-01 0.000000e+00 -5.110187e-01
    outer loop
      vertex   -8.179294e+00 5.833333e+01 5.753187e+00
      vertex   -8.179294e+00 2.916667e+01 5.753187e+00
      vertex   -8.961656e+00 5.833333e+01 4.437198e+00
    endloop
  endfacet
  facet normal 8.595696e-01 0.000000e+00 -5.110187e-01
    outer loop
      vertex   -8.179294e+00 5.833333e+01 5.753187e+00
      vertex   -8.961656e+00 5.833333e+01 4.437198e+00
      vertex   -8.961656e+00 8.750000e+01 4.437198e+00
    endloop
  endfacet
  facet normal 7.818314e-01 3.375240e-04 -6.234898e-01
    outer loop
      vertex   -7.330519e+00 0.000000e+00 6.801727e+00
      vertex   -8.262388e+00 0.000000e+00 5.633201e+00
      vertex   -8.179294e+00 2.916667e+01 5.753187e+00
    endloop
  endfacet
  facet normal 8.595696e-01 -3.466318e-04 -5.110186e-01
    outer loop
      vertex   -8.179294e+00 2.916667e+01 5.753187e+00
      vertex   -8.262388e+00 0.000000e+00 5.633201e+00
      vertex   -8.961656e+00 2.916667e+01 4.437198e+00
    endloop
  endfacet
  facet normal 8.595696e-01 0.000000e+00 -5.110187e-01
    outer loop
      vertex   -8.179294e+00 2.916667e+01 5.753187e+00
      vertex   -8.961656e+00 2.916667e+01 4.437198e+00
      vertex   -8.961656e+00 5.833333e+01 4.437198e+00
    endloop
  endfacet
  facet normal 8.660254e-01 2.599749e-04 -5.000000e-01
    outer loop
      vertex   -8.262388e+00 0.000000e+00 5.633201e+00
      vertex   -9.009689e+00 0.000000e+00 4.338837e+00
      vertex   -8.961656e+00 2.916667e+01 4.437198e+00
    endloop
  endfacet
  facet normal 9.736954e-01 -1.824232e-04 -2.278535e-01
    outer loop
      vertex   -9.533964e+00 2.916667e+01 3.017206e+00
      vertex   -9.555728e+00 0.000000e+00 2.947552e+00
      vertex   -9.882804e+00 2.916667e+01 1.526493e+00
    endloop
  endfacet
  facet normal 9.749279e-01 9.121177e-05 -2.225209e-01
    outer loop
      vertex   -9.882804e+00 2.916667e+01 1.526493e+00
      vertex   -9.555728e+00 0.000000e+00 2.947552e+00
      vertex   -9.888308e+00 0.000000e+00 1.490423e+00
    endloop
  endfacet
  facet normal 9.970658e-01 -9.348786e-05 -7.654925e-02
    outer loop
      vertex   -9.882804e+00 2.916667e+01 1.526493e+00
      vertex   -9.888308e+00 0.000000e+00 1.490423e+00
      vertex   -1.000000e+01 2.916667e+01 1.224647e-15
    endloop
  endfacet
  facet normal 9.972038e-01 -1.223682e-14 -7.473009e-02
    outer loop
      vertex   -1.000000e+01 2.916667e+01 1.224647e-15
      vertex   -9.888308e+00 0.000000e+00 1.490423e+00
      vertex   -1.000000e+01 0.000000e+00 4.777175e-12
    endloop
  endfacet
  facet normal 9.972038e-01 1.223682e-14 7.473009e-02
    outer loop
      vertex   -1.000000e+01 2.916667e+01 1.224647e-15
      vertex   -1.000000e+01 0.000000e+00 4.777175e-12
      vertex   -9.888308e+00 0.000000e+00 -1.490423e+00
    endloop
  endfacet
  facet normal 9.970658e-01 -9.348786e-05 7.654925e-02
    outer loop
      vertex   -1.000000e+01 2.916667e+01 1.224647e-15
      vertex   -9.888308e+00 0.000000e+00 -1.490423e+00
      vertex   -9.882804e+00 2.916667e+01 -1.526493e+00
    endloop
  endfacet
  facet normal 9.749279e-01 9.121177e-05 2.225209e-01
    outer loop
      vertex   -9.882804e+00 2.916667e+01 -1.526493e+00
      vertex   -9.888308e+00 0.000000e+00 -1.490423e+00
      vertex   -9.555728e+00 0.000000e+00 -2.947552e+00
    endloop
  endfacet
  facet normal 9.736954e-01 -1.824232e-04 2.278535e-01
    outer loop
      vertex   -9.882804e+00 2.916667e+01 -1.526493e+00
      vertex   -9.555728e+00 0.000000e+00 -2.947552e+00
      vertex   -9.533964e+00 2.916667e+01 -3.017206e+00
    endloop
  endfacet
  facet normal 9.308737e-01 1.778704e-04 3.653410e-01
    outer loop
      vertex   -9.533964e+00 2.916667e+01 -3.017206e+00
      vertex   -9.555728e+00 0.000000e+00 -2.947552e+00
      vertex   -9.009689e+00 0.000000e+00 -4.338837e+00
    endloop
  endfacet
  facet normal 9.275024e-01 -2.668049e-04 3.738171e-01
    outer loop
      vertex   -9.533964e+00 2.916667e+01 -3.017206e+00
      vertex   -9.009689e+00 0.000000e+00 -4.338837e+00
      vertex   -8.961656e+00 2.916667e+01 -4.437198e+00
    endloop
  endfacet
  facet normal 8.660254e-01 2.599749e-04 5.000000e-01
    outer loop
      vertex   -8.961656e+00 2.916667e+01 -4.437198e+00
      vertex   -9.009689e+00 0.000000e+00 -4.338837e+00
      vertex   -8.262388e+00 0.000000e+00 -5.633201e+00
    endloop
  endfacet
  facet normal 8.595696e-01 -3.466318e-04 5.110186e-01
    outer loop
      vertex   -8.961656e+00 2.916667e+01 -4.437198e+00
      vertex   -8.262388e+00 0.000000e+00 -5.633201e+00
      vertex   -8.179294e+00 2.916667e+01 -5.753187e+00
    endloop
  endfacet
  facet normal 7.818314e-01 3.375240e-04 6.234898e-01
    outer loop
      vertex   -8.179294e+00 2.916667e+01 -5.753187e+00
      vertex   -8.262388e+00 0.000000e+00 -5.633201e+00
      vertex   -7.330519e+00 0.000000e+00 -6.801727e+00
    endloop
  endfacet
  facet normal 7.714891e-01 -4.219028e-04 6.362424e-01
    outer loop
      vertex   -8.179294e+00 2.916667e+01 -5.753187e+00
      vertex   -7.330519e+00 0.000000e+00 -6.801727e+00
      vertex   -7.205216e+00 2.916667e+01 -6.934325e+00
    endloop
  endfacet
  facet normal 6.801727e-01 4.105167e-04 7.330518e-01
    outer loop
      vertex   -7.205216e+00 2.916667e+01 -6.934325e+00
      vertex   -7.330519e+00 0.000000e+00 -6.801727e+00
      vertex   -6.234898e+00 0.000000e+00 -7.818315e+00
    endloop
  endfacet
  facet normal 6.653256e-01 -4.926170e-04 7.465531e-01
    outer loop
      vertex   -7.205216e+00 2.916667e+01 -6.934325e+00
      vertex   -6.234898e+00 0.000000e+00 -7.818315e+00
      vertex   -6.062254e+00 2.916667e+01 -7.952929e+00
    endloop
  endfacet
  facet normal 5.633200e-01 4.789521e-04 8.262387e-01
    outer loop
      vertex   -6.062254e+00 2.916667e+01 -7.952929e+00
      vertex   -6.234898e+00 0.000000e+00 -7.818315e+00
      vertex   -5.000000e+00 0.000000e+00 -8.660254e+00
    endloop
  endfacet
  facet normal 5.542422e-01 -0.000000e+00 8.323554e-01
    outer loop
      vertex   -6.062254e+00 2.916667e+01 -7.952929e+00
      vertex   -5.000000e+00 0.000000e+00 -8.660254e+00
      vertex   -6.062254e+00 5.833333e+01 -7.952929e+00
    endloop
  endfacet
  facet normal 5.542422e-01 -0.000000e+00 8.323554e-01
    outer loop
      vertex   -6.062254e+00 5.833333e+01 -7.952929e+00
      vertex   -5.000000e+00 0.000000e+00 -8.660254e+00
      vertex   -6.062254e+00 8.750000e+01 -7.952929e+00
    endloop
  endfacet
  facet normal 6.653257e-01 -0.000000e+00 7.465532e-01
    outer loop
      vertex   -6.062254e+00 5.833333e+01 -7.952929e+00
      vertex   -6.062254e+00 8.750000e+01 -7.952929e+00
      vertex   -7.205216e+00 5.833333e+01 -6.934325e+00
    endloop
  endfacet
  facet normal 6.653257e-01 -0.000000e+00 7.465532e-01
    outer loop
      vertex   -7.205216e+00 5.833333e+01 -6.934325e+00
      vertex   -6.062254e+00 8.750000e+01 -7.952929e+00
      vertex   -7.205216e+00 8.750000e+01 -6.934325e+00
    endloop
  endfacet
  facet normal 7.714892e-01 -0.000000e+00 6.362424e-01
    outer loop
      vertex   -7.205216e+00 5.833333e+01 -6.934325e+00
      vertex   -7.205216e+00 8.750000e+01 -6.934325e+00
      vertex   -8.179294e+00 5.833333e+01 -5.753187e+00
    endloop
  endfacet
  facet normal 7.714892e-01 -0.000000e+00 6.362424e-01
    outer loop
      vertex   -8.179294e+00 5.833333e+01 -5.753187e+00
      vertex   -7.205216e+00 8.750000e+01 -6.934325e+00
      vertex   -8.179294e+00 8.750000e+01 -5.753187e+00
    endloop
  endfacet
  facet normal 8.595696e-01 -0.000000e+00 5.110187e-01
    outer loop
      vertex   -8.179294e+00 5.833333e+01 -5.753187e+00
      vertex   -8.179294e+00 8.750000e+01 -5.753187e+00
      vertex   -8.961656e+00 5.833333e+01 -4.437198e+00
    endloop
  endfacet
  facet normal 8.595696e-01 -0.000000e+00 5.110187e-01
    outer loop
      vertex   -8.961656e+00 5.833333e+01 -4.437198e+00
      vertex   -8.179294e+00 8.750000e+01 -5.753187e+00
      vertex   -8.961656e+00 8.750000e+01 -4.437198e+00
    endloop
  endfacet
  facet normal 9.275025e-01 -0.000000e+00 3.738171e-01
    outer loop
      vertex   -8.961656e+00 5.833333e+01 -4.437198e+00
      vertex   -8.961656e+00 8.750000e+01 -4.437198e+00
      vertex   -9.533964e+00 5.833333e+01 -3.017206e+00
    endloop
  endfacet
  facet normal 9.275025e-01 -0.000000e+00 3.738171e-01
    outer loop
      vertex   -9.533964e+00 5.833333e+01 -3.017206e+00
      vertex   -8.961656e+00 8.750000e+01 -4.437198e+00
      vertex   -9.533964e+00 8.750000e+01 -3.017206e+00
    endloop
  endfacet
  facet normal 9.736954e-01 -0.000000e+00 2.278535e-01
    outer loop
      vertex   -9.533964e+00 5.833333e+01 -3.017206e+00
      vertex   -9.533964e+00 8.750000e+01 -3.017206e+00
      vertex   -9.882804e+00 5.833333e+01 -1.526493e+00
    endloop
  endfacet
  facet normal 9.736954e-01 -0.000000e+00 2.278535e-01
    outer loop
      vertex   -9.882804e+00 5.833333e+01 -1.526493e+00
      vertex   -9.533964e+00 8.750000e+01 -3.017206e+00
      vertex   -9.882804e+00 8.750000e+01 -1.526493e+00
    endloop
  endfacet
  facet normal 9.970658e-01 -0.000000e+00 7.654925e-02
    outer loop
      vertex   -9.882804e+00 5.833333e+01 -1.526493e+00
      vertex   -9.882804e+00 8.750000e+01 -1.526493e+00
      vertex   -1.000000e+01 5.833333e+01 1.224647e-15
    endloop
  endfacet
  facet normal 9.970658e-01 -0.000000e+00 7.654925e-02
    outer loop
      vertex   -1.000000e+01 5.833333e+01 1.224647e-15
      vertex   -9.882804e+00 8.750000e+01 -1.526493e+00
      vertex   -1.000000e+01 8.750000e+01 1.224647e-15
    endloop
  endfacet
  facet normal 9.970658e-01 0.000000e+00 -7.654925e-02
    outer loop
      vertex   -1.000000e+01 5.833333e+01 1.224647e-15
      vertex   -1.000000e+01 8.750000e+01 1.224647e-15
      vertex   -9.882804e+00 5.833333e+01 1.526493e+00
    endloop
  endfacet
  facet normal 5.542422e-01 2.812948e-18 8.323554e-01
    outer loop
      vertex   -5.000000e+00 0.000000e+00 -8.660254e+00
      vertex   -5.000000e+00 1.750000e+02 -8.660254e+00
      vertex   -6.062254e+00 8.750000e+01 -7.952929e+00
    endloop
  endfacet
  facet normal 5.542422e-01 -0.000000e+00 8.323554e-01
    outer loop
      vertex   -6.062254e+00 8.750000e+01 -7.952929e+00
      vertex   -5.000000e+00 1.750000e+02 -8.660254e+00
      vertex   -6.062254e+00 1.166667e+02 -7.952929e+00
    endloop
  endfacet
  facet normal 6.653257e-01 -0.000000e+00 7.465532e-01
    outer loop
      vertex   -6.062254e+00 8.750000e+01 -7.952929e+00
      vertex   -6.062254e+00 1.166667e+02 -7.952929e+00
      vertex   -7.205216e+00 8.750000e+01 -6.934325e+00
    endloop
  endfacet
  facet normal 6.653257e-01 -0.000000e+00 7.465532e-01
    outer loop
      vertex   -7.205216e+00 8.750000e+01 -6.934325e+00
      vertex   -6.062254e+00 1.166667e+02 -7.952929e+00
      vertex   -7.205216e+00 1.166667e+02 -6.934325e+00
    endloop
  endfacet
  facet normal 7.714892e-01 -0.000000e+00 6.362424e-01
    outer loop
      vertex   -7.205216e+00 8.750000e+01 -6.934325e+00
      vertex   -7.205216e+00 1.166667e+02 -6.934325e+00
      vertex   -8.179294e+00 8.750000e+01 -5.753187e+00
    endloop
  endfacet
  facet normal 7.714892e-01 -0.000000e+00 6.362424e-01
    outer loop
      vertex   -8.179294e+00 8.750000e+01 -5.753187e+00
      vertex   -7.205216e+00 1.166667e+02 -6.934325e+00
      vertex   -8.179294e+00 1.166667e+02 -5.753187e+00
    endloop
  endfacet
  facet normal 8.595696e-01 -0.000000e+00 5.110187e-01
    outer loop
      vertex   -8.179294e+00 8.750000e+01 -5.753187e+00
      vertex   -8.179294e+00 1.166667e+02 -5.753187e+00
      vertex   -8.961656e+00 8.750000e+01 -4.437198e+00
    endloop
  endfacet
  facet normal 8.595696e-01 -0.000000e+00 5.110187e-01
    outer loop
      vertex   -8.961656e+00 8.750000e+01 -4.437198e+00
      vertex   -8.179294e+00 1.166667e+02 -5.753187e+00
      vertex   -8.961656e+00 1.166667e+02 -4.437198e+00
    endloop
  endfacet
  facet normal 9.275025e-01 -0.000000e+00 3.738171e-01
    outer loop
      vertex   -8.961656e+00 8.750000e+01 -4.437198e+00
      vertex   -8.961656e+00 1.166667e+02 -4.437198e+00
      vertex   -9.533964e+00 8.750000e+01 -3.017206e+00
    endloop
  endfacet
  facet normal 9.275025e-01 -0.000000e+00 3.738171e-01
    outer loop
      vertex   -9.533964e+00 8.750000e+01 -3.017206e+00
      vertex   -8.961656e+00 1.166667e+02 -4.437198e+00
      vertex   -9.533964e+00 1.166667e+02 -3.017206e+00
    endloop
  endfacet
  facet normal 9.736954e-01 -0.000000e+00 2.278535e-01
    outer loop
      vertex   -9.533964e+00 8.750000e+01 -3.017206e+00
      vertex   -9.533964e+00 1.166667e+02 -3.017206e+00
      vertex   -9.882804e+00 8.750000e+01 -1.526493e+00
    endloop
  endfacet
  facet normal 9.736954e-01 -0.000000e+00 2.278535e-01
    outer loop
      vertex   -9.882804e+00 8.750000e+01 -1.526493e+00
      vertex   -9.533964e+00 1.166667e+02 -3.017206e+00
      vertex   -9.882804e+00 1.166667e+02 -1.526493e+00
    endloop
  endfacet
  facet normal 9.970658e-01 -0.000000e+00 7.654925e-02
    outer loop
      vertex   -9.882804e+00 8.750000e+01 -1.526493e+00
      vertex   -9.882804e+00 1.166667e+02 -1.526493e+00
      vertex   -1.000000e+01 8.750000e+01 1.224647e-15
    endloop
  endfacet
  facet normal 5.542422e-01 -0.000000e+00 8.323554e-01
    outer loop
      vertex   -6.062254e+00 1.166667e+02 -7.952929e+00
      vertex   -5.000000e+00 1.750000e+02 -8.660254e+00
      vertex   -6.062254e+00 1.458333e+02 -7.952929e+00
    endloop
  endfacet
  facet normal 5.633200e-01 -4.789521e-04 8.262387e-01
    outer loop
      vertex   -6.062254e+00 1.458333e+02 -7.952929e+00
      vertex   -5.000000e+00 1.750000e+02 -8.660254e+00
      vertex   -6.234898e+00 1.750000e+02 -7.818315e+00
    endloop
  endfacet
  facet normal 6.653256e-01 4.926170e-04 7.465531e-01
    outer loop
      vertex   -6.062254e+00 1.458333e+02 -7.952929e+00
      vertex   -6.234898e+00 1.750000e+02 -7.818315e+00
      vertex   -7.205216e+00 1.458333e+02 -6.934325e+00
    endloop
  endfacet
  facet normal 6.801727e-01 -4.105167e-04 7.330518e-01
    outer loop
      vertex   -7.205216e+00 1.458333e+02 -6.934325e+00
      vertex   -6.234898e+00 1.750000e+02 -7.818315e+00
      vertex   -7.330519e+00 1.750000e+02 -6.801727e+00
    endloop
  endfacet
  facet normal 7.714891e-01 4.219028e-04 6.362424e-01
    outer loop
      vertex   -7.205216e+00 1.458333e+02 -6.934325e+00
      vertex   -7.330519e+00 1.750000e+02 -6.801727e+00
      vertex   -8.179294e+00 1.458333e+02 -5.753187e+00
    endloop
  endfacet
  facet normal 7.818314e-01 -3.375240e-04 6.234898e-01
    outer loop
      vertex   -8.179294e+00 1.458333e+02 -5.753187e+00
      vertex   -7.330519e+00 1.750000e+02 -6.801727e+00
      vertex   -8.262388e+00 1.750000e+02 -5.633201e+00
    endloop
  endfacet
  facet normal 8.595696e-01 3.466318e-04 5.110186e-01
    outer loop
      vertex   -8.179294e+00 1.458333e+02 -5.753187e+00
      vertex   -8.262388e+00 1.750000e+02 -5.633201e+00
      vertex   -8.961656e+00 1.458333e+02 -4.437198e+00
    endloop
  endfacet
  facet normal 8.660254e-01 -2.599749e-04 5.000000e-01
    outer loop
      vertex   -8.961656e+00 1.458333e+02 -4.437198e+00
      vertex   -8.262388e+00 1.750000e+02 -5.633201e+00
      vertex   -9.009689e+00 1.750000e+02 -4.338837e+00
    endloop
  endfacet
  facet normal -7.818312e-01 -9.124818e-04 6.234895e-01
    outer loop
      vertex   8.262388e+00 1.750000e+02 -5.633201e+00
      vertex   7.330519e+00 1.750000e+02 -6.801727e+00
      vertex   7.714892e+00 1.458333e+02 -6.362424e+00
    endloop
  endfacet
  facet normal -7.205213e-01 9.489542e-04 6.934322e-01
    outer loop
      vertex   7.714892e+00 1.458333e+02 -6.362424e+00
      vertex   7.330519e+00 1.750000e+02 -6.801727e+00
      vertex   6.653257e+00 1.458333e+02 -7.465532e+00
    endloop
  endfacet
  facet normal -7.205216e-01 0.000000e+00 6.934325e-01
    outer loop
      vertex   7.714892e+00 1.458333e+02 -6.362424e+00
      vertex   6.653257e+00 1.458333e+02 -7.465532e+00
      vertex   6.653257e+00 1.166667e+02 -7.465532e+00
    endloop
  endfacet
  facet normal -6.062254e-01 0.000000e+00 7.952929e-01
    outer loop
      vertex   6.653257e+00 1.166667e+02 -7.465532e+00
      vertex   6.653257e+00 1.458333e+02 -7.465532e+00
      vertex   5.435676e+00 1.166667e+02 -8.393654e+00
    endloop
  endfacet
  facet normal -6.062254e-01 0.000000e+00 7.952929e-01
    outer loop
      vertex   6.653257e+00 1.166667e+02 -7.465532e+00
      vertex   5.435676e+00 1.166667e+02 -8.393654e+00
      vertex   5.435676e+00 8.750000e+01 -8.393654e+00
    endloop
  endfacet
  facet normal -5.219540e-01 0.000000e+00 8.529736e-01
    outer loop
      vertex   5.435676e+00 8.750000e+01 -8.393654e+00
      vertex   5.435676e+00 1.166667e+02 -8.393654e+00
      vertex   5.000000e+00 1.750000e+02 -8.660254e+00
    endloop
  endfacet
  facet normal -5.219540e-01 0.000000e+00 8.529736e-01
    outer loop
      vertex   5.435676e+00 8.750000e+01 -8.393654e+00
      vertex   5.000000e+00 1.750000e+02 -8.660254e+00
      vertex   5.000000e+00 0.000000e+00 -8.660254e+00
    endloop
  endfacet
  facet normal -6.801725e-01 -8.896599e-04 7.330516e-01
    outer loop
      vertex   7.330519e+00 1.750000e+02 -6.801727e+00
      vertex   6.234898e+00 1.750000e+02 -7.818315e+00
      vertex   6.653257e+00 1.458333e+02 -7.465532e+00
    endloop
  endfacet
  facet normal -6.062252e-01 9.238504e-04 7.952925e-01
    outer loop
      vertex   6.653257e+00 1.458333e+02 -7.465532e+00
      vertex   6.234898e+00 1.750000e+02 -7.818315e+00
      vertex   5.435676e+00 1.458333e+02 -8.393654e+00
    endloop
  endfacet
  facet normal -6.062254e-01 0.000000e+00 7.952929e-01
    outer loop
      vertex   6.653257e+00 1.458333e+02 -7.465532e+00
      vertex   5.435676e+00 1.458333e+02 -8.393654e+00
      vertex   5.435676e+00 1.166667e+02 -8.393654e+00
    endloop
  endfacet
  facet normal -5.219540e-01 0.000000e+00 8.529736e-01
    outer loop
      vertex   5.435676e+00 1.166667e+02 -8.393654e+00
      vertex   5.435676e+00 1.458333e+02 -8.393654e+00
      vertex   5.000000e+00 1.750000e+02 -8.660254e+00
    endloop
  endfacet
  facet normal -5.633198e-01 -8.622743e-04 8.262385e-01
    outer loop
      vertex   6.234898e+00 1.750000e+02 -7.818315e+00
      vertex   5.000000e+00 1.750000e+02 -8.660254e+00
      vertex   5.435676e+00 1.458333e+02 -8.393654e+00
    endloop
  endfacet
  facet normal 9.970658e-01 0.000000e+00 -7.654925e-02
    outer loop
      vertex   -1.000000e+01 2.916667e+01 1.224647e-15
      vertex   -1.000000e+01 5.833333e+01 1.224647e-15
      vertex   -9.882804e+00 2.916667e+01 1.526493e+00
    endloop
  endfacet
  facet normal 9.970658e-01 0.000000e+00 -7.654925e-02
    outer loop
      vertex   -9.882804e+00 2.916667e+01 1.526493e+00
      vertex   -1.000000e+01 5.833333e+01 1.224647e-15
      vertex   -9.882804e+00 5.833333e+01 1.526493e+00
    endloop
  endfacet
  facet normal 9.736954e-01 0.000000e+00 -2.278535e-01
    outer loop
      vertex   -9.882804e+00 2.916667e+01 1.526493e+00
      vertex   -9.882804e+00 5.833333e+01 1.526493e+00
      vertex   -9.533964e+00 2.916667e+01 3.017206e+00
    endloop
  endfacet
  facet normal 9.970658e-01 0.000000e+00 7.654925e-02
    outer loop
      vertex   -1.000000e+01 5.833333e+01 1.224647e-15
      vertex   -1.000000e+01 2.916667e+01 1.224647e-15
      vertex   -9.882804e+00 5.833333e+01 -1.526493e+00
    endloop
  endfacet
  facet normal 9.970658e-01 0.000000e+00 7.654925e-02
    outer loop
      vertex   -9.882804e+00 5.833333e+01 -1.526493e+00
      vertex   -1.000000e+01 2.916667e+01 1.224647e-15
      vertex   -9.882804e+00 2.916667e+01 -1.526493e+00
    endloop
  endfacet
  facet normal 9.736954e-01 0.000000e+00 2.278535e-01
    outer loop
      vertex   -9.882804e+00 5.833333e+01 -1.526493e+00
      vertex   -9.882804e+00 2.916667e+01 -1.526493e+00
      vertex   -9.533964e+00 5.833333e+01 -3.017206e+00
    endloop
  endfacet
  facet normal 9.736954e-01 0.000000e+00 2.278535e-01
    outer loop
      vertex   -9.533964e+00 5.833333e+01 -3.017206e+00
      vertex   -9.882804e+00 2.916667e+01 -1.526493e+00
      vertex   -9.533964e+00 2.916667e+01 -3.017206e+00
    endloop
  endfacet
  facet normal 9.275025e-01 0.000000e+00 3.738171e-01
    outer loop
      vertex   -9.533964e+00 5.833333e+01 -3.017206e+00
      vertex   -9.533964e+00 2.916667e+01 -3.017206e+00
      vertex   -8.961656e+00 5.833333e+01 -4.437198e+00
    endloop
  endfacet
  facet normal 9.275025e-01 0.000000e+00 3.738171e-01
    outer loop
      vertex   -8.961656e+00 5.833333e+01 -4.437198e+00
      vertex   -9.533964e+00 2.916667e+01 -3.017206e+00
      vertex   -8.961656e+00 2.916667e+01 -4.437198e+00
    endloop
  endfacet
  facet normal 8.595696e-01 0.000000e+00 5.110187e-01
    outer loop
      vertex   -8.961656e+00 5.833333e+01 -4.437198e+00
      vertex   -8.961656e+00 2.916667e+01 -4.437198e+00
      vertex   -8.179294e+00 5.833333e+01 -5.753187e+00
    endloop
  endfacet
  facet normal 8.595696e-01 0.000000e+00 5.110187e-01
    outer loop
      vertex   -8.179294e+00 5.833333e+01 -5.753187e+00
      vertex   -8.961656e+00 2.916667e+01 -4.437198e+00
      vertex   -8.179294e+00 2.916667e+01 -5.753187e+00
    endloop
  endfacet
  facet normal 7.714892e-01 0.000000e+00 6.362424e-01
    outer loop
      vertex   -8.179294e+00 5.833333e+01 -5.753187e+00
      vertex   -8.179294e+00 2.916667e+01 -5.753187e+00
      vertex   -7.205216e+00 5.833333e+01 -6.934325e+00
    endloop
  endfacet
  facet normal 7.714892e-01 0.000000e+00 6.362424e-01
    outer loop
      vertex   -7.205216e+00 5.833333e+01 -6.934325e+00
      vertex   -8.179294e+00 2.916667e+01 -5.753187e+00
      vertex   -7.205216e+00 2.916667e+01 -6.934325e+00
    endloop
  endfacet
  facet normal 6.653257e-01 0.000000e+00 7.465532e-01
    outer loop
      vertex   -7.205216e+00 5.833333e+01 -6.934325e+00
      vertex   -7.205216e+00 2.916667e+01 -6.934325e+00
      vertex   -6.062254e+00 5.833333e+01 -7.952929e+00
    endloop
  endfacet
  facet normal 6.653257e-01 0.000000e+00 7.465532e-01
    outer loop
      vertex   -6.062254e+00 5.833333e+01 -7.952929e+00
      vertex   -7.205216e+00 2.916667e+01 -6.934325e+00
      vertex   -6.062254e+00 2.916667e+01 -7.952929e+00
    endloop
  endfacet
  facet normal 9.970658e-01 0.000000e+00 -7.654925e-02
    outer loop
      vertex   -1.000000e+01 1.166667e+02 1.224647e-15
      vertex   -1.000000e+01 1.458333e+02 1.224647e-15
      vertex   -9.882804e+00 1.166667e+02 1.526493e+00
    endloop
  endfacet
  facet normal 9.970658e-01 0.000000e+00 -7.654925e-02
    outer loop
      vertex   -9.882804e+00 1.166667e+02 1.526493e+00
      vertex   -1.000000e+01 1.458333e+02 1.224647e-15
      vertex   -9.882804e+00 1.458333e+02 1.526493e+00
    endloop
  endfacet
  facet normal 9.736954e-01 0.000000e+00 -2.278535e-01
    outer loop
      vertex   -9.882804e+00 1.166667e+02 1.526493e+00
      vertex   -9.882804e+00 1.458333e+02 1.526493e+00
      vertex   -9.533964e+00 1.166667e+02 3.017206e+00
    endloop
  endfacet
  facet normal 9.970658e-01 0.000000e+00 7.654925e-02
    outer loop
      vertex   -1.000000e+01 1.458333e+02 1.224647e-15
      vertex   -1.000000e+01 1.166667e+02 1.224647e-15
      vertex   -9.882804e+00 1.458333e+02 -1.526493e+00
    endloop
  endfacet
  facet normal 9.736954e-01 0.000000e+00 -2.278535e-01
    outer loop
      vertex   -9.882804e+00 1.166667e+02 1.526493e+00
      vertex   -9.533964e+00 1.166667e+02 3.017206e+00
      vertex   -9.533964e+00 8.750000e+01 3.017206e+00
    endloop
  endfacet
  facet normal 9.736954e-01 0.000000e+00 -2.278535e-01
    outer loop
      vertex   -9.882804e+00 1.166667e+02 1.526493e+00
      vertex   -9.533964e+00 8.750000e+01 3.017206e+00
      vertex   -9.882804e+00 8.750000e+01 1.526493e+00
    endloop
  endfacet
  facet normal 9.736954e-01 0.000000e+00 -2.278535e-01
    outer loop
      vertex   -9.882804e+00 8.750000e+01 1.526493e+00
      vertex   -9.533964e+00 8.750000e+01 3.017206e+00
      vertex   -9.533964e+00 5.833333e+01 3.017206e+00
    endloop
  endfacet
  facet normal 9.275025e-01 -0.000000e+00 3.738171e-01
    outer loop
      vertex   -8.961656e+00 1.166667e+02 -4.437198e+00
      vertex   -8.961656e+00 1.458333e+02 -4.437198e+00
      vertex   -9.533964e+00 1.166667e+02 -3.017206e+00
    endloop
  endfacet
  facet normal 9.275025e-01 -0.000000e+00 3.738171e-01
    outer loop
      vertex   -9.533964e+00 1.166667e+02 -3.017206e+00
      vertex   -8.961656e+00 1.458333e+02 -4.437198e+00
      vertex   -9.533964e+00 1.458333e+02 -3.017206e+00
    endloop
  endfacet
  facet normal 9.736954e-01 -0.000000e+00 2.278535e-01
    outer loop
      vertex   -9.533964e+00 1.166667e+02 -3.017206e+00
      vertex   -9.533964e+00 1.458333e+02 -3.017206e+00
      vertex   -9.882804e+00 1.166667e+02 -1.526493e+00
    endloop
  endfacet
  facet normal 8.595696e-01 0.000000e+00 5.110187e-01
    outer loop
      vertex   -8.961656e+00 1.458333e+02 -4.437198e+00
      vertex   -8.961656e+00 1.166667e+02 -4.437198e+00
      vertex   -8.179294e+00 1.458333e+02 -5.753187e+00
    endloop
  endfacet
  facet normal 8.595696e-01 0.000000e+00 5.110187e-01
    outer loop
      vertex   -8.179294e+00 1.458333e+02 -5.753187e+00
      vertex   -8.961656e+00 1.166667e+02 -4.437198e+00
      vertex   -8.179294e+00 1.166667e+02 -5.753187e+00
    endloop
  endfacet
  facet normal 7.714892e-01 0.000000e+00 6.362424e-01
    outer loop
      vertex   -8.179294e+00 1.458333e+02 -5.753187e+00
      vertex   -8.179294e+00 1.166667e+02 -5.753187e+00
      vertex   -7.205216e+00 1.458333e+02 -6.934325e+00
    endloop
  endfacet
  facet normal 7.714892e-01 0.000000e+00 6.362424e-01
    outer loop
      vertex   -7.205216e+00 1.458333e+02 -6.934325e+00
      vertex   -8.179294e+00 1.166667e+02 -5.753187e+00
      vertex   -7.205216e+00 1.166667e+02 -6.934325e+00
    endloop
  endfacet
  facet normal 6.653257e-01 0.000000e+00 7.465532e-01
    outer loop
      vertex   -7.205216e+00 1.458333e+02 -6.934325e+00
      vertex   -7.205216e+00 1.166667e+02 -6.934325e+00
      vertex   -6.062254e+00 1.458333e+02 -7.952929e+00
    endloop
  endfacet
  facet normal 6.653257e-01 0.000000e+00 7.465532e-01
    outer loop
      vertex   -6.062254e+00 1.458333e+02 -7.952929e+00
      vertex   -7.205216e+00 1.166667e+02 -6.934325e+00
      vertex   -6.062254e+00 1.166667e+02 -7.952929e+00
    endloop
  endfacet
  facet normal 9.970658e-01 0.000000e+00 -7.654925e-02
    outer loop
      vertex   -9.882804e+00 1.166667e+02 1.526493e+00
      vertex   -9.882804e+00 8.750000e+01 1.526493e+00
      vertex   -1.000000e+01 1.166667e+02 1.224647e-15
    endloop
  endfacet
  facet normal -1.000000e+00 0.000000e+00 -0.000000e+00
    outer loop
      vertex   9.970658e+00 1.458333e+02 7.654925e-01
      vertex   9.970658e+00 1.458333e+02 -7.654925e-01
      vertex   9.970658e+00 1.166667e+02 -7.654925e-01
    endloop
  endfacet
  facet normal -9.882804e-01 0.000000e+00 1.526493e-01
    outer loop
      vertex   9.970658e+00 1.166667e+02 -7.654925e-01
      vertex   9.970658e+00 1.458333e+02 -7.654925e-01
      vertex   9.736954e+00 1.166667e+02 -2.278535e+00
    endloop
  endfacet
  facet normal -9.882804e-01 0.000000e+00 1.526493e-01
    outer loop
      vertex   9.970658e+00 1.166667e+02 -7.654925e-01
      vertex   9.736954e+00 1.166667e+02 -2.278535e+00
      vertex   9.736954e+00 8.750000e+01 -2.278535e+00
    endloop
  endfacet
  facet normal -9.533964e-01 0.000000e+00 3.017206e-01
    outer loop
      vertex   9.736954e+00 8.750000e+01 -2.278535e+00
      vertex   9.736954e+00 1.166667e+02 -2.278535e+00
      vertex   9.275025e+00 8.750000e+01 -3.738171e+00
    endloop
  endfacet
  facet normal -9.533964e-01 0.000000e+00 3.017206e-01
    outer loop
      vertex   9.736954e+00 8.750000e+01 -2.278535e+00
      vertex   9.275025e+00 8.750000e+01 -3.738171e+00
      vertex   9.275025e+00 5.833333e+01 -3.738171e+00
    endloop
  endfacet
  facet normal -8.961656e-01 0.000000e+00 4.437198e-01
    outer loop
      vertex   9.275025e+00 5.833333e+01 -3.738171e+00
      vertex   9.275025e+00 8.750000e+01 -3.738171e+00
      vertex   8.595696e+00 5.833333e+01 -5.110187e+00
    endloop
  endfacet
  facet normal -8.961656e-01 0.000000e+00 4.437198e-01
    outer loop
      vertex   9.275025e+00 5.833333e+01 -3.738171e+00
      vertex   8.595696e+00 5.833333e+01 -5.110187e+00
      vertex   8.595696e+00 2.916667e+01 -5.110187e+00
    endloop
  endfacet
  facet normal -8.179294e-01 0.000000e+00 5.753187e-01
    outer loop
      vertex   8.595696e+00 2.916667e+01 -5.110187e+00
      vertex   8.595696e+00 5.833333e+01 -5.110187e+00
      vertex   7.714892e+00 2.916667e+01 -6.362424e+00
    endloop
  endfacet
  facet normal -9.882804e-01 0.000000e+00 1.526493e-01
    outer loop
      vertex   9.970658e+00 1.458333e+02 -7.654925e-01
      vertex   9.736954e+00 1.458333e+02 -2.278535e+00
      vertex   9.736954e+00 1.166667e+02 -2.278535e+00
    endloop
  endfacet
  facet normal -9.533964e-01 0.000000e+00 3.017206e-01
    outer loop
      vertex   9.736954e+00 1.166667e+02 -2.278535e+00
      vertex   9.736954e+00 1.458333e+02 -2.278535e+00
      vertex   9.275025e+00 1.166667e+02 -3.738171e+00
    endloop
  endfacet
  facet normal -9.533964e-01 0.000000e+00 3.017206e-01
    outer loop
      vertex   9.736954e+00 1.166667e+02 -2.278535e+00
      vertex   9.275025e+00 1.166667e+02 -3.738171e+00
      vertex   9.275025e+00 8.750000e+01 -3.738171e+00
    endloop
  endfacet
  facet normal -8.961656e-01 0.000000e+00 4.437198e-01
    outer loop
      vertex   9.275025e+00 8.750000e+01 -3.738171e+00
      vertex   9.275025e+00 1.166667e+02 -3.738171e+00
      vertex   8.595696e+00 8.750000e+01 -5.110187e+00
    endloop
  endfacet
  facet normal -8.961656e-01 0.000000e+00 4.437198e-01
    outer loop
      vertex   9.275025e+00 8.750000e+01 -3.738171e+00
      vertex   8.595696e+00 8.750000e+01 -5.110187e+00
      vertex   8.595696e+00 5.833333e+01 -5.110187e+00
    endloop
  endfacet
  facet normal -8.179294e-01 0.000000e+00 5.753187e-01
    outer loop
      vertex   8.595696e+00 5.833333e+01 -5.110187e+00
      vertex   8.595696e+00 8.750000e+01 -5.110187e+00
      vertex   7.714892e+00 5.833333e+01 -6.362424e+00
    endloop
  endfacet
  facet normal -8.179294e-01 0.000000e+00 5.753187e-01
    outer loop
      vertex   8.595696e+00 5.833333e+01 -5.110187e+00
      vertex   7.714892e+00 5.833333e+01 -6.362424e+00
      vertex   7.714892e+00 2.916667e+01 -6.362424e+00
    endloop
  endfacet
  facet normal -7.205216e-01 0.000000e+00 6.934325e-01
    outer loop
      vertex   7.714892e+00 2.916667e+01 -6.362424e+00
      vertex   7.714892e+00 5.833333e+01 -6.362424e+00
      vertex   6.653257e+00 2.916667e+01 -7.465532e+00
    endloop
  endfacet
  facet normal -9.533964e-01 0.000000e+00 3.017206e-01
    outer loop
      vertex   9.736954e+00 1.458333e+02 -2.278535e+00
      vertex   9.275025e+00 1.458333e+02 -3.738171e+00
      vertex   9.275025e+00 1.166667e+02 -3.738171e+00
    endloop
  endfacet
  facet normal -8.961656e-01 0.000000e+00 4.437198e-01
    outer loop
      vertex   9.275025e+00 1.166667e+02 -3.738171e+00
      vertex   9.275025e+00 1.458333e+02 -3.738171e+00
      vertex   8.595696e+00 1.166667e+02 -5.110187e+00
    endloop
  endfacet
  facet normal -8.961656e-01 0.000000e+00 4.437198e-01
    outer loop
      vertex   9.275025e+00 1.166667e+02 -3.738171e+00
      vertex   8.595696e+00 1.166667e+02 -5.110187e+00
      vertex   8.595696e+00 8.750000e+01 -5.110187e+00
    endloop
  endfacet
  facet normal -8.179294e-01 0.000000e+00 5.753187e-01
    outer loop
      vertex   8.595696e+00 8.750000e+01 -5.110187e+00
      vertex   8.595696e+00 1.166667e+02 -5.110187e+00
      vertex   7.714892e+00 8.750000e+01 -6.362424e+00
    endloop
  endfacet
  facet normal -8.179294e-01 0.000000e+00 5.753187e-01
    outer loop
      vertex   8.595696e+00 8.750000e+01 -5.110187e+00
      vertex   7.714892e+00 8.750000e+01 -6.362424e+00
      vertex   7.714892e+00 5.833333e+01 -6.362424e+00
    endloop
  endfacet
  facet normal -7.205216e-01 0.000000e+00 6.934325e-01
    outer loop
      vertex   7.714892e+00 5.833333e+01 -6.362424e+00
      vertex   7.714892e+00 8.750000e+01 -6.362424e+00
      vertex   6.653257e+00 5.833333e+01 -7.465532e+00
    endloop
  endfacet
  facet normal -7.205216e-01 0.000000e+00 6.934325e-01
    outer loop
      vertex   7.714892e+00 5.833333e+01 -6.362424e+00
      vertex   6.653257e+00 5.833333e+01 -7.465532e+00
      vertex   6.653257e+00 2.916667e+01 -7.465532e+00
    endloop
  endfacet
  facet normal -6.062254e-01 0.000000e+00 7.952929e-01
    outer loop
      vertex   6.653257e+00 2.916667e+01 -7.465532e+00
      vertex   6.653257e+00 5.833333e+01 -7.465532e+00
      vertex   5.435676e+00 2.916667e+01 -8.393654e+00
    endloop
  endfacet
  facet normal -6.062254e-01 0.000000e+00 7.952929e-01
    outer loop
      vertex   6.653257e+00 8.750000e+01 -7.465532e+00
      vertex   5.435676e+00 5.833333e+01 -8.393654e+00
      vertex   6.653257e+00 5.833333e+01 -7.465532e+00
    endloop
  endfacet
  facet normal -6.062254e-01 0.000000e+00 7.952929e-01
    outer loop
      vertex   6.653257e+00 5.833333e+01 -7.465532e+00
      vertex   5.435676e+00 5.833333e+01 -8.393654e+00
      vertex   5.435676e+00 2.916667e+01 -8.393654e+00
    endloop
  endfacet
  facet normal -7.205216e-01 0.000000e+00 6.934325e-01
    outer loop
      vertex   7.714892e+00 1.166667e+02 -6.362424e+00
      vertex   6.653257e+00 8.750000e+01 -7.465532e+00
      vertex   7.714892e+00 8.750000e+01 -6.362424e+00
    endloop
  endfacet
  facet normal -7.205216e-01 0.000000e+00 6.934325e-01
    outer loop
      vertex   7.714892e+00 8.750000e+01 -6.362424e+00
      vertex   6.653257e+00 8.750000e+01 -7.465532e+00
      vertex   6.653257e+00 5.833333e+01 -7.465532e+00
    endloop
  endfacet
  facet normal -8.179294e-01 0.000000e+00 5.753187e-01
    outer loop
      vertex   8.595696e+00 1.458333e+02 -5.110187e+00
      vertex   7.714892e+00 1.166667e+02 -6.362424e+00
      vertex   8.595696e+00 1.166667e+02 -5.110187e+00
    endloop
  endfacet
  facet normal -8.179294e-01 0.000000e+00 5.753187e-01
    outer loop
      vertex   8.595696e+00 1.166667e+02 -5.110187e+00
      vertex   7.714892e+00 1.166667e+02 -6.362424e+00
      vertex   7.714892e+00 8.750000e+01 -6.362424e+00
    endloop
  endfacet
  facet normal -8.961656e-01 0.000000e+00 4.437198e-01
    outer loop
      vertex   9.275025e+00 1.458333e+02 -3.738171e+00
      vertex   8.595696e+00 1.458333e+02 -5.110187e+00
      vertex   8.595696e+00 1.166667e+02 -5.110187e+00
    endloop
  endfacet
  facet normal -1.000000e+00 0.000000e+00 0.000000e+00
    outer loop
      vertex   5.000000e+00 0.000000e+00 -1.414214e+01
      vertex   5.000000e+00 0.000000e+00 -8.660254e+00
      vertex   5.000000e+00 2.500000e+01 -1.414214e+01
    endloop
  endfacet
  facet normal -1.000000e+00 0.000000e+00 0.000000e+00
    outer loop
      vertex   5.000000e+00 2.500000e+01 -1.414214e+01
      vertex   5.000000e+00 0.000000e+00 -8.660254e+00
      vertex   5.000000e+00 1.750000e+02 -8.660254e+00
    endloop
  endfacet
  facet normal -1.000000e+00 0.000000e+00 0.000000e+00
    outer loop
      vertex   5.000000e+00 2.500000e+01 -1.414214e+01
      vertex   5.000000e+00 1.750000e+02 -8.660254e+00
      vertex   5.000000e+00 1.750000e+02 -1.500000e+01
    endloop
  endfacet
  facet normal -1.000000e+00 0.000000e+00 0.000000e+00
    outer loop
      vertex   5.000000e+00 1.750000e+02 -1.500000e+01
      vertex   5.000000e+00 2.500000e+01 -1.500000e+01
      vertex   5.000000e+00 2.500000e+01 -1.414214e+01
    endloop
  endfacet
  facet normal 0.000000e+00 -1.000000e+00 0.000000e+00
    outer loop
      vertex   1.500000e+01 0.000000e+00 -2.500000e+01
      vertex   -7.652959e-12 0.000000e+00 -1.500000e+01
      vertex   -1.500000e+01 0.000000e+00 -2.500000e+01
    endloop
  endfacet
  facet normal 0.000000e+00 -1.000000e+00 0.000000e+00
    outer loop
      vertex   -1.500000e+01 0.000000e+00 -2.500000e+01
      vertex   -7.652959e-12 0.000000e+00 -1.500000e+01
      vertex   -1.695553e+00 0.000000e+00 -1.490386e+01
    endloop
  endfacet
  facet normal 0.000000e+00 -1.000000e+00 0.000000e+00
    outer loop
      vertex   -1.500000e+01 0.000000e+00 -2.500000e+01
      vertex   -1.695553e+00 0.000000e+00 -1.490386e+01
      vertex   -3.369371e+00 0.000000e+00 -1.461668e+01
    endloop
  endfacet
  facet normal 0.000000e+00 -1.000000e+00 -0.000000e+00
    outer loop
      vertex   1.500000e+01 0.000000e+00 0.000000e+00
      vertex   9.009689e+00 0.000000e+00 -4.338837e+00
      vertex   1.500000e+01 0.000000e+00 -2.500000e+01
    endloop
  endfacet
  facet normal 0.000000e+00 -1.000000e+00 0.000000e+00
    outer loop
      vertex   1.500000e+01 0.000000e+00 -2.500000e+01
      vertex   9.009689e+00 0.000000e+00 -4.338837e+00
      vertex   8.262388e+00 0.000000e+00 -5.633201e+00
    endloop
  endfacet
  facet normal 0.000000e+00 -1.000000e+00 0.000000e+00
    outer loop
      vertex   1.500000e+01 0.000000e+00 -2.500000e+01
      vertex   8.262388e+00 0.000000e+00 -5.633201e+00
      vertex   7.330519e+00 0.000000e+00 -6.801727e+00
    endloop
  endfacet
  facet normal 0.000000e+00 -1.000000e+00 -0.000000e+00
    outer loop
      vertex   1.489063e+01 0.000000e+00 1.808050e+00
      vertex   1.000000e+01 0.000000e+00 -7.724703e-12
      vertex   1.500000e+01 0.000000e+00 0.000000e+00
    endloop
  endfacet
  facet normal 0.000000e+00 -1.000000e+00 0.000000e+00
    outer loop
      vertex   1.500000e+01 0.000000e+00 0.000000e+00
      vertex   1.000000e+01 0.000000e+00 -7.724703e-12
      vertex   9.888308e+00 0.000000e+00 -1.490423e+00
    endloop
  endfacet
  facet normal 0.000000e+00 -1.000000e+00 0.000000e+00
    outer loop
      vertex   1.500000e+01 0.000000e+00 0.000000e+00
      vertex   9.888308e+00 0.000000e+00 -1.490423e+00
      vertex   9.555728e+00 0.000000e+00 -2.947552e+00
    endloop
  endfacet
  facet normal 0.000000e+00 -1.000000e+00 0.000000e+00
    outer loop
      vertex   1.000000e+01 0.000000e+00 -7.724703e-12
      vertex   1.489063e+01 0.000000e+00 1.808050e+00
      vertex   9.888308e+00 0.000000e+00 1.490423e+00
    endloop
  endfacet
  facet normal 0.000000e+00 -1.000000e+00 0.000000e+00
    outer loop
      vertex   9.888308e+00 0.000000e+00 1.490423e+00
      vertex   1.489063e+01 0.000000e+00 1.808050e+00
      vertex   1.456413e+01 0.000000e+00 3.589735e+00
    endloop
  endfacet
  facet normal 0.000000e+00 -1.000000e+00 0.000000e+00
    outer loop
      vertex   9.888308e+00 0.000000e+00 1.490423e+00
      vertex   1.456413e+01 0.000000e+00 3.589735e+00
      vertex   9.555728e+00 0.000000e+00 2.947552e+00
    endloop
  endfacet
  facet normal 0.000000e+00 -1.000000e+00 0.000000e+00
    outer loop
      vertex   9.555728e+00 0.000000e+00 2.947552e+00
      vertex   1.456413e+01 0.000000e+00 3.589735e+00
      vertex   1.402524e+01 0.000000e+00 5.319073e+00
    endloop
  endfacet
  facet normal 0.000000e+00 -1.000000e+00 0.000000e+00
    outer loop
      vertex   9.555728e+00 0.000000e+00 2.947552e+00
      vertex   1.402524e+01 0.000000e+00 5.319073e+00
      vertex   1.328184e+01 0.000000e+00 6.970848e+00
    endloop
  endfacet
  facet normal 0.000000e+00 -1.000000e+00 0.000000e+00
    outer loop
      vertex   9.555728e+00 0.000000e+00 2.947552e+00
      vertex   1.328184e+01 0.000000e+00 6.970848e+00
      vertex   9.009689e+00 0.000000e+00 4.338837e+00
    endloop
  endfacet
  facet normal 0.000000e+00 -1.000000e+00 0.000000e+00
    outer loop
      vertex   9.009689e+00 0.000000e+00 4.338837e+00
      vertex   1.328184e+01 0.000000e+00 6.970848e+00
      vertex   1.234476e+01 0.000000e+00 8.520971e+00
    endloop
  endfacet
  facet normal 0.000000e+00 -1.000000e+00 0.000000e+00
    outer loop
      vertex   9.009689e+00 0.000000e+00 4.338837e+00
      vertex   1.234476e+01 0.000000e+00 8.520971e+00
      vertex   8.262388e+00 0.000000e+00 5.633201e+00
    endloop
  endfacet
  facet normal 0.000000e+00 -1.000000e+00 0.000000e+00
    outer loop
      vertex   8.262388e+00 0.000000e+00 5.633201e+00
      vertex   1.234476e+01 0.000000e+00 8.520971e+00
      vertex   1.122766e+01 0.000000e+00 9.946840e+00
    endloop
  endfacet
  facet normal 0.000000e+00 -1.000000e+00 0.000000e+00
    outer loop
      vertex   8.262388e+00 0.000000e+00 5.633201e+00
      vertex   1.122766e+01 0.000000e+00 9.946840e+00
      vertex   9.946840e+00 0.000000e+00 1.122766e+01
    endloop
  endfacet
  facet normal 0.000000e+00 -1.000000e+00 0.000000e+00
    outer loop
      vertex   8.262388e+00 0.000000e+00 5.633201e+00
      vertex   9.946840e+00 0.000000e+00 1.122766e+01
      vertex   7.330519e+00 0.000000e+00 6.801727e+00
    endloop
  endfacet
  facet normal 0.000000e+00 -1.000000e+00 0.000000e+00
    outer loop
      vertex   7.330519e+00 0.000000e+00 6.801727e+00
      vertex   9.946840e+00 0.000000e+00 1.122766e+01
      vertex   8.520971e+00 0.000000e+00 1.234476e+01
    endloop
  endfacet
  facet normal 0.000000e+00 -1.000000e+00 0.000000e+00
    outer loop
      vertex   7.330519e+00 0.000000e+00 6.801727e+00
      vertex   8.520971e+00 0.000000e+00 1.234476e+01
      vertex   6.234898e+00 0.000000e+00 7.818315e+00
    endloop
  endfacet
  facet normal 0.000000e+00 -1.000000e+00 0.000000e+00
    outer loop
      vertex   6.234898e+00 0.000000e+00 7.818315e+00
      vertex   8.520971e+00 0.000000e+00 1.234476e+01
      vertex   6.970848e+00 0.000000e+00 1.328184e+01
    endloop
  endfacet
  facet normal 0.000000e+00 -1.000000e+00 0.000000e+00
    outer loop
      vertex   6.234898e+00 0.000000e+00 7.818315e+00
      vertex   6.970848e+00 0.000000e+00 1.328184e+01
      vertex   5.000000e+00 0.000000e+00 8.660254e+00
    endloop
  endfacet
  facet normal 0.000000e+00 -1.000000e+00 0.000000e+00
    outer loop
      vertex   5.000000e+00 0.000000e+00 8.660254e+00
      vertex   6.970848e+00 0.000000e+00 1.328184e+01
      vertex   5.319073e+00 0.000000e+00 1.402524e+01
    endloop
  endfacet
  facet normal 0.000000e+00 -1.000000e+00 0.000000e+00
    outer loop
      vertex   5.000000e+00 0.000000e+00 8.660254e+00
      vertex   5.319073e+00 0.000000e+00 1.402524e+01
      vertex   3.653410e+00 0.000000e+00 9.308737e+00
    endloop
  endfacet
  facet normal 0.000000e+00 -1.000000e+00 0.000000e+00
    outer loop
      vertex   3.653410e+00 0.000000e+00 9.308737e+00
      vertex   5.319073e+00 0.000000e+00 1.402524e+01
      vertex   3.589735e+00 0.000000e+00 1.456413e+01
    endloop
  endfacet
  facet normal 0.000000e+00 -1.000000e+00 0.000000e+00
    outer loop
      vertex   3.653410e+00 0.000000e+00 9.308737e+00
      vertex   3.589735e+00 0.000000e+00 1.456413e+01
      vertex   2.225209e+00 0.000000e+00 9.749279e+00
    endloop
  endfacet
  facet normal 0.000000e+00 -1.000000e+00 0.000000e+00
    outer loop
      vertex   2.225209e+00 0.000000e+00 9.749279e+00
      vertex   3.589735e+00 0.000000e+00 1.456413e+01
      vertex   1.808050e+00 0.000000e+00 1.489063e+01
    endloop
  endfacet
  facet normal 0.000000e+00 -1.000000e+00 0.000000e+00
    outer loop
      vertex   2.225209e+00 0.000000e+00 9.749279e+00
      vertex   1.808050e+00 0.000000e+00 1.489063e+01
      vertex   7.473009e-01 0.000000e+00 9.972038e+00
    endloop
  endfacet
  facet normal 0.000000e+00 -1.000000e+00 0.000000e+00
    outer loop
      vertex   7.473009e-01 0.000000e+00 9.972038e+00
      vertex   1.808050e+00 0.000000e+00 1.489063e+01
      vertex   9.184851e-16 0.000000e+00 1.500000e+01
    endloop
  endfacet
  facet normal 0.000000e+00 -1.000000e+00 0.000000e+00
    outer loop
      vertex   7.473009e-01 0.000000e+00 9.972038e+00
      vertex   9.184851e-16 0.000000e+00 1.500000e+01
      vertex   -7.473009e-01 0.000000e+00 9.972038e+00
    endloop
  endfacet
  facet normal 0.000000e+00 -1.000000e+00 0.000000e+00
    outer loop
      vertex   -7.473009e-01 0.000000e+00 9.972038e+00
      vertex   9.184851e-16 0.000000e+00 1.500000e+01
      vertex   -1.808050e+00 0.000000e+00 1.489063e+01
    endloop
  endfacet
  facet normal -0.000000e+00 -1.000000e+00 0.000000e+00
    outer loop
      vertex   -7.473009e-01 0.000000e+00 9.972038e+00
      vertex   -1.808050e+00 0.000000e+00 1.489063e+01
      vertex   -2.225209e+00 0.000000e+00 9.749279e+00
    endloop
  endfacet
  facet normal 0.000000e+00 -1.000000e+00 0.000000e+00
    outer loop
      vertex   -2.225209e+00 0.000000e+00 9.749279e+00
      vertex   -1.808050e+00 0.000000e+00 1.489063e+01
      vertex   -3.589735e+00 0.000000e+00 1.456413e+01
    endloop
  endfacet
  facet normal -0.000000e+00 -1.000000e+00 0.000000e+00
    outer loop
      vertex   -2.225209e+00 0.000000e+00 9.749279e+00
      vertex   -3.589735e+00 0.000000e+00 1.456413e+01
      vertex   -3.653410e+00 0.000000e+00 9.308737e+00
    endloop
  endfacet
  facet normal 0.000000e+00 -1.000000e+00 0.000000e+00
    outer loop
      vertex   -3.653410e+00 0.000000e+00 9.308737e+00
      vertex   -3.589735e+00 0.000000e+00 1.456413e+01
      vertex   -5.319073e+00 0.000000e+00 1.402524e+01
    endloop
  endfacet
  facet normal -0.000000e+00 -1.000000e+00 0.000000e+00
    outer loop
      vertex   -3.653410e+00 0.000000e+00 9.308737e+00
      vertex   -5.319073e+00 0.000000e+00 1.402524e+01
      vertex   -5.000000e+00 0.000000e+00 8.660254e+00
    endloop
  endfacet
  facet normal 0.000000e+00 -1.000000e+00 0.000000e+00
    outer loop
      vertex   -5.000000e+00 0.000000e+00 8.660254e+00
      vertex   -5.319073e+00 0.000000e+00 1.402524e+01
      vertex   -6.970848e+00 0.000000e+00 1.328184e+01
    endloop
  endfacet
  facet normal -0.000000e+00 -1.000000e+00 0.000000e+00
    outer loop
      vertex   -5.000000e+00 0.000000e+00 8.660254e+00
      vertex   -6.970848e+00 0.000000e+00 1.328184e+01
      vertex   -6.234898e+00 0.000000e+00 7.818315e+00
    endloop
  endfacet
  facet normal 0.000000e+00 -1.000000e+00 0.000000e+00
    outer loop
      vertex   -6.234898e+00 0.000000e+00 7.818315e+00
      vertex   -6.970848e+00 0.000000e+00 1.328184e+01
      vertex   -8.520971e+00 0.000000e+00 1.234476e+01
    endloop
  endfacet
  facet normal -0.000000e+00 -1.000000e+00 0.000000e+00
    outer loop
      vertex   -6.234898e+00 0.000000e+00 7.818315e+00
      vertex   -8.520971e+00 0.000000e+00 1.234476e+01
      vertex   -7.330519e+00 0.000000e+00 6.801727e+00
    endloop
  endfacet
  facet normal 0.000000e+00 -1.000000e+00 0.000000e+00
    outer loop
      vertex   -7.330519e+00 0.000000e+00 6.801727e+00
      vertex   -8.520971e+00 0.000000e+00 1.234476e+01
      vertex   -9.946840e+00 0.000000e+00 1.122766e+01
    endloop
  endfacet
  facet normal -0.000000e+00 -1.000000e+00 0.000000e+00
    outer loop
      vertex   -7.330519e+00 0.000000e+00 6.801727e+00
      vertex   -9.946840e+00 0.000000e+00 1.122766e+01
      vertex   -8.262388e+00 0.000000e+00 5.633201e+00
    endloop
  endfacet
  facet normal 0.000000e+00 -1.000000e+00 0.000000e+00
    outer loop
      vertex   -8.262388e+00 0.000000e+00 5.633201e+00
      vertex   -9.946840e+00 0.000000e+00 1.122766e+01
      vertex   -1.122766e+01 0.000000e+00 9.946840e+00
    endloop
  endfacet
  facet normal 0.000000e+00 -1.000000e+00 0.000000e+00
    outer loop
      vertex   -8.262388e+00 0.000000e+00 5.633201e+00
      vertex   -1.122766e+01 0.000000e+00 9.946840e+00
      vertex   -1.234476e+01 0.000000e+00 8.520971e+00
    endloop
  endfacet
  facet normal -0.000000e+00 -1.000000e+00 0.000000e+00
    outer loop
      vertex   -8.262388e+00 0.000000e+00 5.633201e+00
      vertex   -1.234476e+01 0.000000e+00 8.520971e+00
      vertex   -9.009689e+00 0.000000e+00 4.338837e+00
    endloop
  endfacet
  facet normal 0.000000e+00 -1.000000e+00 0.000000e+00
    outer loop
      vertex   -9.009689e+00 0.000000e+00 4.338837e+00
      vertex   -1.234476e+01 0.000000e+00 8.520971e+00
      vertex   -1.328184e+01 0.000000e+00 6.970848e+00
    endloop
  endfacet
  facet normal -0.000000e+00 -1.000000e+00 0.000000e+00
    outer loop
      vertex   -9.009689e+00 0.000000e+00 4.338837e+00
      vertex   -1.328184e+01 0.000000e+00 6.970848e+00
      vertex   -9.555728e+00 0.000000e+00 2.947552e+00
    endloop
  endfacet
  facet normal 0.000000e+00 -1.000000e+00 0.000000e+00
    outer loop
      vertex   -9.555728e+00 0.000000e+00 2.947552e+00
      vertex   -1.328184e+01 0.000000e+00 6.970848e+00
      vertex   -1.402524e+01 0.000000e+00 5.319073e+00
    endloop
  endfacet
  facet normal 0.000000e+00 -1.000000e+00 0.000000e+00
    outer loop
      vertex   -9.555728e+00 0.000000e+00 2.947552e+00
      vertex   -1.402524e+01 0.000000e+00 5.319073e+00
      vertex   -1.456413e+01 0.000000e+00 3.589735e+00
    endloop
  endfacet
  facet normal -0.000000e+00 -1.000000e+00 0.000000e+00
    outer loop
      vertex   -9.555728e+00 0.000000e+00 2.947552e+00
      vertex   -1.456413e+01 0.000000e+00 3.589735e+00
      vertex   -9.888308e+00 0.000000e+00 1.490423e+00
    endloop
  endfacet
  facet normal 0.000000e+00 -1.000000e+00 0.000000e+00
    outer loop
      vertex   -9.888308e+00 0.000000e+00 1.490423e+00
      vertex   -1.456413e+01 0.000000e+00 3.589735e+00
      vertex   -1.489063e+01 0.000000e+00 1.808050e+00
    endloop
  endfacet
  facet normal -0.000000e+00 -1.000000e+00 0.000000e+00
    outer loop
      vertex   -9.888308e+00 0.000000e+00 1.490423e+00
      vertex   -1.489063e+01 0.000000e+00 1.808050e+00
      vertex   -1.000000e+01 0.000000e+00 4.777175e-12
    endloop
  endfacet
  facet normal -0.000000e+00 -1.000000e+00 0.000000e+00
    outer loop
      vertex   -1.000000e+01 0.000000e+00 4.777175e-12
      vertex   -1.489063e+01 0.000000e+00 1.808050e+00
      vertex   -1.500000e+01 0.000000e+00 0.000000e+00
    endloop
  endfacet
  facet normal 0.000000e+00 -1.000000e+00 -0.000000e+00
    outer loop
      vertex   -1.000000e+01 0.000000e+00 4.777175e-12
      vertex   -1.500000e+01 0.000000e+00 0.000000e+00
      vertex   -9.888308e+00 0.000000e+00 -1.490423e+00
    endloop
  endfacet
  facet normal -0.000000e+00 -1.000000e+00 -0.000000e+00
    outer loop
      vertex   -9.888308e+00 0.000000e+00 -1.490423e+00
      vertex   -1.500000e+01 0.000000e+00 0.000000e+00
      vertex   -9.555728e+00 0.000000e+00 -2.947552e+00
    endloop
  endfacet
  facet normal -0.000000e+00 -1.000000e+00 -0.000000e+00
    outer loop
      vertex   -9.555728e+00 0.000000e+00 -2.947552e+00
      vertex   -1.500000e+01 0.000000e+00 0.000000e+00
      vertex   -9.009689e+00 0.000000e+00 -4.338837e+00
    endloop
  endfacet
  facet normal -0.000000e+00 -1.000000e+00 0.000000e+00
    outer loop
      vertex   -9.009689e+00 0.000000e+00 -4.338837e+00
      vertex   -1.500000e+01 0.000000e+00 0.000000e+00
      vertex   -1.500000e+01 0.000000e+00 -2.500000e+01
    endloop
  endfacet
  facet normal 0.000000e+00 -1.000000e+00 -0.000000e+00
    outer loop
      vertex   -9.009689e+00 0.000000e+00 -4.338837e+00
      vertex   -1.500000e+01 0.000000e+00 -2.500000e+01
      vertex   -8.262388e+00 0.000000e+00 -5.633201e+00
    endloop
  endfacet
  facet normal 0.000000e+00 -1.000000e+00 -0.000000e+00
    outer loop
      vertex   -8.262388e+00 0.000000e+00 -5.633201e+00
      vertex   -1.500000e+01 0.000000e+00 -2.500000e+01
      vertex   -7.330519e+00 0.000000e+00 -6.801727e+00
    endloop
  endfacet
  facet normal 0.000000e+00 -1.000000e+00 -0.000000e+00
    outer loop
      vertex   -7.330519e+00 0.000000e+00 -6.801727e+00
      vertex   -1.500000e+01 0.000000e+00 -2.500000e+01
      vertex   -5.000000e+00 0.000000e+00 -1.414214e+01
    endloop
  endfacet
  facet normal 0.000000e+00 -1.000000e+00 0.000000e+00
    outer loop
      vertex   -7.330519e+00 0.000000e+00 -6.801727e+00
      vertex   -5.000000e+00 0.000000e+00 -1.414214e+01
      vertex   -6.234898e+00 0.000000e+00 -7.818315e+00
    endloop
  endfacet
  facet normal 0.000000e+00 -1.000000e+00 0.000000e+00
    outer loop
      vertex   -6.234898e+00 0.000000e+00 -7.818315e+00
      vertex   -5.000000e+00 0.000000e+00 -1.414214e+01
      vertex   -5.000000e+00 0.000000e+00 -8.660254e+00
    endloop
  endfacet
  facet normal 0.000000e+00 -1.000000e+00 0.000000e+00
    outer loop
      vertex   3.369371e+00 0.000000e+00 -1.461668e+01
      vertex   1.500000e+01 0.000000e+00 -2.500000e+01
      vertex   5.000000e+00 0.000000e+00 -1.414214e+01
    endloop
  endfacet
  facet normal 0.000000e+00 -1.000000e+00 0.000000e+00
    outer loop
      vertex   5.000000e+00 0.000000e+00 -1.414214e+01
      vertex   1.500000e+01 0.000000e+00 -2.500000e+01
      vertex   7.330519e+00 0.000000e+00 -6.801727e+00
    endloop
  endfacet
  facet normal 0.000000e+00 -1.000000e+00 0.000000e+00
    outer loop
      vertex   5.000000e+00 0.000000e+00 -1.414214e+01
      vertex   7.330519e+00 0.000000e+00 -6.801727e+00
      vertex   6.234898e+00 0.000000e+00 -7.818315e+00
    endloop
  endfacet
  facet normal 0.000000e+00 -1.000000e+00 -0.000000e+00
    outer loop
      vertex   3.369371e+00 0.000000e+00 -1.461668e+01
      vertex   1.695553e+00 0.000000e+00 -1.490386e+01
      vertex   1.500000e+01 0.000000e+00 -2.500000e+01
    endloop
  endfacet
  facet normal 0.000000e+00 -1.000000e+00 0.000000e+00
    outer loop
      vertex   1.500000e+01 0.000000e+00 -2.500000e+01
      vertex   1.695553e+00 0.000000e+00 -1.490386e+01
      vertex   -7.652959e-12 0.000000e+00 -1.500000e+01
    endloop
  endfacet
  facet normal -0.000000e+00 -1.000000e+00 0.000000e+00
    outer loop
      vertex   -3.369371e+00 0.000000e+00 -1.461668e+01
      vertex   -5.000000e+00 0.000000e+00 -1.414214e+01
      vertex   -1.500000e+01 0.000000e+00 -2.500000e+01
    endloop
  endfacet
  facet normal 0.000000e+00 -1.000000e+00 -0.000000e+00
    outer loop
      vertex   9.555728e+00 0.000000e+00 -2.947552e+00
      vertex   9.009689e+00 0.000000e+00 -4.338837e+00
      vertex   1.500000e+01 0.000000e+00 0.000000e+00
    endloop
  endfacet
  facet normal 0.000000e+00 -1.000000e+00 0.000000e+00
    outer loop
      vertex   6.234898e+00 0.000000e+00 -7.818315e+00
      vertex   5.000000e+00 0.000000e+00 -8.660254e+00
      vertex   5.000000e+00 0.000000e+00 -1.414214e+01
    endloop
  endfacet
endsolid
