solid ASCII
  facet normal -8.553436e-04 9.961943e-01 -8.715571e-02
    outer loop
      vertex   5.000000e+00 1.996962e+01 -3.334730e+01
      vertex   0.000000e+00 1.996157e+01 -3.339018e+01
      vertex   5.000000e+00 2.000000e+01 -3.300000e+01
    endloop
  endfacet
  facet normal 6.846320e-04 9.942908e-01 -1.067024e-01
    outer loop
      vertex   5.000000e+00 2.000000e+01 -3.300000e+01
      vertex   0.000000e+00 1.996157e+01 -3.339018e+01
      vertex   -5.000000e+00 1.996962e+01 -3.334730e+01
    endloop
  endfacet
  facet normal 0.000000e+00 9.961947e-01 -8.715574e-02
    outer loop
      vertex   5.000000e+00 2.000000e+01 -3.300000e+01
      vertex   -5.000000e+00 1.996962e+01 -3.334730e+01
      vertex   -5.000000e+00 2.000000e+01 -3.300000e+01
    endloop
  endfacet
  facet normal 6.656899e-04 9.659256e-01 -2.588190e-01
    outer loop
      vertex   5.000000e+00 1.996962e+01 -3.334730e+01
      vertex   5.000000e+00 1.987939e+01 -3.368404e+01
      vertex   0.000000e+00 1.996157e+01 -3.339018e+01
    endloop
  endfacet
  facet normal -1.331300e-03 9.569395e-01 -2.902844e-01
    outer loop
      vertex   0.000000e+00 1.996157e+01 -3.339018e+01
      vertex   5.000000e+00 1.987939e+01 -3.368404e+01
      vertex   0.000000e+00 1.984776e+01 -3.376537e+01
    endloop
  endfacet
  facet normal 1.331300e-03 9.569395e-01 -2.902844e-01
    outer loop
      vertex   0.000000e+00 1.996157e+01 -3.339018e+01
      vertex   0.000000e+00 1.984776e+01 -3.376537e+01
      vertex   -5.000000e+00 1.987939e+01 -3.368404e+01
    endloop
  endfacet
  facet normal -1.141409e-03 9.063072e-01 -4.226180e-01
    outer loop
      vertex   -5.000000e+00 1.987939e+01 -3.368404e+01
      vertex   0.000000e+00 1.984776e+01 -3.376537e+01
      vertex   -5.000000e+00 1.973205e+01 -3.400000e+01
    endloop
  endfacet
  facet normal 1.711942e-03 8.819200e-01 -4.713960e-01
    outer loop
      vertex   -5.000000e+00 1.973205e+01 -3.400000e+01
      vertex   0.000000e+00 1.984776e+01 -3.376537e+01
      vertex   0.000000e+00 1.966294e+01 -3.411114e+01
    endloop
  endfacet
  facet normal -1.426930e-03 8.191512e-01 -5.735759e-01
    outer loop
      vertex   -5.000000e+00 1.973205e+01 -3.400000e+01
      vertex   0.000000e+00 1.966294e+01 -3.411114e+01
      vertex   -5.000000e+00 1.953209e+01 -3.428558e+01
    endloop
  endfacet
  facet normal 1.902308e-03 7.730091e-01 -6.343921e-01
    outer loop
      vertex   -5.000000e+00 1.953209e+01 -3.428558e+01
      vertex   0.000000e+00 1.966294e+01 -3.411114e+01
      vertex   0.000000e+00 1.941421e+01 -3.441421e+01
    endloop
  endfacet
  facet normal -1.522119e-03 7.071060e-01 -7.071060e-01
    outer loop
      vertex   -5.000000e+00 1.953209e+01 -3.428558e+01
      vertex   0.000000e+00 1.941421e+01 -3.441421e+01
      vertex   -5.000000e+00 1.928558e+01 -3.453209e+01
    endloop
  endfacet
  facet normal 1.902308e-03 6.343921e-01 -7.730091e-01
    outer loop
      vertex   -5.000000e+00 1.928558e+01 -3.453209e+01
      vertex   0.000000e+00 1.941421e+01 -3.441421e+01
      vertex   0.000000e+00 1.911114e+01 -3.466294e+01
    endloop
  endfacet
  facet normal -1.426930e-03 5.735759e-01 -8.191512e-01
    outer loop
      vertex   -5.000000e+00 1.928558e+01 -3.453209e+01
      vertex   0.000000e+00 1.911114e+01 -3.466294e+01
      vertex   -5.000000e+00 1.900000e+01 -3.473205e+01
    endloop
  endfacet
  facet normal 1.711942e-03 4.713960e-01 -8.819200e-01
    outer loop
      vertex   -5.000000e+00 1.900000e+01 -3.473205e+01
      vertex   0.000000e+00 1.911114e+01 -3.466294e+01
      vertex   0.000000e+00 1.876537e+01 -3.484776e+01
    endloop
  endfacet
  facet normal -1.141409e-03 4.226180e-01 -9.063072e-01
    outer loop
      vertex   -5.000000e+00 1.900000e+01 -3.473205e+01
      vertex   0.000000e+00 1.876537e+01 -3.484776e+01
      vertex   -5.000000e+00 1.868404e+01 -3.487939e+01
    endloop
  endfacet
  facet normal 1.331300e-03 2.902844e-01 -9.569395e-01
    outer loop
      vertex   -5.000000e+00 1.868404e+01 -3.487939e+01
      vertex   0.000000e+00 1.876537e+01 -3.484776e+01
      vertex   0.000000e+00 1.839018e+01 -3.496157e+01
    endloop
  endfacet
  facet normal -6.656899e-04 2.588190e-01 -9.659256e-01
    outer loop
      vertex   -5.000000e+00 1.868404e+01 -3.487939e+01
      vertex   0.000000e+00 1.839018e+01 -3.496157e+01
      vertex   -5.000000e+00 1.834730e+01 -3.496962e+01
    endloop
  endfacet
  facet normal 8.553436e-04 8.715571e-02 -9.961943e-01
    outer loop
      vertex   -5.000000e+00 1.834730e+01 -3.496962e+01
      vertex   0.000000e+00 1.839018e+01 -3.496157e+01
      vertex   -5.000000e+00 1.800000e+01 -3.500000e+01
    endloop
  endfacet
  facet normal -6.846320e-04 1.067024e-01 -9.942908e-01
    outer loop
      vertex   -5.000000e+00 1.800000e+01 -3.500000e+01
      vertex   0.000000e+00 1.839018e+01 -3.496157e+01
      vertex   5.000000e+00 1.834730e+01 -3.496962e+01
    endloop
  endfacet
  facet normal 0.000000e+00 8.715574e-02 -9.961947e-01
    outer loop
      vertex   -5.000000e+00 1.800000e+01 -3.500000e+01
      vertex   5.000000e+00 1.834730e+01 -3.496962e+01
      vertex   5.000000e+00 1.800000e+01 -3.500000e+01
    endloop
  endfacet
  facet normal 1.141409e-03 9.063072e-01 -4.226180e-01
    outer loop
      vertex   5.000000e+00 1.987939e+01 -3.368404e+01
      vertex   5.000000e+00 1.973205e+01 -3.400000e+01
      vertex   0.000000e+00 1.984776e+01 -3.376537e+01
    endloop
  endfacet
  facet normal -1.711942e-03 8.819200e-01 -4.713960e-01
    outer loop
      vertex   0.000000e+00 1.984776e+01 -3.376537e+01
      vertex   5.000000e+00 1.973205e+01 -3.400000e+01
      vertex   0.000000e+00 1.966294e+01 -3.411114e+01
    endloop
  endfacet
  facet normal 1.426930e-03 8.191512e-01 -5.735759e-01
    outer loop
      vertex   5.000000e+00 1.973205e+01 -3.400000e+01
      vertex   5.000000e+00 1.953209e+01 -3.428558e+01
      vertex   0.000000e+00 1.966294e+01 -3.411114e+01
    endloop
  endfacet
  facet normal -1.902308e-03 7.730091e-01 -6.343921e-01
    outer loop
      vertex   0.000000e+00 1.966294e+01 -3.411114e+01
      vertex   5.000000e+00 1.953209e+01 -3.428558e+01
      vertex   0.000000e+00 1.941421e+01 -3.441421e+01
    endloop
  endfacet
  facet normal 1.522119e-03 7.071060e-01 -7.071060e-01
    outer loop
      vertex   5.000000e+00 1.953209e+01 -3.428558e+01
      vertex   5.000000e+00 1.928558e+01 -3.453209e+01
      vertex   0.000000e+00 1.941421e+01 -3.441421e+01
    endloop
  endfacet
  facet normal -1.902308e-03 6.343921e-01 -7.730091e-01
    outer loop
      vertex   0.000000e+00 1.941421e+01 -3.441421e+01
      vertex   5.000000e+00 1.928558e+01 -3.453209e+01
      vertex   0.000000e+00 1.911114e+01 -3.466294e+01
    endloop
  endfacet
  facet normal 1.426930e-03 5.735759e-01 -8.191512e-01
    outer loop
      vertex   5.000000e+00 1.928558e+01 -3.453209e+01
      vertex   5.000000e+00 1.900000e+01 -3.473205e+01
      vertex   0.000000e+00 1.911114e+01 -3.466294e+01
    endloop
  endfacet
  facet normal -1.711942e-03 4.713960e-01 -8.819200e-01
    outer loop
      vertex   0.000000e+00 1.911114e+01 -3.466294e+01
      vertex   5.000000e+00 1.900000e+01 -3.473205e+01
      vertex   0.000000e+00 1.876537e+01 -3.484776e+01
    endloop
  endfacet
  facet normal 1.141409e-03 4.226180e-01 -9.063072e-01
    outer loop
      vertex   5.000000e+00 1.900000e+01 -3.473205e+01
      vertex   5.000000e+00 1.868404e+01 -3.487939e+01
      vertex   0.000000e+00 1.876537e+01 -3.484776e+01
    endloop
  endfacet
  facet normal -1.331300e-03 2.902844e-01 -9.569395e-01
    outer loop
      vertex   0.000000e+00 1.876537e+01 -3.484776e+01
      vertex   5.000000e+00 1.868404e+01 -3.487939e+01
      vertex   0.000000e+00 1.839018e+01 -3.496157e+01
    endloop
  endfacet
  facet normal 6.656899e-04 2.588190e-01 -9.659256e-01
    outer loop
      vertex   5.000000e+00 1.868404e+01 -3.487939e+01
      vertex   5.000000e+00 1.834730e+01 -3.496962e+01
      vertex   0.000000e+00 1.839018e+01 -3.496157e+01
    endloop
  endfacet
  facet normal -6.656899e-04 9.659256e-01 -2.588190e-01
    outer loop
      vertex   -5.000000e+00 1.987939e+01 -3.368404e+01
      vertex   -5.000000e+00 1.996962e+01 -3.334730e+01
      vertex   0.000000e+00 1.996157e+01 -3.339018e+01
    endloop
  endfacet
  facet normal -1.000000e+00 -0.000000e+00 0.000000e+00
    outer loop
      vertex   -5.000000e+00 1.996962e+01 -3.334730e+01
      vertex   -5.000000e+00 1.800000e+01 -3.500000e+01
      vertex   -5.000000e+00 2.000000e+01 -3.300000e+01
    endloop
  endfacet
  facet normal -1.000000e+00 -0.000000e+00 0.000000e+00
    outer loop
      vertex   -5.000000e+00 2.000000e+01 -3.300000e+01
      vertex   -5.000000e+00 1.800000e+01 -3.500000e+01
      vertex   -5.000000e+00 0.000000e+00 -3.000000e+01
    endloop
  endfacet
  facet normal -1.000000e+00 0.000000e+00 0.000000e+00
    outer loop
      vertex   -5.000000e+00 2.000000e+01 -3.300000e+01
      vertex   -5.000000e+00 0.000000e+00 -3.000000e+01
      vertex   -5.000000e+00 2.000000e+01 -3.000000e+01
    endloop
  endfacet
  facet normal -1.000000e+00 0.000000e+00 0.000000e+00
    outer loop
      vertex   -5.000000e+00 1.996962e+01 -3.334730e+01
      vertex   -5.000000e+00 1.987939e+01 -3.368404e+01
      vertex   -5.000000e+00 1.800000e+01 -3.500000e+01
    endloop
  endfacet
  facet normal -1.000000e+00 0.000000e+00 0.000000e+00
    outer loop
      vertex   -5.000000e+00 1.800000e+01 -3.500000e+01
      vertex   -5.000000e+00 1.987939e+01 -3.368404e+01
      vertex   -5.000000e+00 1.973205e+01 -3.400000e+01
    endloop
  endfacet
  facet normal -1.000000e+00 0.000000e+00 0.000000e+00
    outer loop
      vertex   -5.000000e+00 1.800000e+01 -3.500000e+01
      vertex   -5.000000e+00 1.973205e+01 -3.400000e+01
      vertex   -5.000000e+00 1.953209e+01 -3.428558e+01
    endloop
  endfacet
  facet normal -1.000000e+00 0.000000e+00 0.000000e+00
    outer loop
      vertex   -5.000000e+00 1.953209e+01 -3.428558e+01
      vertex   -5.000000e+00 1.928558e+01 -3.453209e+01
      vertex   -5.000000e+00 1.800000e+01 -3.500000e+01
    endloop
  endfacet
  facet normal -1.000000e+00 0.000000e+00 0.000000e+00
    outer loop
      vertex   -5.000000e+00 1.800000e+01 -3.500000e+01
      vertex   -5.000000e+00 1.928558e+01 -3.453209e+01
      vertex   -5.000000e+00 1.900000e+01 -3.473205e+01
    endloop
  endfacet
  facet normal -1.000000e+00 0.000000e+00 0.000000e+00
    outer loop
      vertex   -5.000000e+00 1.800000e+01 -3.500000e+01
      vertex   -5.000000e+00 1.900000e+01 -3.473205e+01
      vertex   -5.000000e+00 1.868404e+01 -3.487939e+01
    endloop
  endfacet
  facet normal -1.000000e+00 0.000000e+00 0.000000e+00
    outer loop
      vertex   -5.000000e+00 1.868404e+01 -3.487939e+01
      vertex   -5.000000e+00 1.834730e+01 -3.496962e+01
      vertex   -5.000000e+00 1.800000e+01 -3.500000e+01
    endloop
  endfacet
  facet normal -1.000000e+00 0.000000e+00 0.000000e+00
    outer loop
      vertex   -5.000000e+00 1.800000e+01 -3.500000e+01
      vertex   -5.000000e+00 -1.909830e+00 -3.500000e+01
      vertex   -5.000000e+00 0.000000e+00 -3.000000e+01
    endloop
  endfacet
  facet normal -1.000000e+00 0.000000e+00 0.000000e+00
    outer loop
      vertex   -5.000000e+00 0.000000e+00 -3.000000e+01
      vertex   -5.000000e+00 -1.909830e+00 -3.500000e+01
      vertex   -5.000000e+00 -5.274245e+00 -3.369874e+01
    endloop
  endfacet
  facet normal -1.000000e+00 0.000000e+00 0.000000e+00
    outer loop
      vertex   -5.000000e+00 0.000000e+00 -3.000000e+01
      vertex   -5.000000e+00 -5.274245e+00 -3.369874e+01
      vertex   -5.000000e+00 -5.702680e+00 -3.325796e+01
    endloop
  endfacet
  facet normal -1.000000e+00 0.000000e+00 0.000000e+00
    outer loop
      vertex   -5.000000e+00 -2.523363e+00 -3.496222e+01
      vertex   -5.000000e+00 -3.127622e+00 -3.484943e+01
      vertex   -5.000000e+00 -1.909830e+00 -3.500000e+01
    endloop
  endfacet
  facet normal -1.000000e+00 0.000000e+00 0.000000e+00
    outer loop
      vertex   -5.000000e+00 -1.909830e+00 -3.500000e+01
      vertex   -5.000000e+00 -3.127622e+00 -3.484943e+01
      vertex   -5.000000e+00 -3.713476e+00 -3.466335e+01
    endloop
  endfacet
  facet normal -1.000000e+00 0.000000e+00 0.000000e+00
    outer loop
      vertex   -5.000000e+00 -1.909830e+00 -3.500000e+01
      vertex   -5.000000e+00 -3.713476e+00 -3.466335e+01
      vertex   -5.000000e+00 -4.272069e+00 -3.440679e+01
    endloop
  endfacet
  facet normal -1.000000e+00 0.000000e+00 0.000000e+00
    outer loop
      vertex   -5.000000e+00 -4.272069e+00 -3.440679e+01
      vertex   -5.000000e+00 -4.794960e+00 -3.408363e+01
      vertex   -5.000000e+00 -1.909830e+00 -3.500000e+01
    endloop
  endfacet
  facet normal -1.000000e+00 0.000000e+00 0.000000e+00
    outer loop
      vertex   -5.000000e+00 -1.909830e+00 -3.500000e+01
      vertex   -5.000000e+00 -4.794960e+00 -3.408363e+01
      vertex   -5.000000e+00 -5.274245e+00 -3.369874e+01
    endloop
  endfacet
  facet normal -1.000000e+00 0.000000e+00 0.000000e+00
    outer loop
      vertex   -5.000000e+00 -5.702680e+00 -3.325796e+01
      vertex   -5.000000e+00 -6.073790e+00 -3.276793e+01
      vertex   -5.000000e+00 0.000000e+00 -3.000000e+01
    endloop
  endfacet
  facet normal -1.000000e+00 0.000000e+00 0.000000e+00
    outer loop
      vertex   -5.000000e+00 0.000000e+00 -3.000000e+01
      vertex   -5.000000e+00 -6.073790e+00 -3.276793e+01
      vertex   -5.000000e+00 -6.381966e+00 -3.223607e+01
    endloop
  endfacet
  facet normal -1.000000e+00 -0.000000e+00 0.000000e+00
    outer loop
      vertex   -5.000000e+00 0.000000e+00 -3.000000e+01
      vertex   -5.000000e+00 -6.381966e+00 -3.223607e+01
      vertex   -5.000000e+00 -1.000000e+01 -2.500000e+01
    endloop
  endfacet
  facet normal -1.000000e+00 0.000000e+00 0.000000e+00
    outer loop
      vertex   -5.000000e+00 -1.000000e+01 -2.500000e+01
      vertex   -5.000000e+00 0.000000e+00 -2.500000e+01
      vertex   -5.000000e+00 0.000000e+00 -3.000000e+01
    endloop
  endfacet
  facet normal -0.000000e+00 0.000000e+00 -1.000000e+00
    outer loop
      vertex   5.000000e+00 1.800000e+01 -3.500000e+01
      vertex   8.863605e-02 1.474775e+01 -3.500000e+01
      vertex   -5.000000e+00 1.800000e+01 -3.500000e+01
    endloop
  endfacet
  facet normal 0.000000e+00 0.000000e+00 -1.000000e+00
    outer loop
      vertex   -5.000000e+00 1.800000e+01 -3.500000e+01
      vertex   8.863605e-02 1.474775e+01 -3.500000e+01
      vertex   -2.649986e-01 1.472982e+01 -3.500000e+01
    endloop
  endfacet
  facet normal 0.000000e+00 0.000000e+00 -1.000000e+00
    outer loop
      vertex   -5.000000e+00 1.800000e+01 -3.500000e+01
      vertex   -2.649986e-01 1.472982e+01 -3.500000e+01
      vertex   -6.077842e-01 1.464107e+01 -3.500000e+01
    endloop
  endfacet
  facet normal 0.000000e+00 0.000000e+00 -1.000000e+00
    outer loop
      vertex   5.000000e+00 -1.909830e+00 -3.500000e+01
      vertex   1.669744e+00 1.247611e+01 -3.500000e+01
      vertex   5.000000e+00 1.800000e+01 -3.500000e+01
    endloop
  endfacet
  facet normal 0.000000e+00 0.000000e+00 -1.000000e+00
    outer loop
      vertex   5.000000e+00 1.800000e+01 -3.500000e+01
      vertex   1.669744e+00 1.247611e+01 -3.500000e+01
      vertex   1.741021e+00 1.282296e+01 -3.500000e+01
    endloop
  endfacet
  facet normal 0.000000e+00 0.000000e+00 -1.000000e+00
    outer loop
      vertex   5.000000e+00 1.800000e+01 -3.500000e+01
      vertex   1.741021e+00 1.282296e+01 -3.500000e+01
      vertex   1.741021e+00 1.317704e+01 -3.500000e+01
    endloop
  endfacet
  facet normal 0.000000e+00 0.000000e+00 -1.000000e+00
    outer loop
      vertex   -5.000000e+00 -1.909830e+00 -3.500000e+01
      vertex   8.863605e-02 1.125225e+01 -3.500000e+01
      vertex   5.000000e+00 -1.909830e+00 -3.500000e+01
    endloop
  endfacet
  facet normal 0.000000e+00 0.000000e+00 -1.000000e+00
    outer loop
      vertex   5.000000e+00 -1.909830e+00 -3.500000e+01
      vertex   8.863605e-02 1.125225e+01 -3.500000e+01
      vertex   4.386419e-01 1.130587e+01 -3.500000e+01
    endloop
  endfacet
  facet normal 0.000000e+00 0.000000e+00 -1.000000e+00
    outer loop
      vertex   5.000000e+00 -1.909830e+00 -3.500000e+01
      vertex   4.386419e-01 1.130587e+01 -3.500000e+01
      vertex   7.706898e-01 1.142884e+01 -3.500000e+01
    endloop
  endfacet
  facet normal 0.000000e+00 0.000000e+00 -1.000000e+00
    outer loop
      vertex   -5.000000e+00 1.800000e+01 -3.500000e+01
      vertex   -1.714177e+00 1.264773e+01 -3.500000e+01
      vertex   -5.000000e+00 -1.909830e+00 -3.500000e+01
    endloop
  endfacet
  facet normal 0.000000e+00 0.000000e+00 -1.000000e+00
    outer loop
      vertex   -5.000000e+00 -1.909830e+00 -3.500000e+01
      vertex   -1.714177e+00 1.264773e+01 -3.500000e+01
      vertex   -1.608176e+00 1.230988e+01 -3.500000e+01
    endloop
  endfacet
  facet normal 0.000000e+00 0.000000e+00 -1.000000e+00
    outer loop
      vertex   -5.000000e+00 -1.909830e+00 -3.500000e+01
      vertex   -1.608176e+00 1.230988e+01 -3.500000e+01
      vertex   -1.436336e+00 1.200028e+01 -3.500000e+01
    endloop
  endfacet
  facet normal -0.000000e+00 0.000000e+00 -1.000000e+00
    outer loop
      vertex   -1.714177e+00 1.335227e+01 -3.500000e+01
      vertex   -1.750000e+00 1.300000e+01 -3.500000e+01
      vertex   -5.000000e+00 1.800000e+01 -3.500000e+01
    endloop
  endfacet
  facet normal 0.000000e+00 0.000000e+00 -1.000000e+00
    outer loop
      vertex   -5.000000e+00 1.800000e+01 -3.500000e+01
      vertex   -1.750000e+00 1.300000e+01 -3.500000e+01
      vertex   -1.714177e+00 1.264773e+01 -3.500000e+01
    endloop
  endfacet
  facet normal 0.000000e+00 -0.000000e+00 -1.000000e+00
    outer loop
      vertex   -1.436336e+00 1.200028e+01 -3.500000e+01
      vertex   -1.205692e+00 1.173161e+01 -3.500000e+01
      vertex   -5.000000e+00 -1.909830e+00 -3.500000e+01
    endloop
  endfacet
  facet normal 0.000000e+00 0.000000e+00 -1.000000e+00
    outer loop
      vertex   -5.000000e+00 -1.909830e+00 -3.500000e+01
      vertex   -1.205692e+00 1.173161e+01 -3.500000e+01
      vertex   -9.256870e-01 1.151487e+01 -3.500000e+01
    endloop
  endfacet
  facet normal 0.000000e+00 0.000000e+00 -1.000000e+00
    outer loop
      vertex   -5.000000e+00 -1.909830e+00 -3.500000e+01
      vertex   -9.256870e-01 1.151487e+01 -3.500000e+01
      vertex   -6.077842e-01 1.135893e+01 -3.500000e+01
    endloop
  endfacet
  facet normal 0.000000e+00 -0.000000e+00 -1.000000e+00
    outer loop
      vertex   -6.077842e-01 1.135893e+01 -3.500000e+01
      vertex   -2.649986e-01 1.127018e+01 -3.500000e+01
      vertex   -5.000000e+00 -1.909830e+00 -3.500000e+01
    endloop
  endfacet
  facet normal 0.000000e+00 0.000000e+00 -1.000000e+00
    outer loop
      vertex   -5.000000e+00 -1.909830e+00 -3.500000e+01
      vertex   -2.649986e-01 1.127018e+01 -3.500000e+01
      vertex   8.863605e-02 1.125225e+01 -3.500000e+01
    endloop
  endfacet
  facet normal 0.000000e+00 0.000000e+00 -1.000000e+00
    outer loop
      vertex   7.706898e-01 1.142884e+01 -3.500000e+01
      vertex   1.071185e+00 1.161614e+01 -3.500000e+01
      vertex   5.000000e+00 -1.909830e+00 -3.500000e+01
    endloop
  endfacet
  facet normal 0.000000e+00 0.000000e+00 -1.000000e+00
    outer loop
      vertex   5.000000e+00 -1.909830e+00 -3.500000e+01
      vertex   1.071185e+00 1.161614e+01 -3.500000e+01
      vertex   1.327827e+00 1.186010e+01 -3.500000e+01
    endloop
  endfacet
  facet normal 0.000000e+00 0.000000e+00 -1.000000e+00
    outer loop
      vertex   5.000000e+00 -1.909830e+00 -3.500000e+01
      vertex   1.327827e+00 1.186010e+01 -3.500000e+01
      vertex   1.530107e+00 1.215072e+01 -3.500000e+01
    endloop
  endfacet
  facet normal 0.000000e+00 0.000000e+00 -1.000000e+00
    outer loop
      vertex   1.530107e+00 1.215072e+01 -3.500000e+01
      vertex   1.669744e+00 1.247611e+01 -3.500000e+01
      vertex   5.000000e+00 -1.909830e+00 -3.500000e+01
    endloop
  endfacet
  facet normal 0.000000e+00 0.000000e+00 -1.000000e+00
    outer loop
      vertex   1.741021e+00 1.317704e+01 -3.500000e+01
      vertex   1.669744e+00 1.352389e+01 -3.500000e+01
      vertex   5.000000e+00 1.800000e+01 -3.500000e+01
    endloop
  endfacet
  facet normal 0.000000e+00 0.000000e+00 -1.000000e+00
    outer loop
      vertex   5.000000e+00 1.800000e+01 -3.500000e+01
      vertex   1.669744e+00 1.352389e+01 -3.500000e+01
      vertex   1.530107e+00 1.384928e+01 -3.500000e+01
    endloop
  endfacet
  facet normal 0.000000e+00 0.000000e+00 -1.000000e+00
    outer loop
      vertex   5.000000e+00 1.800000e+01 -3.500000e+01
      vertex   1.530107e+00 1.384928e+01 -3.500000e+01
      vertex   1.327827e+00 1.413990e+01 -3.500000e+01
    endloop
  endfacet
  facet normal 0.000000e+00 0.000000e+00 -1.000000e+00
    outer loop
      vertex   1.327827e+00 1.413990e+01 -3.500000e+01
      vertex   1.071185e+00 1.438386e+01 -3.500000e+01
      vertex   5.000000e+00 1.800000e+01 -3.500000e+01
    endloop
  endfacet
  facet normal 0.000000e+00 0.000000e+00 -1.000000e+00
    outer loop
      vertex   5.000000e+00 1.800000e+01 -3.500000e+01
      vertex   1.071185e+00 1.438386e+01 -3.500000e+01
      vertex   7.706898e-01 1.457116e+01 -3.500000e+01
    endloop
  endfacet
  facet normal 0.000000e+00 0.000000e+00 -1.000000e+00
    outer loop
      vertex   5.000000e+00 1.800000e+01 -3.500000e+01
      vertex   7.706898e-01 1.457116e+01 -3.500000e+01
      vertex   4.386419e-01 1.469414e+01 -3.500000e+01
    endloop
  endfacet
  facet normal 0.000000e+00 0.000000e+00 -1.000000e+00
    outer loop
      vertex   4.386419e-01 1.469414e+01 -3.500000e+01
      vertex   8.863605e-02 1.474775e+01 -3.500000e+01
      vertex   5.000000e+00 1.800000e+01 -3.500000e+01
    endloop
  endfacet
  facet normal -0.000000e+00 0.000000e+00 -1.000000e+00
    outer loop
      vertex   -6.077842e-01 1.464107e+01 -3.500000e+01
      vertex   -9.256870e-01 1.448513e+01 -3.500000e+01
      vertex   -5.000000e+00 1.800000e+01 -3.500000e+01
    endloop
  endfacet
  facet normal 0.000000e+00 0.000000e+00 -1.000000e+00
    outer loop
      vertex   -5.000000e+00 1.800000e+01 -3.500000e+01
      vertex   -9.256870e-01 1.448513e+01 -3.500000e+01
      vertex   -1.205692e+00 1.426839e+01 -3.500000e+01
    endloop
  endfacet
  facet normal 0.000000e+00 0.000000e+00 -1.000000e+00
    outer loop
      vertex   -5.000000e+00 1.800000e+01 -3.500000e+01
      vertex   -1.205692e+00 1.426839e+01 -3.500000e+01
      vertex   -1.436336e+00 1.399972e+01 -3.500000e+01
    endloop
  endfacet
  facet normal -0.000000e+00 0.000000e+00 -1.000000e+00
    outer loop
      vertex   -1.436336e+00 1.399972e+01 -3.500000e+01
      vertex   -1.608176e+00 1.369012e+01 -3.500000e+01
      vertex   -5.000000e+00 1.800000e+01 -3.500000e+01
    endloop
  endfacet
  facet normal 0.000000e+00 0.000000e+00 -1.000000e+00
    outer loop
      vertex   -5.000000e+00 1.800000e+01 -3.500000e+01
      vertex   -1.608176e+00 1.369012e+01 -3.500000e+01
      vertex   -1.714177e+00 1.335227e+01 -3.500000e+01
    endloop
  endfacet
  facet normal 9.948677e-01 1.011682e-01 -1.795734e-03
    outer loop
      vertex   -1.714177e+00 1.264773e+01 -2.000000e+01
      vertex   -1.741021e+00 1.282296e+01 -2.500000e+01
      vertex   -1.750000e+00 1.300000e+01 -2.000000e+01
    endloop
  endfacet
  facet normal 9.999984e-01 0.000000e+00 1.795734e-03
    outer loop
      vertex   -1.750000e+00 1.300000e+01 -2.000000e+01
      vertex   -1.741021e+00 1.282296e+01 -2.500000e+01
      vertex   -1.741021e+00 1.317704e+01 -2.500000e+01
    endloop
  endfacet
  facet normal 9.948677e-01 -1.011682e-01 -1.795734e-03
    outer loop
      vertex   -1.750000e+00 1.300000e+01 -2.000000e+01
      vertex   -1.741021e+00 1.317704e+01 -2.500000e+01
      vertex   -1.714177e+00 1.335227e+01 -2.000000e+01
    endloop
  endfacet
  facet normal 9.795284e-01 -2.012982e-01 1.795734e-03
    outer loop
      vertex   -1.714177e+00 1.335227e+01 -2.000000e+01
      vertex   -1.741021e+00 1.317704e+01 -2.500000e+01
      vertex   -1.669744e+00 1.352389e+01 -2.500000e+01
    endloop
  endfacet
  facet normal 9.541377e-01 -2.993626e-01 -1.795734e-03
    outer loop
      vertex   -1.714177e+00 1.335227e+01 -2.000000e+01
      vertex   -1.669744e+00 1.352389e+01 -2.500000e+01
      vertex   -1.608176e+00 1.369012e+01 -2.000000e+01
    endloop
  endfacet
  facet normal 9.189563e-01 -3.943552e-01 1.795734e-03
    outer loop
      vertex   -1.608176e+00 1.369012e+01 -2.000000e+01
      vertex   -1.669744e+00 1.352389e+01 -2.500000e+01
      vertex   -1.530107e+00 1.384928e+01 -2.500000e+01
    endloop
  endfacet
  facet normal 8.743452e-01 -4.853012e-01 -1.795734e-03
    outer loop
      vertex   -1.608176e+00 1.369012e+01 -2.000000e+01
      vertex   -1.530107e+00 1.384928e+01 -2.500000e+01
      vertex   -1.436336e+00 1.399972e+01 -2.000000e+01
    endloop
  endfacet
  facet normal 8.207621e-01 -5.712673e-01 1.795734e-03
    outer loop
      vertex   -1.436336e+00 1.399972e+01 -2.000000e+01
      vertex   -1.530107e+00 1.384928e+01 -2.500000e+01
      vertex   -1.327827e+00 1.413990e+01 -2.500000e+01
    endloop
  endfacet
  facet normal 7.587569e-01 -6.513714e-01 -1.795734e-03
    outer loop
      vertex   -1.436336e+00 1.399972e+01 -2.000000e+01
      vertex   -1.327827e+00 1.413990e+01 -2.500000e+01
      vertex   -1.205692e+00 1.426839e+01 -2.000000e+01
    endloop
  endfacet
  facet normal 6.889658e-01 -7.247916e-01 1.795734e-03
    outer loop
      vertex   -1.205692e+00 1.426839e+01 -2.000000e+01
      vertex   -1.327827e+00 1.413990e+01 -2.500000e+01
      vertex   -1.071185e+00 1.438386e+01 -2.500000e+01
    endloop
  endfacet
  facet normal 6.121050e-01 -7.907745e-01 -1.795734e-03
    outer loop
      vertex   -1.205692e+00 1.426839e+01 -2.000000e+01
      vertex   -1.071185e+00 1.438386e+01 -2.500000e+01
      vertex   -9.256870e-01 1.448513e+01 -2.000000e+01
    endloop
  endfacet
  facet normal 5.289632e-01 -8.486429e-01 1.795734e-03
    outer loop
      vertex   -9.256870e-01 1.448513e+01 -2.000000e+01
      vertex   -1.071185e+00 1.438386e+01 -2.500000e+01
      vertex   -7.706898e-01 1.457116e+01 -2.500000e+01
    endloop
  endfacet
  facet normal 4.403934e-01 -8.978031e-01 -1.795734e-03
    outer loop
      vertex   -9.256870e-01 1.448513e+01 -2.000000e+01
      vertex   -7.706898e-01 1.457116e+01 -2.500000e+01
      vertex   -6.077842e-01 1.464107e+01 -2.000000e+01
    endloop
  endfacet
  facet normal 3.473047e-01 -9.377506e-01 1.795734e-03
    outer loop
      vertex   -6.077842e-01 1.464107e+01 -2.000000e+01
      vertex   -7.706898e-01 1.457116e+01 -2.500000e+01
      vertex   -4.386419e-01 1.469414e+01 -2.500000e+01
    endloop
  endfacet
  facet normal 2.506521e-01 -9.680756e-01 -1.795734e-03
    outer loop
      vertex   -6.077842e-01 1.464107e+01 -2.000000e+01
      vertex   -4.386419e-01 1.469414e+01 -2.500000e+01
      vertex   -2.649986e-01 1.472982e+01 -2.000000e+01
    endloop
  endfacet
  facet normal 1.514275e-01 -9.884667e-01 1.795734e-03
    outer loop
      vertex   -2.649986e-01 1.472982e+01 -2.000000e+01
      vertex   -4.386419e-01 1.469414e+01 -2.500000e+01
      vertex   -8.863605e-02 1.474775e+01 -2.500000e+01
    endloop
  endfacet
  facet normal 5.064909e-02 -9.987149e-01 -1.795734e-03
    outer loop
      vertex   -2.649986e-01 1.472982e+01 -2.000000e+01
      vertex   -8.863605e-02 1.474775e+01 -2.500000e+01
      vertex   8.863605e-02 1.474775e+01 -2.000000e+01
    endloop
  endfacet
  facet normal -5.064909e-02 -9.987149e-01 1.795734e-03
    outer loop
      vertex   8.863605e-02 1.474775e+01 -2.000000e+01
      vertex   -8.863605e-02 1.474775e+01 -2.500000e+01
      vertex   2.649986e-01 1.472982e+01 -2.500000e+01
    endloop
  endfacet
  facet normal -1.514275e-01 -9.884667e-01 -1.795734e-03
    outer loop
      vertex   8.863605e-02 1.474775e+01 -2.000000e+01
      vertex   2.649986e-01 1.472982e+01 -2.500000e+01
      vertex   4.386419e-01 1.469414e+01 -2.000000e+01
    endloop
  endfacet
  facet normal -2.506521e-01 -9.680756e-01 1.795734e-03
    outer loop
      vertex   4.386419e-01 1.469414e+01 -2.000000e+01
      vertex   2.649986e-01 1.472982e+01 -2.500000e+01
      vertex   6.077842e-01 1.464107e+01 -2.500000e+01
    endloop
  endfacet
  facet normal -3.473047e-01 -9.377506e-01 -1.795734e-03
    outer loop
      vertex   4.386419e-01 1.469414e+01 -2.000000e+01
      vertex   6.077842e-01 1.464107e+01 -2.500000e+01
      vertex   7.706898e-01 1.457116e+01 -2.000000e+01
    endloop
  endfacet
  facet normal -4.403934e-01 -8.978031e-01 1.795734e-03
    outer loop
      vertex   7.706898e-01 1.457116e+01 -2.000000e+01
      vertex   6.077842e-01 1.464107e+01 -2.500000e+01
      vertex   9.256870e-01 1.448513e+01 -2.500000e+01
    endloop
  endfacet
  facet normal -5.289632e-01 -8.486429e-01 -1.795734e-03
    outer loop
      vertex   7.706898e-01 1.457116e+01 -2.000000e+01
      vertex   9.256870e-01 1.448513e+01 -2.500000e+01
      vertex   1.071185e+00 1.438386e+01 -2.000000e+01
    endloop
  endfacet
  facet normal -6.121050e-01 -7.907745e-01 1.795734e-03
    outer loop
      vertex   1.071185e+00 1.438386e+01 -2.000000e+01
      vertex   9.256870e-01 1.448513e+01 -2.500000e+01
      vertex   1.205692e+00 1.426839e+01 -2.500000e+01
    endloop
  endfacet
  facet normal -6.889658e-01 -7.247916e-01 -1.795734e-03
    outer loop
      vertex   1.071185e+00 1.438386e+01 -2.000000e+01
      vertex   1.205692e+00 1.426839e+01 -2.500000e+01
      vertex   1.327827e+00 1.413990e+01 -2.000000e+01
    endloop
  endfacet
  facet normal -7.587569e-01 -6.513714e-01 1.795734e-03
    outer loop
      vertex   1.327827e+00 1.413990e+01 -2.000000e+01
      vertex   1.205692e+00 1.426839e+01 -2.500000e+01
      vertex   1.436336e+00 1.399972e+01 -2.500000e+01
    endloop
  endfacet
  facet normal -8.207621e-01 -5.712673e-01 -1.795734e-03
    outer loop
      vertex   1.327827e+00 1.413990e+01 -2.000000e+01
      vertex   1.436336e+00 1.399972e+01 -2.500000e+01
      vertex   1.530107e+00 1.384928e+01 -2.000000e+01
    endloop
  endfacet
  facet normal -8.743452e-01 -4.853012e-01 1.795734e-03
    outer loop
      vertex   1.530107e+00 1.384928e+01 -2.000000e+01
      vertex   1.436336e+00 1.399972e+01 -2.500000e+01
      vertex   1.608176e+00 1.369012e+01 -2.500000e+01
    endloop
  endfacet
  facet normal -9.189563e-01 -3.943552e-01 -1.795734e-03
    outer loop
      vertex   1.530107e+00 1.384928e+01 -2.000000e+01
      vertex   1.608176e+00 1.369012e+01 -2.500000e+01
      vertex   1.669744e+00 1.352389e+01 -2.000000e+01
    endloop
  endfacet
  facet normal -9.541377e-01 -2.993626e-01 1.795734e-03
    outer loop
      vertex   1.669744e+00 1.352389e+01 -2.000000e+01
      vertex   1.608176e+00 1.369012e+01 -2.500000e+01
      vertex   1.714177e+00 1.335227e+01 -2.500000e+01
    endloop
  endfacet
  facet normal -9.795284e-01 -2.012982e-01 -1.795734e-03
    outer loop
      vertex   1.669744e+00 1.352389e+01 -2.000000e+01
      vertex   1.714177e+00 1.335227e+01 -2.500000e+01
      vertex   1.741021e+00 1.317704e+01 -2.000000e+01
    endloop
  endfacet
  facet normal -9.948677e-01 -1.011682e-01 1.795734e-03
    outer loop
      vertex   1.741021e+00 1.317704e+01 -2.000000e+01
      vertex   1.714177e+00 1.335227e+01 -2.500000e+01
      vertex   1.750000e+00 1.300000e+01 -2.500000e+01
    endloop
  endfacet
  facet normal -9.999984e-01 -0.000000e+00 -1.795734e-03
    outer loop
      vertex   1.741021e+00 1.317704e+01 -2.000000e+01
      vertex   1.750000e+00 1.300000e+01 -2.500000e+01
      vertex   1.741021e+00 1.282296e+01 -2.000000e+01
    endloop
  endfacet
  facet normal -9.948677e-01 1.011682e-01 1.795734e-03
    outer loop
      vertex   1.741021e+00 1.282296e+01 -2.000000e+01
      vertex   1.750000e+00 1.300000e+01 -2.500000e+01
      vertex   1.714177e+00 1.264773e+01 -2.500000e+01
    endloop
  endfacet
  facet normal -9.795284e-01 2.012982e-01 -1.795734e-03
    outer loop
      vertex   1.741021e+00 1.282296e+01 -2.000000e+01
      vertex   1.714177e+00 1.264773e+01 -2.500000e+01
      vertex   1.669744e+00 1.247611e+01 -2.000000e+01
    endloop
  endfacet
  facet normal -9.541377e-01 2.993626e-01 1.795734e-03
    outer loop
      vertex   1.669744e+00 1.247611e+01 -2.000000e+01
      vertex   1.714177e+00 1.264773e+01 -2.500000e+01
      vertex   1.608176e+00 1.230988e+01 -2.500000e+01
    endloop
  endfacet
  facet normal -9.189563e-01 3.943552e-01 -1.795734e-03
    outer loop
      vertex   1.669744e+00 1.247611e+01 -2.000000e+01
      vertex   1.608176e+00 1.230988e+01 -2.500000e+01
      vertex   1.530107e+00 1.215072e+01 -2.000000e+01
    endloop
  endfacet
  facet normal -8.743452e-01 4.853012e-01 1.795734e-03
    outer loop
      vertex   1.530107e+00 1.215072e+01 -2.000000e+01
      vertex   1.608176e+00 1.230988e+01 -2.500000e+01
      vertex   1.436336e+00 1.200028e+01 -2.500000e+01
    endloop
  endfacet
  facet normal -8.207621e-01 5.712673e-01 -1.795734e-03
    outer loop
      vertex   1.530107e+00 1.215072e+01 -2.000000e+01
      vertex   1.436336e+00 1.200028e+01 -2.500000e+01
      vertex   1.327827e+00 1.186010e+01 -2.000000e+01
    endloop
  endfacet
  facet normal -7.587569e-01 6.513714e-01 1.795734e-03
    outer loop
      vertex   1.327827e+00 1.186010e+01 -2.000000e+01
      vertex   1.436336e+00 1.200028e+01 -2.500000e+01
      vertex   1.205692e+00 1.173161e+01 -2.500000e+01
    endloop
  endfacet
  facet normal -6.889658e-01 7.247916e-01 -1.795734e-03
    outer loop
      vertex   1.327827e+00 1.186010e+01 -2.000000e+01
      vertex   1.205692e+00 1.173161e+01 -2.500000e+01
      vertex   1.071185e+00 1.161614e+01 -2.000000e+01
    endloop
  endfacet
  facet normal -6.121050e-01 7.907745e-01 1.795734e-03
    outer loop
      vertex   1.071185e+00 1.161614e+01 -2.000000e+01
      vertex   1.205692e+00 1.173161e+01 -2.500000e+01
      vertex   9.256870e-01 1.151487e+01 -2.500000e+01
    endloop
  endfacet
  facet normal -5.289632e-01 8.486429e-01 -1.795734e-03
    outer loop
      vertex   1.071185e+00 1.161614e+01 -2.000000e+01
      vertex   9.256870e-01 1.151487e+01 -2.500000e+01
      vertex   7.706898e-01 1.142884e+01 -2.000000e+01
    endloop
  endfacet
  facet normal -4.403934e-01 8.978031e-01 1.795734e-03
    outer loop
      vertex   7.706898e-01 1.142884e+01 -2.000000e+01
      vertex   9.256870e-01 1.151487e+01 -2.500000e+01
      vertex   6.077842e-01 1.135893e+01 -2.500000e+01
    endloop
  endfacet
  facet normal -3.473047e-01 9.377506e-01 -1.795734e-03
    outer loop
      vertex   7.706898e-01 1.142884e+01 -2.000000e+01
      vertex   6.077842e-01 1.135893e+01 -2.500000e+01
      vertex   4.386419e-01 1.130587e+01 -2.000000e+01
    endloop
  endfacet
  facet normal -2.506521e-01 9.680756e-01 1.795734e-03
    outer loop
      vertex   4.386419e-01 1.130587e+01 -2.000000e+01
      vertex   6.077842e-01 1.135893e+01 -2.500000e+01
      vertex   2.649986e-01 1.127018e+01 -2.500000e+01
    endloop
  endfacet
  facet normal -1.514275e-01 9.884667e-01 -1.795734e-03
    outer loop
      vertex   4.386419e-01 1.130587e+01 -2.000000e+01
      vertex   2.649986e-01 1.127018e+01 -2.500000e+01
      vertex   8.863605e-02 1.125225e+01 -2.000000e+01
    endloop
  endfacet
  facet normal -5.064909e-02 9.987149e-01 1.795734e-03
    outer loop
      vertex   8.863605e-02 1.125225e+01 -2.000000e+01
      vertex   2.649986e-01 1.127018e+01 -2.500000e+01
      vertex   -8.863605e-02 1.125225e+01 -2.500000e+01
    endloop
  endfacet
  facet normal 5.064909e-02 9.987149e-01 -1.795734e-03
    outer loop
      vertex   8.863605e-02 1.125225e+01 -2.000000e+01
      vertex   -8.863605e-02 1.125225e+01 -2.500000e+01
      vertex   -2.649986e-01 1.127018e+01 -2.000000e+01
    endloop
  endfacet
  facet normal 1.514275e-01 9.884667e-01 1.795734e-03
    outer loop
      vertex   -2.649986e-01 1.127018e+01 -2.000000e+01
      vertex   -8.863605e-02 1.125225e+01 -2.500000e+01
      vertex   -4.386419e-01 1.130587e+01 -2.500000e+01
    endloop
  endfacet
  facet normal 2.506521e-01 9.680756e-01 -1.795734e-03
    outer loop
      vertex   -2.649986e-01 1.127018e+01 -2.000000e+01
      vertex   -4.386419e-01 1.130587e+01 -2.500000e+01
      vertex   -6.077842e-01 1.135893e+01 -2.000000e+01
    endloop
  endfacet
  facet normal 3.473047e-01 9.377506e-01 1.795734e-03
    outer loop
      vertex   -6.077842e-01 1.135893e+01 -2.000000e+01
      vertex   -4.386419e-01 1.130587e+01 -2.500000e+01
      vertex   -7.706898e-01 1.142884e+01 -2.500000e+01
    endloop
  endfacet
  facet normal 4.403934e-01 8.978031e-01 -1.795734e-03
    outer loop
      vertex   -6.077842e-01 1.135893e+01 -2.000000e+01
      vertex   -7.706898e-01 1.142884e+01 -2.500000e+01
      vertex   -9.256870e-01 1.151487e+01 -2.000000e+01
    endloop
  endfacet
  facet normal 5.289632e-01 8.486429e-01 1.795734e-03
    outer loop
      vertex   -9.256870e-01 1.151487e+01 -2.000000e+01
      vertex   -7.706898e-01 1.142884e+01 -2.500000e+01
      vertex   -1.071185e+00 1.161614e+01 -2.500000e+01
    endloop
  endfacet
  facet normal 6.121050e-01 7.907745e-01 -1.795734e-03
    outer loop
      vertex   -9.256870e-01 1.151487e+01 -2.000000e+01
      vertex   -1.071185e+00 1.161614e+01 -2.500000e+01
      vertex   -1.205692e+00 1.173161e+01 -2.000000e+01
    endloop
  endfacet
  facet normal 6.889658e-01 7.247916e-01 1.795734e-03
    outer loop
      vertex   -1.205692e+00 1.173161e+01 -2.000000e+01
      vertex   -1.071185e+00 1.161614e+01 -2.500000e+01
      vertex   -1.327827e+00 1.186010e+01 -2.500000e+01
    endloop
  endfacet
  facet normal 7.587569e-01 6.513714e-01 -1.795734e-03
    outer loop
      vertex   -1.205692e+00 1.173161e+01 -2.000000e+01
      vertex   -1.327827e+00 1.186010e+01 -2.500000e+01
      vertex   -1.436336e+00 1.200028e+01 -2.000000e+01
    endloop
  endfacet
  facet normal 8.207621e-01 5.712673e-01 1.795734e-03
    outer loop
      vertex   -1.436336e+00 1.200028e+01 -2.000000e+01
      vertex   -1.327827e+00 1.186010e+01 -2.500000e+01
      vertex   -1.530107e+00 1.215072e+01 -2.500000e+01
    endloop
  endfacet
  facet normal 8.743452e-01 4.853012e-01 -1.795734e-03
    outer loop
      vertex   -1.436336e+00 1.200028e+01 -2.000000e+01
      vertex   -1.530107e+00 1.215072e+01 -2.500000e+01
      vertex   -1.608176e+00 1.230988e+01 -2.000000e+01
    endloop
  endfacet
  facet normal 9.189563e-01 3.943552e-01 1.795734e-03
    outer loop
      vertex   -1.608176e+00 1.230988e+01 -2.000000e+01
      vertex   -1.530107e+00 1.215072e+01 -2.500000e+01
      vertex   -1.669744e+00 1.247611e+01 -2.500000e+01
    endloop
  endfacet
  facet normal 9.541377e-01 2.993626e-01 -1.795734e-03
    outer loop
      vertex   -1.608176e+00 1.230988e+01 -2.000000e+01
      vertex   -1.669744e+00 1.247611e+01 -2.500000e+01
      vertex   -1.714177e+00 1.264773e+01 -2.000000e+01
    endloop
  endfacet
  facet normal 9.795284e-01 2.012982e-01 1.795734e-03
    outer loop
      vertex   -1.714177e+00 1.264773e+01 -2.000000e+01
      vertex   -1.669744e+00 1.247611e+01 -2.500000e+01
      vertex   -1.741021e+00 1.282296e+01 -2.500000e+01
    endloop
  endfacet
  facet normal -9.948677e-01 -1.011682e-01 -1.795734e-03
    outer loop
      vertex   1.714177e+00 1.335227e+01 -3.000000e+01
      vertex   1.741021e+00 1.317704e+01 -3.500000e+01
      vertex   1.750000e+00 1.300000e+01 -3.000000e+01
    endloop
  endfacet
  facet normal -9.999984e-01 0.000000e+00 1.795734e-03
    outer loop
      vertex   1.750000e+00 1.300000e+01 -3.000000e+01
      vertex   1.741021e+00 1.317704e+01 -3.500000e+01
      vertex   1.741021e+00 1.282296e+01 -3.500000e+01
    endloop
  endfacet
  facet normal -9.948677e-01 1.011682e-01 -1.795734e-03
    outer loop
      vertex   1.750000e+00 1.300000e+01 -3.000000e+01
      vertex   1.741021e+00 1.282296e+01 -3.500000e+01
      vertex   1.714177e+00 1.264773e+01 -3.000000e+01
    endloop
  endfacet
  facet normal -9.795284e-01 2.012982e-01 1.795734e-03
    outer loop
      vertex   1.714177e+00 1.264773e+01 -3.000000e+01
      vertex   1.741021e+00 1.282296e+01 -3.500000e+01
      vertex   1.669744e+00 1.247611e+01 -3.500000e+01
    endloop
  endfacet
  facet normal -9.541377e-01 2.993626e-01 -1.795734e-03
    outer loop
      vertex   1.714177e+00 1.264773e+01 -3.000000e+01
      vertex   1.669744e+00 1.247611e+01 -3.500000e+01
      vertex   1.608176e+00 1.230988e+01 -3.000000e+01
    endloop
  endfacet
  facet normal -9.189563e-01 3.943552e-01 1.795734e-03
    outer loop
      vertex   1.608176e+00 1.230988e+01 -3.000000e+01
      vertex   1.669744e+00 1.247611e+01 -3.500000e+01
      vertex   1.530107e+00 1.215072e+01 -3.500000e+01
    endloop
  endfacet
  facet normal -8.743452e-01 4.853012e-01 -1.795734e-03
    outer loop
      vertex   1.608176e+00 1.230988e+01 -3.000000e+01
      vertex   1.530107e+00 1.215072e+01 -3.500000e+01
      vertex   1.436336e+00 1.200028e+01 -3.000000e+01
    endloop
  endfacet
  facet normal -8.207621e-01 5.712673e-01 1.795734e-03
    outer loop
      vertex   1.436336e+00 1.200028e+01 -3.000000e+01
      vertex   1.530107e+00 1.215072e+01 -3.500000e+01
      vertex   1.327827e+00 1.186010e+01 -3.500000e+01
    endloop
  endfacet
  facet normal -7.587569e-01 6.513714e-01 -1.795734e-03
    outer loop
      vertex   1.436336e+00 1.200028e+01 -3.000000e+01
      vertex   1.327827e+00 1.186010e+01 -3.500000e+01
      vertex   1.205692e+00 1.173161e+01 -3.000000e+01
    endloop
  endfacet
  facet normal -6.889658e-01 7.247916e-01 1.795734e-03
    outer loop
      vertex   1.205692e+00 1.173161e+01 -3.000000e+01
      vertex   1.327827e+00 1.186010e+01 -3.500000e+01
      vertex   1.071185e+00 1.161614e+01 -3.500000e+01
    endloop
  endfacet
  facet normal -6.121050e-01 7.907745e-01 -1.795734e-03
    outer loop
      vertex   1.205692e+00 1.173161e+01 -3.000000e+01
      vertex   1.071185e+00 1.161614e+01 -3.500000e+01
      vertex   9.256870e-01 1.151487e+01 -3.000000e+01
    endloop
  endfacet
  facet normal -5.289632e-01 8.486429e-01 1.795734e-03
    outer loop
      vertex   9.256870e-01 1.151487e+01 -3.000000e+01
      vertex   1.071185e+00 1.161614e+01 -3.500000e+01
      vertex   7.706898e-01 1.142884e+01 -3.500000e+01
    endloop
  endfacet
  facet normal -4.403934e-01 8.978031e-01 -1.795734e-03
    outer loop
      vertex   9.256870e-01 1.151487e+01 -3.000000e+01
      vertex   7.706898e-01 1.142884e+01 -3.500000e+01
      vertex   6.077842e-01 1.135893e+01 -3.000000e+01
    endloop
  endfacet
  facet normal -3.473047e-01 9.377506e-01 1.795734e-03
    outer loop
      vertex   6.077842e-01 1.135893e+01 -3.000000e+01
      vertex   7.706898e-01 1.142884e+01 -3.500000e+01
      vertex   4.386419e-01 1.130587e+01 -3.500000e+01
    endloop
  endfacet
  facet normal -2.506521e-01 9.680756e-01 -1.795734e-03
    outer loop
      vertex   6.077842e-01 1.135893e+01 -3.000000e+01
      vertex   4.386419e-01 1.130587e+01 -3.500000e+01
      vertex   2.649986e-01 1.127018e+01 -3.000000e+01
    endloop
  endfacet
  facet normal -1.514275e-01 9.884667e-01 1.795734e-03
    outer loop
      vertex   2.649986e-01 1.127018e+01 -3.000000e+01
      vertex   4.386419e-01 1.130587e+01 -3.500000e+01
      vertex   8.863605e-02 1.125225e+01 -3.500000e+01
    endloop
  endfacet
  facet normal -5.064909e-02 9.987149e-01 -1.795734e-03
    outer loop
      vertex   2.649986e-01 1.127018e+01 -3.000000e+01
      vertex   8.863605e-02 1.125225e+01 -3.500000e+01
      vertex   -8.863605e-02 1.125225e+01 -3.000000e+01
    endloop
  endfacet
  facet normal 5.064909e-02 9.987149e-01 1.795734e-03
    outer loop
      vertex   -8.863605e-02 1.125225e+01 -3.000000e+01
      vertex   8.863605e-02 1.125225e+01 -3.500000e+01
      vertex   -2.649986e-01 1.127018e+01 -3.500000e+01
    endloop
  endfacet
  facet normal 1.514275e-01 9.884667e-01 -1.795734e-03
    outer loop
      vertex   -8.863605e-02 1.125225e+01 -3.000000e+01
      vertex   -2.649986e-01 1.127018e+01 -3.500000e+01
      vertex   -4.386419e-01 1.130587e+01 -3.000000e+01
    endloop
  endfacet
  facet normal 2.506521e-01 9.680756e-01 1.795734e-03
    outer loop
      vertex   -4.386419e-01 1.130587e+01 -3.000000e+01
      vertex   -2.649986e-01 1.127018e+01 -3.500000e+01
      vertex   -6.077842e-01 1.135893e+01 -3.500000e+01
    endloop
  endfacet
  facet normal 3.473047e-01 9.377506e-01 -1.795734e-03
    outer loop
      vertex   -4.386419e-01 1.130587e+01 -3.000000e+01
      vertex   -6.077842e-01 1.135893e+01 -3.500000e+01
      vertex   -7.706898e-01 1.142884e+01 -3.000000e+01
    endloop
  endfacet
  facet normal 4.403934e-01 8.978031e-01 1.795734e-03
    outer loop
      vertex   -7.706898e-01 1.142884e+01 -3.000000e+01
      vertex   -6.077842e-01 1.135893e+01 -3.500000e+01
      vertex   -9.256870e-01 1.151487e+01 -3.500000e+01
    endloop
  endfacet
  facet normal 5.289632e-01 8.486429e-01 -1.795734e-03
    outer loop
      vertex   -7.706898e-01 1.142884e+01 -3.000000e+01
      vertex   -9.256870e-01 1.151487e+01 -3.500000e+01
      vertex   -1.071185e+00 1.161614e+01 -3.000000e+01
    endloop
  endfacet
  facet normal 6.121050e-01 7.907745e-01 1.795734e-03
    outer loop
      vertex   -1.071185e+00 1.161614e+01 -3.000000e+01
      vertex   -9.256870e-01 1.151487e+01 -3.500000e+01
      vertex   -1.205692e+00 1.173161e+01 -3.500000e+01
    endloop
  endfacet
  facet normal 6.889658e-01 7.247916e-01 -1.795734e-03
    outer loop
      vertex   -1.071185e+00 1.161614e+01 -3.000000e+01
      vertex   -1.205692e+00 1.173161e+01 -3.500000e+01
      vertex   -1.327827e+00 1.186010e+01 -3.000000e+01
    endloop
  endfacet
  facet normal 7.587569e-01 6.513714e-01 1.795734e-03
    outer loop
      vertex   -1.327827e+00 1.186010e+01 -3.000000e+01
      vertex   -1.205692e+00 1.173161e+01 -3.500000e+01
      vertex   -1.436336e+00 1.200028e+01 -3.500000e+01
    endloop
  endfacet
  facet normal 8.207621e-01 5.712673e-01 -1.795734e-03
    outer loop
      vertex   -1.327827e+00 1.186010e+01 -3.000000e+01
      vertex   -1.436336e+00 1.200028e+01 -3.500000e+01
      vertex   -1.530107e+00 1.215072e+01 -3.000000e+01
    endloop
  endfacet
  facet normal 8.743452e-01 4.853012e-01 1.795734e-03
    outer loop
      vertex   -1.530107e+00 1.215072e+01 -3.000000e+01
      vertex   -1.436336e+00 1.200028e+01 -3.500000e+01
      vertex   -1.608176e+00 1.230988e+01 -3.500000e+01
    endloop
  endfacet
  facet normal 9.189563e-01 3.943552e-01 -1.795734e-03
    outer loop
      vertex   -1.530107e+00 1.215072e+01 -3.000000e+01
      vertex   -1.608176e+00 1.230988e+01 -3.500000e+01
      vertex   -1.669744e+00 1.247611e+01 -3.000000e+01
    endloop
  endfacet
  facet normal 9.541377e-01 2.993626e-01 1.795734e-03
    outer loop
      vertex   -1.669744e+00 1.247611e+01 -3.000000e+01
      vertex   -1.608176e+00 1.230988e+01 -3.500000e+01
      vertex   -1.714177e+00 1.264773e+01 -3.500000e+01
    endloop
  endfacet
  facet normal 9.795284e-01 2.012982e-01 -1.795734e-03
    outer loop
      vertex   -1.669744e+00 1.247611e+01 -3.000000e+01
      vertex   -1.714177e+00 1.264773e+01 -3.500000e+01
      vertex   -1.741021e+00 1.282296e+01 -3.000000e+01
    endloop
  endfacet
  facet normal 9.948677e-01 1.011682e-01 1.795734e-03
    outer loop
      vertex   -1.741021e+00 1.282296e+01 -3.000000e+01
      vertex   -1.714177e+00 1.264773e+01 -3.500000e+01
      vertex   -1.750000e+00 1.300000e+01 -3.500000e+01
    endloop
  endfacet
  facet normal 9.999984e-01 0.000000e+00 -1.795734e-03
    outer loop
      vertex   -1.741021e+00 1.282296e+01 -3.000000e+01
      vertex   -1.750000e+00 1.300000e+01 -3.500000e+01
      vertex   -1.741021e+00 1.317704e+01 -3.000000e+01
    endloop
  endfacet
  facet normal 9.948677e-01 -1.011682e-01 1.795734e-03
    outer loop
      vertex   -1.741021e+00 1.317704e+01 -3.000000e+01
      vertex   -1.750000e+00 1.300000e+01 -3.500000e+01
      vertex   -1.714177e+00 1.335227e+01 -3.500000e+01
    endloop
  endfacet
  facet normal 9.795284e-01 -2.012982e-01 -1.795734e-03
    outer loop
      vertex   -1.741021e+00 1.317704e+01 -3.000000e+01
      vertex   -1.714177e+00 1.335227e+01 -3.500000e+01
      vertex   -1.669744e+00 1.352389e+01 -3.000000e+01
    endloop
  endfacet
  facet normal 9.541377e-01 -2.993626e-01 1.795734e-03
    outer loop
      vertex   -1.669744e+00 1.352389e+01 -3.000000e+01
      vertex   -1.714177e+00 1.335227e+01 -3.500000e+01
      vertex   -1.608176e+00 1.369012e+01 -3.500000e+01
    endloop
  endfacet
  facet normal 9.189563e-01 -3.943552e-01 -1.795734e-03
    outer loop
      vertex   -1.669744e+00 1.352389e+01 -3.000000e+01
      vertex   -1.608176e+00 1.369012e+01 -3.500000e+01
      vertex   -1.530107e+00 1.384928e+01 -3.000000e+01
    endloop
  endfacet
  facet normal 8.743452e-01 -4.853012e-01 1.795734e-03
    outer loop
      vertex   -1.530107e+00 1.384928e+01 -3.000000e+01
      vertex   -1.608176e+00 1.369012e+01 -3.500000e+01
      vertex   -1.436336e+00 1.399972e+01 -3.500000e+01
    endloop
  endfacet
  facet normal 8.207621e-01 -5.712673e-01 -1.795734e-03
    outer loop
      vertex   -1.530107e+00 1.384928e+01 -3.000000e+01
      vertex   -1.436336e+00 1.399972e+01 -3.500000e+01
      vertex   -1.327827e+00 1.413990e+01 -3.000000e+01
    endloop
  endfacet
  facet normal 7.587569e-01 -6.513714e-01 1.795734e-03
    outer loop
      vertex   -1.327827e+00 1.413990e+01 -3.000000e+01
      vertex   -1.436336e+00 1.399972e+01 -3.500000e+01
      vertex   -1.205692e+00 1.426839e+01 -3.500000e+01
    endloop
  endfacet
  facet normal 6.889658e-01 -7.247916e-01 -1.795734e-03
    outer loop
      vertex   -1.327827e+00 1.413990e+01 -3.000000e+01
      vertex   -1.205692e+00 1.426839e+01 -3.500000e+01
      vertex   -1.071185e+00 1.438386e+01 -3.000000e+01
    endloop
  endfacet
  facet normal 6.121050e-01 -7.907745e-01 1.795734e-03
    outer loop
      vertex   -1.071185e+00 1.438386e+01 -3.000000e+01
      vertex   -1.205692e+00 1.426839e+01 -3.500000e+01
      vertex   -9.256870e-01 1.448513e+01 -3.500000e+01
    endloop
  endfacet
  facet normal 5.289632e-01 -8.486429e-01 -1.795734e-03
    outer loop
      vertex   -1.071185e+00 1.438386e+01 -3.000000e+01
      vertex   -9.256870e-01 1.448513e+01 -3.500000e+01
      vertex   -7.706898e-01 1.457116e+01 -3.000000e+01
    endloop
  endfacet
  facet normal 4.403934e-01 -8.978031e-01 1.795734e-03
    outer loop
      vertex   -7.706898e-01 1.457116e+01 -3.000000e+01
      vertex   -9.256870e-01 1.448513e+01 -3.500000e+01
      vertex   -6.077842e-01 1.464107e+01 -3.500000e+01
    endloop
  endfacet
  facet normal 3.473047e-01 -9.377506e-01 -1.795734e-03
    outer loop
      vertex   -7.706898e-01 1.457116e+01 -3.000000e+01
      vertex   -6.077842e-01 1.464107e+01 -3.500000e+01
      vertex   -4.386419e-01 1.469414e+01 -3.000000e+01
    endloop
  endfacet
  facet normal 2.506521e-01 -9.680756e-01 1.795734e-03
    outer loop
      vertex   -4.386419e-01 1.469414e+01 -3.000000e+01
      vertex   -6.077842e-01 1.464107e+01 -3.500000e+01
      vertex   -2.649986e-01 1.472982e+01 -3.500000e+01
    endloop
  endfacet
  facet normal 1.514275e-01 -9.884667e-01 -1.795734e-03
    outer loop
      vertex   -4.386419e-01 1.469414e+01 -3.000000e+01
      vertex   -2.649986e-01 1.472982e+01 -3.500000e+01
      vertex   -8.863605e-02 1.474775e+01 -3.000000e+01
    endloop
  endfacet
  facet normal 5.064909e-02 -9.987149e-01 1.795734e-03
    outer loop
      vertex   -8.863605e-02 1.474775e+01 -3.000000e+01
      vertex   -2.649986e-01 1.472982e+01 -3.500000e+01
      vertex   8.863605e-02 1.474775e+01 -3.500000e+01
    endloop
  endfacet
  facet normal -5.064909e-02 -9.987149e-01 -1.795734e-03
    outer loop
      vertex   -8.863605e-02 1.474775e+01 -3.000000e+01
      vertex   8.863605e-02 1.474775e+01 -3.500000e+01
      vertex   2.649986e-01 1.472982e+01 -3.000000e+01
    endloop
  endfacet
  facet normal -1.514275e-01 -9.884667e-01 1.795734e-03
    outer loop
      vertex   2.649986e-01 1.472982e+01 -3.000000e+01
      vertex   8.863605e-02 1.474775e+01 -3.500000e+01
      vertex   4.386419e-01 1.469414e+01 -3.500000e+01
    endloop
  endfacet
  facet normal -2.506521e-01 -9.680756e-01 -1.795734e-03
    outer loop
      vertex   2.649986e-01 1.472982e+01 -3.000000e+01
      vertex   4.386419e-01 1.469414e+01 -3.500000e+01
      vertex   6.077842e-01 1.464107e+01 -3.000000e+01
    endloop
  endfacet
  facet normal -3.473047e-01 -9.377506e-01 1.795734e-03
    outer loop
      vertex   6.077842e-01 1.464107e+01 -3.000000e+01
      vertex   4.386419e-01 1.469414e+01 -3.500000e+01
      vertex   7.706898e-01 1.457116e+01 -3.500000e+01
    endloop
  endfacet
  facet normal -4.403934e-01 -8.978031e-01 -1.795734e-03
    outer loop
      vertex   6.077842e-01 1.464107e+01 -3.000000e+01
      vertex   7.706898e-01 1.457116e+01 -3.500000e+01
      vertex   9.256870e-01 1.448513e+01 -3.000000e+01
    endloop
  endfacet
  facet normal -5.289632e-01 -8.486429e-01 1.795734e-03
    outer loop
      vertex   9.256870e-01 1.448513e+01 -3.000000e+01
      vertex   7.706898e-01 1.457116e+01 -3.500000e+01
      vertex   1.071185e+00 1.438386e+01 -3.500000e+01
    endloop
  endfacet
  facet normal -6.121050e-01 -7.907745e-01 -1.795734e-03
    outer loop
      vertex   9.256870e-01 1.448513e+01 -3.000000e+01
      vertex   1.071185e+00 1.438386e+01 -3.500000e+01
      vertex   1.205692e+00 1.426839e+01 -3.000000e+01
    endloop
  endfacet
  facet normal -6.889658e-01 -7.247916e-01 1.795734e-03
    outer loop
      vertex   1.205692e+00 1.426839e+01 -3.000000e+01
      vertex   1.071185e+00 1.438386e+01 -3.500000e+01
      vertex   1.327827e+00 1.413990e+01 -3.500000e+01
    endloop
  endfacet
  facet normal -7.587569e-01 -6.513714e-01 -1.795734e-03
    outer loop
      vertex   1.205692e+00 1.426839e+01 -3.000000e+01
      vertex   1.327827e+00 1.413990e+01 -3.500000e+01
      vertex   1.436336e+00 1.399972e+01 -3.000000e+01
    endloop
  endfacet
  facet normal -8.207621e-01 -5.712673e-01 1.795734e-03
    outer loop
      vertex   1.436336e+00 1.399972e+01 -3.000000e+01
      vertex   1.327827e+00 1.413990e+01 -3.500000e+01
      vertex   1.530107e+00 1.384928e+01 -3.500000e+01
    endloop
  endfacet
  facet normal -8.743452e-01 -4.853012e-01 -1.795734e-03
    outer loop
      vertex   1.436336e+00 1.399972e+01 -3.000000e+01
      vertex   1.530107e+00 1.384928e+01 -3.500000e+01
      vertex   1.608176e+00 1.369012e+01 -3.000000e+01
    endloop
  endfacet
  facet normal -9.189563e-01 -3.943552e-01 1.795734e-03
    outer loop
      vertex   1.608176e+00 1.369012e+01 -3.000000e+01
      vertex   1.530107e+00 1.384928e+01 -3.500000e+01
      vertex   1.669744e+00 1.352389e+01 -3.500000e+01
    endloop
  endfacet
  facet normal -9.541377e-01 -2.993626e-01 -1.795734e-03
    outer loop
      vertex   1.608176e+00 1.369012e+01 -3.000000e+01
      vertex   1.669744e+00 1.352389e+01 -3.500000e+01
      vertex   1.714177e+00 1.335227e+01 -3.000000e+01
    endloop
  endfacet
  facet normal -9.795284e-01 -2.012982e-01 1.795734e-03
    outer loop
      vertex   1.714177e+00 1.335227e+01 -3.000000e+01
      vertex   1.669744e+00 1.352389e+01 -3.500000e+01
      vertex   1.741021e+00 1.317704e+01 -3.500000e+01
    endloop
  endfacet
  facet normal 0.000000e+00 0.000000e+00 -1.000000e+00
    outer loop
      vertex   -1.750000e+00 1.300000e+01 -2.000000e+01
      vertex   -1.714177e+00 1.335227e+01 -2.000000e+01
      vertex   -1.714177e+00 1.264773e+01 -2.000000e+01
    endloop
  endfacet
  facet normal 0.000000e+00 0.000000e+00 -1.000000e+00
    outer loop
      vertex   -1.714177e+00 1.264773e+01 -2.000000e+01
      vertex   -1.714177e+00 1.335227e+01 -2.000000e+01
      vertex   -1.608176e+00 1.230988e+01 -2.000000e+01
    endloop
  endfacet
  facet normal 0.000000e+00 0.000000e+00 -1.000000e+00
    outer loop
      vertex   -1.608176e+00 1.230988e+01 -2.000000e+01
      vertex   -1.714177e+00 1.335227e+01 -2.000000e+01
      vertex   -1.608176e+00 1.369012e+01 -2.000000e+01
    endloop
  endfacet
  facet normal 0.000000e+00 0.000000e+00 -1.000000e+00
    outer loop
      vertex   -1.608176e+00 1.230988e+01 -2.000000e+01
      vertex   -1.608176e+00 1.369012e+01 -2.000000e+01
      vertex   -1.436336e+00 1.200028e+01 -2.000000e+01
    endloop
  endfacet
  facet normal 0.000000e+00 0.000000e+00 -1.000000e+00
    outer loop
      vertex   -1.436336e+00 1.200028e+01 -2.000000e+01
      vertex   -1.608176e+00 1.369012e+01 -2.000000e+01
      vertex   -1.436336e+00 1.399972e+01 -2.000000e+01
    endloop
  endfacet
  facet normal 0.000000e+00 0.000000e+00 -1.000000e+00
    outer loop
      vertex   -1.436336e+00 1.200028e+01 -2.000000e+01
      vertex   -1.436336e+00 1.399972e+01 -2.000000e+01
      vertex   -1.205692e+00 1.173161e+01 -2.000000e+01
    endloop
  endfacet
  facet normal 0.000000e+00 0.000000e+00 -1.000000e+00
    outer loop
      vertex   -1.205692e+00 1.173161e+01 -2.000000e+01
      vertex   -1.436336e+00 1.399972e+01 -2.000000e+01
      vertex   -1.205692e+00 1.426839e+01 -2.000000e+01
    endloop
  endfacet
  facet normal 0.000000e+00 0.000000e+00 -1.000000e+00
    outer loop
      vertex   -1.205692e+00 1.173161e+01 -2.000000e+01
      vertex   -1.205692e+00 1.426839e+01 -2.000000e+01
      vertex   -9.256870e-01 1.151487e+01 -2.000000e+01
    endloop
  endfacet
  facet normal 0.000000e+00 0.000000e+00 -1.000000e+00
    outer loop
      vertex   -9.256870e-01 1.151487e+01 -2.000000e+01
      vertex   -1.205692e+00 1.426839e+01 -2.000000e+01
      vertex   -6.077842e-01 1.135893e+01 -2.000000e+01
    endloop
  endfacet
  facet normal 0.000000e+00 0.000000e+00 -1.000000e+00
    outer loop
      vertex   -6.077842e-01 1.135893e+01 -2.000000e+01
      vertex   -1.205692e+00 1.426839e+01 -2.000000e+01
      vertex   -2.649986e-01 1.127018e+01 -2.000000e+01
    endloop
  endfacet
  facet normal 0.000000e+00 0.000000e+00 -1.000000e+00
    outer loop
      vertex   -2.649986e-01 1.127018e+01 -2.000000e+01
      vertex   -1.205692e+00 1.426839e+01 -2.000000e+01
      vertex   8.863605e-02 1.125225e+01 -2.000000e+01
    endloop
  endfacet
  facet normal 0.000000e+00 0.000000e+00 -1.000000e+00
    outer loop
      vertex   8.863605e-02 1.125225e+01 -2.000000e+01
      vertex   -1.205692e+00 1.426839e+01 -2.000000e+01
      vertex   4.386419e-01 1.130587e+01 -2.000000e+01
    endloop
  endfacet
  facet normal 0.000000e+00 0.000000e+00 -1.000000e+00
    outer loop
      vertex   4.386419e-01 1.130587e+01 -2.000000e+01
      vertex   -1.205692e+00 1.426839e+01 -2.000000e+01
      vertex   7.706898e-01 1.142884e+01 -2.000000e+01
    endloop
  endfacet
  facet normal 0.000000e+00 0.000000e+00 -1.000000e+00
    outer loop
      vertex   7.706898e-01 1.142884e+01 -2.000000e+01
      vertex   -1.205692e+00 1.426839e+01 -2.000000e+01
      vertex   1.071185e+00 1.161614e+01 -2.000000e+01
    endloop
  endfacet
  facet normal 0.000000e+00 0.000000e+00 -1.000000e+00
    outer loop
      vertex   1.071185e+00 1.161614e+01 -2.000000e+01
      vertex   -1.205692e+00 1.426839e+01 -2.000000e+01
      vertex   1.327827e+00 1.186010e+01 -2.000000e+01
    endloop
  endfacet
  facet normal 0.000000e+00 0.000000e+00 -1.000000e+00
    outer loop
      vertex   1.327827e+00 1.186010e+01 -2.000000e+01
      vertex   -1.205692e+00 1.426839e+01 -2.000000e+01
      vertex   1.530107e+00 1.215072e+01 -2.000000e+01
    endloop
  endfacet
  facet normal 0.000000e+00 0.000000e+00 -1.000000e+00
    outer loop
      vertex   1.530107e+00 1.215072e+01 -2.000000e+01
      vertex   -1.205692e+00 1.426839e+01 -2.000000e+01
      vertex   1.669744e+00 1.247611e+01 -2.000000e+01
    endloop
  endfacet
  facet normal 0.000000e+00 0.000000e+00 -1.000000e+00
    outer loop
      vertex   1.669744e+00 1.247611e+01 -2.000000e+01
      vertex   -1.205692e+00 1.426839e+01 -2.000000e+01
      vertex   1.741021e+00 1.282296e+01 -2.000000e+01
    endloop
  endfacet
  facet normal 0.000000e+00 0.000000e+00 -1.000000e+00
    outer loop
      vertex   1.741021e+00 1.282296e+01 -2.000000e+01
      vertex   -1.205692e+00 1.426839e+01 -2.000000e+01
      vertex   1.741021e+00 1.317704e+01 -2.000000e+01
    endloop
  endfacet
  facet normal 0.000000e+00 0.000000e+00 -1.000000e+00
    outer loop
      vertex   1.741021e+00 1.317704e+01 -2.000000e+01
      vertex   -1.205692e+00 1.426839e+01 -2.000000e+01
      vertex   1.669744e+00 1.352389e+01 -2.000000e+01
    endloop
  endfacet
  facet normal 0.000000e+00 0.000000e+00 -1.000000e+00
    outer loop
      vertex   1.669744e+00 1.352389e+01 -2.000000e+01
      vertex   -1.205692e+00 1.426839e+01 -2.000000e+01
      vertex   -9.256870e-01 1.448513e+01 -2.000000e+01
    endloop
  endfacet
  facet normal 0.000000e+00 0.000000e+00 -1.000000e+00
    outer loop
      vertex   1.669744e+00 1.352389e+01 -2.000000e+01
      vertex   -9.256870e-01 1.448513e+01 -2.000000e+01
      vertex   1.530107e+00 1.384928e+01 -2.000000e+01
    endloop
  endfacet
  facet normal 0.000000e+00 0.000000e+00 -1.000000e+00
    outer loop
      vertex   1.530107e+00 1.384928e+01 -2.000000e+01
      vertex   -9.256870e-01 1.448513e+01 -2.000000e+01
      vertex   1.327827e+00 1.413990e+01 -2.000000e+01
    endloop
  endfacet
  facet normal 0.000000e+00 0.000000e+00 -1.000000e+00
    outer loop
      vertex   1.327827e+00 1.413990e+01 -2.000000e+01
      vertex   -9.256870e-01 1.448513e+01 -2.000000e+01
      vertex   1.071185e+00 1.438386e+01 -2.000000e+01
    endloop
  endfacet
  facet normal 0.000000e+00 0.000000e+00 -1.000000e+00
    outer loop
      vertex   1.071185e+00 1.438386e+01 -2.000000e+01
      vertex   -9.256870e-01 1.448513e+01 -2.000000e+01
      vertex   7.706898e-01 1.457116e+01 -2.000000e+01
    endloop
  endfacet
  facet normal -0.000000e+00 0.000000e+00 -1.000000e+00
    outer loop
      vertex   7.706898e-01 1.457116e+01 -2.000000e+01
      vertex   -9.256870e-01 1.448513e+01 -2.000000e+01
      vertex   -6.077842e-01 1.464107e+01 -2.000000e+01
    endloop
  endfacet
  facet normal 0.000000e+00 0.000000e+00 -1.000000e+00
    outer loop
      vertex   7.706898e-01 1.457116e+01 -2.000000e+01
      vertex   -6.077842e-01 1.464107e+01 -2.000000e+01
      vertex   4.386419e-01 1.469414e+01 -2.000000e+01
    endloop
  endfacet
  facet normal -0.000000e+00 0.000000e+00 -1.000000e+00
    outer loop
      vertex   4.386419e-01 1.469414e+01 -2.000000e+01
      vertex   -6.077842e-01 1.464107e+01 -2.000000e+01
      vertex   -2.649986e-01 1.472982e+01 -2.000000e+01
    endloop
  endfacet
  facet normal 0.000000e+00 0.000000e+00 -1.000000e+00
    outer loop
      vertex   4.386419e-01 1.469414e+01 -2.000000e+01
      vertex   -2.649986e-01 1.472982e+01 -2.000000e+01
      vertex   8.863605e-02 1.474775e+01 -2.000000e+01
    endloop
  endfacet
  facet normal 0.000000e+00 -6.146949e-02 -9.981090e-01
    outer loop
      vertex   -5.000000e+00 -1.909830e+00 -3.500000e+01
      vertex   5.000000e+00 -1.909830e+00 -3.500000e+01
      vertex   -5.000000e+00 -2.523363e+00 -3.496222e+01
    endloop
  endfacet
  facet normal 2.729794e-18 -6.146949e-02 -9.981090e-01
    outer loop
      vertex   -5.000000e+00 -2.523363e+00 -3.496222e+01
      vertex   5.000000e+00 -1.909830e+00 -3.500000e+01
      vertex   5.000000e+00 -2.523363e+00 -3.496222e+01
    endloop
  endfacet
  facet normal 8.148123e-18 -1.834794e-01 -9.830236e-01
    outer loop
      vertex   -5.000000e+00 -2.523363e+00 -3.496222e+01
      vertex   5.000000e+00 -2.523363e+00 -3.496222e+01
      vertex   -5.000000e+00 -3.127622e+00 -3.484943e+01
    endloop
  endfacet
  facet normal 2.444437e-17 -1.834794e-01 -9.830236e-01
    outer loop
      vertex   -5.000000e+00 -3.127622e+00 -3.484943e+01
      vertex   5.000000e+00 -2.523363e+00 -3.496222e+01
      vertex   5.000000e+00 -3.127622e+00 -3.484943e+01
    endloop
  endfacet
  facet normal 4.032990e-17 -3.027162e-01 -9.530807e-01
    outer loop
      vertex   -5.000000e+00 -3.127622e+00 -3.484943e+01
      vertex   5.000000e+00 -3.127622e+00 -3.484943e+01
      vertex   -5.000000e+00 -3.713476e+00 -3.466335e+01
    endloop
  endfacet
  facet normal 0.000000e+00 -3.027162e-01 -9.530807e-01
    outer loop
      vertex   -5.000000e+00 -3.713476e+00 -3.466335e+01
      vertex   5.000000e+00 -3.127622e+00 -3.484943e+01
      vertex   5.000000e+00 -3.713476e+00 -3.466335e+01
    endloop
  endfacet
  facet normal 0.000000e+00 -4.173778e-01 -9.087331e-01
    outer loop
      vertex   -5.000000e+00 -3.713476e+00 -3.466335e+01
      vertex   5.000000e+00 -3.713476e+00 -3.466335e+01
      vertex   -5.000000e+00 -4.272069e+00 -3.440679e+01
    endloop
  endfacet
  facet normal 0.000000e+00 -4.173778e-01 -9.087331e-01
    outer loop
      vertex   -5.000000e+00 -4.272069e+00 -3.440679e+01
      vertex   5.000000e+00 -3.713476e+00 -3.466335e+01
      vertex   5.000000e+00 -4.272069e+00 -3.440679e+01
    endloop
  endfacet
  facet normal 0.000000e+00 -5.257311e-01 -8.506508e-01
    outer loop
      vertex   -5.000000e+00 -4.272069e+00 -3.440679e+01
      vertex   5.000000e+00 -4.272069e+00 -3.440679e+01
      vertex   -5.000000e+00 -4.794960e+00 -3.408363e+01
    endloop
  endfacet
  facet normal 0.000000e+00 -5.257311e-01 -8.506508e-01
    outer loop
      vertex   -5.000000e+00 -4.794960e+00 -3.408363e+01
      vertex   5.000000e+00 -4.272069e+00 -3.440679e+01
      vertex   5.000000e+00 -4.794960e+00 -3.408363e+01
    endloop
  endfacet
  facet normal 0.000000e+00 -6.261385e-01 -7.797118e-01
    outer loop
      vertex   -5.000000e+00 -4.794960e+00 -3.408363e+01
      vertex   5.000000e+00 -4.794960e+00 -3.408363e+01
      vertex   -5.000000e+00 -5.274245e+00 -3.369874e+01
    endloop
  endfacet
  facet normal 0.000000e+00 -6.261385e-01 -7.797118e-01
    outer loop
      vertex   -5.000000e+00 -5.274245e+00 -3.369874e+01
      vertex   5.000000e+00 -4.794960e+00 -3.408363e+01
      vertex   5.000000e+00 -5.274245e+00 -3.369874e+01
    endloop
  endfacet
  facet normal 0.000000e+00 -7.170825e-01 -6.969883e-01
    outer loop
      vertex   -5.000000e+00 -5.274245e+00 -3.369874e+01
      vertex   5.000000e+00 -5.274245e+00 -3.369874e+01
      vertex   -5.000000e+00 -5.702680e+00 -3.325796e+01
    endloop
  endfacet
  facet normal 0.000000e+00 -7.170825e-01 -6.969883e-01
    outer loop
      vertex   -5.000000e+00 -5.702680e+00 -3.325796e+01
      vertex   5.000000e+00 -5.274245e+00 -3.369874e+01
      vertex   5.000000e+00 -5.702680e+00 -3.325796e+01
    endloop
  endfacet
  facet normal 0.000000e+00 -7.971885e-01 -6.037305e-01
    outer loop
      vertex   -5.000000e+00 -5.702680e+00 -3.325796e+01
      vertex   5.000000e+00 -5.702680e+00 -3.325796e+01
      vertex   -5.000000e+00 -6.073790e+00 -3.276793e+01
    endloop
  endfacet
  facet normal 0.000000e+00 -7.971885e-01 -6.037305e-01
    outer loop
      vertex   -5.000000e+00 -6.073790e+00 -3.276793e+01
      vertex   5.000000e+00 -5.702680e+00 -3.325796e+01
      vertex   5.000000e+00 -6.073790e+00 -3.276793e+01
    endloop
  endfacet
  facet normal 0.000000e+00 -8.652458e-01 -5.013479e-01
    outer loop
      vertex   -5.000000e+00 -6.073790e+00 -3.276793e+01
      vertex   5.000000e+00 -6.073790e+00 -3.276793e+01
      vertex   -5.000000e+00 -6.381966e+00 -3.223607e+01
    endloop
  endfacet
  facet normal 0.000000e+00 -8.652458e-01 -5.013479e-01
    outer loop
      vertex   -5.000000e+00 -6.381966e+00 -3.223607e+01
      vertex   5.000000e+00 -6.073790e+00 -3.276793e+01
      vertex   5.000000e+00 -6.381966e+00 -3.223607e+01
    endloop
  endfacet
  facet normal 9.981756e-01 6.037850e-02 0.000000e+00
    outer loop
      vertex   5.000000e+00 0.000000e+00 -2.500000e+01
      vertex   5.000000e+00 0.000000e+00 -3.000000e+01
      vertex   4.963544e+00 6.026834e-01 -2.500000e+01
    endloop
  endfacet
  facet normal 9.981756e-01 6.037850e-02 1.545202e-16
    outer loop
      vertex   4.963544e+00 6.026834e-01 -2.500000e+01
      vertex   5.000000e+00 0.000000e+00 -3.000000e+01
      vertex   4.963544e+00 6.026834e-01 -3.000000e+01
    endloop
  endfacet
  facet normal 9.836199e-01 1.802550e-01 1.066841e-16
    outer loop
      vertex   4.963544e+00 6.026834e-01 -2.500000e+01
      vertex   4.963544e+00 6.026834e-01 -3.000000e+01
      vertex   4.854709e+00 1.196578e+00 -2.500000e+01
    endloop
  endfacet
  facet normal 9.836199e-01 1.802550e-01 -8.004932e-17
    outer loop
      vertex   4.854709e+00 1.196578e+00 -2.500000e+01
      vertex   4.963544e+00 6.026834e-01 -3.000000e+01
      vertex   4.854709e+00 1.196578e+00 -3.000000e+01
    endloop
  endfacet
  facet normal 9.547209e-01 2.975031e-01 -1.321179e-16
    outer loop
      vertex   4.854709e+00 1.196578e+00 -2.500000e+01
      vertex   4.854709e+00 1.196578e+00 -3.000000e+01
      vertex   4.675081e+00 1.773024e+00 -2.500000e+01
    endloop
  endfacet
  facet normal 9.547209e-01 2.975031e-01 -7.927074e-17
    outer loop
      vertex   4.675081e+00 1.773024e+00 -2.500000e+01
      vertex   4.854709e+00 1.196578e+00 -3.000000e+01
      vertex   4.675081e+00 1.773024e+00 -3.000000e+01
    endloop
  endfacet
  facet normal 9.118998e-01 4.104128e-01 -1.093559e-16
    outer loop
      vertex   4.675081e+00 1.773024e+00 -2.500000e+01
      vertex   4.675081e+00 1.773024e+00 -3.000000e+01
      vertex   4.427280e+00 2.323616e+00 -2.500000e+01
    endloop
  endfacet
  facet normal 9.118998e-01 4.104128e-01 0.000000e+00
    outer loop
      vertex   4.427280e+00 2.323616e+00 -2.500000e+01
      vertex   4.675081e+00 1.773024e+00 -3.000000e+01
      vertex   4.427280e+00 2.323616e+00 -3.000000e+01
    endloop
  endfacet
  facet normal 8.557813e-01 5.173378e-01 0.000000e+00
    outer loop
      vertex   4.427280e+00 2.323616e+00 -2.500000e+01
      vertex   4.427280e+00 2.323616e+00 -3.000000e+01
      vertex   4.114919e+00 2.840324e+00 -2.500000e+01
    endloop
  endfacet
  facet normal 8.557813e-01 5.173378e-01 0.000000e+00
    outer loop
      vertex   4.114919e+00 2.840324e+00 -2.500000e+01
      vertex   4.427280e+00 2.323616e+00 -3.000000e+01
      vertex   4.114919e+00 2.840324e+00 -3.000000e+01
    endloop
  endfacet
  facet normal 7.871835e-01 6.167189e-01 0.000000e+00
    outer loop
      vertex   4.114919e+00 2.840324e+00 -2.500000e+01
      vertex   4.114919e+00 2.840324e+00 -3.000000e+01
      vertex   3.742554e+00 3.315613e+00 -2.500000e+01
    endloop
  endfacet
  facet normal 7.871835e-01 6.167189e-01 4.542090e-17
    outer loop
      vertex   3.742554e+00 3.315613e+00 -2.500000e+01
      vertex   4.114919e+00 2.840324e+00 -3.000000e+01
      vertex   3.742554e+00 3.315613e+00 -3.000000e+01
    endloop
  endfacet
  facet normal 7.071068e-01 7.071068e-01 0.000000e+00
    outer loop
      vertex   3.742554e+00 3.315613e+00 -2.500000e+01
      vertex   3.742554e+00 3.315613e+00 -3.000000e+01
      vertex   3.315613e+00 3.742554e+00 -2.500000e+01
    endloop
  endfacet
  facet normal 7.071068e-01 7.071068e-01 0.000000e+00
    outer loop
      vertex   3.315613e+00 3.742554e+00 -2.500000e+01
      vertex   3.742554e+00 3.315613e+00 -3.000000e+01
      vertex   3.315613e+00 3.742554e+00 -3.000000e+01
    endloop
  endfacet
  facet normal 6.167189e-01 7.871835e-01 -4.542090e-17
    outer loop
      vertex   3.315613e+00 3.742554e+00 -2.500000e+01
      vertex   3.315613e+00 3.742554e+00 -3.000000e+01
      vertex   2.840324e+00 4.114919e+00 -2.500000e+01
    endloop
  endfacet
  facet normal 6.167189e-01 7.871835e-01 5.477564e-17
    outer loop
      vertex   2.840324e+00 4.114919e+00 -2.500000e+01
      vertex   3.315613e+00 3.742554e+00 -3.000000e+01
      vertex   2.840324e+00 4.114919e+00 -3.000000e+01
    endloop
  endfacet
  facet normal 5.173378e-01 8.557813e-01 4.594883e-17
    outer loop
      vertex   2.840324e+00 4.114919e+00 -2.500000e+01
      vertex   2.840324e+00 4.114919e+00 -3.000000e+01
      vertex   2.323616e+00 4.427280e+00 -2.500000e+01
    endloop
  endfacet
  facet normal 5.173378e-01 8.557813e-01 0.000000e+00
    outer loop
      vertex   2.323616e+00 4.427280e+00 -2.500000e+01
      vertex   2.840324e+00 4.114919e+00 -3.000000e+01
      vertex   2.323616e+00 4.427280e+00 -3.000000e+01
    endloop
  endfacet
  facet normal 4.104128e-01 9.118998e-01 0.000000e+00
    outer loop
      vertex   2.323616e+00 4.427280e+00 -2.500000e+01
      vertex   2.323616e+00 4.427280e+00 -3.000000e+01
      vertex   1.773024e+00 4.675081e+00 -2.500000e+01
    endloop
  endfacet
  facet normal 4.104128e-01 9.118998e-01 1.275819e-16
    outer loop
      vertex   1.773024e+00 4.675081e+00 -2.500000e+01
      vertex   2.323616e+00 4.427280e+00 -3.000000e+01
      vertex   1.773024e+00 4.675081e+00 -3.000000e+01
    endloop
  endfacet
  facet normal 2.975031e-01 9.547209e-01 9.248253e-17
    outer loop
      vertex   1.773024e+00 4.675081e+00 -2.500000e+01
      vertex   1.773024e+00 4.675081e+00 -3.000000e+01
      vertex   1.196578e+00 4.854709e+00 -2.500000e+01
    endloop
  endfacet
  facet normal 2.975031e-01 9.547209e-01 0.000000e+00
    outer loop
      vertex   1.196578e+00 4.854709e+00 -2.500000e+01
      vertex   1.773024e+00 4.675081e+00 -3.000000e+01
      vertex   1.196578e+00 4.854709e+00 -3.000000e+01
    endloop
  endfacet
  facet normal 1.802550e-01 9.836199e-01 0.000000e+00
    outer loop
      vertex   1.196578e+00 4.854709e+00 -2.500000e+01
      vertex   1.196578e+00 4.854709e+00 -3.000000e+01
      vertex   6.026834e-01 4.963544e+00 -2.500000e+01
    endloop
  endfacet
  facet normal 1.802550e-01 9.836199e-01 4.802959e-17
    outer loop
      vertex   6.026834e-01 4.963544e+00 -2.500000e+01
      vertex   1.196578e+00 4.854709e+00 -3.000000e+01
      vertex   6.026834e-01 4.963544e+00 -3.000000e+01
    endloop
  endfacet
  facet normal 6.037850e-02 9.981756e-01 1.608806e-17
    outer loop
      vertex   6.026834e-01 4.963544e+00 -2.500000e+01
      vertex   6.026834e-01 4.963544e+00 -3.000000e+01
      vertex   0.000000e+00 5.000000e+00 -2.500000e+01
    endloop
  endfacet
  facet normal 6.037850e-02 9.981756e-01 0.000000e+00
    outer loop
      vertex   0.000000e+00 5.000000e+00 -2.500000e+01
      vertex   6.026834e-01 4.963544e+00 -3.000000e+01
      vertex   0.000000e+00 5.000000e+00 -3.000000e+01
    endloop
  endfacet
  facet normal -6.037850e-02 9.981756e-01 0.000000e+00
    outer loop
      vertex   0.000000e+00 5.000000e+00 -2.500000e+01
      vertex   0.000000e+00 5.000000e+00 -3.000000e+01
      vertex   -6.026834e-01 4.963544e+00 -2.500000e+01
    endloop
  endfacet
  facet normal -6.037850e-02 9.981756e-01 -1.608806e-17
    outer loop
      vertex   -6.026834e-01 4.963544e+00 -2.500000e+01
      vertex   0.000000e+00 5.000000e+00 -3.000000e+01
      vertex   -6.026834e-01 4.963544e+00 -3.000000e+01
    endloop
  endfacet
  facet normal -1.802550e-01 9.836199e-01 -4.802959e-17
    outer loop
      vertex   -6.026834e-01 4.963544e+00 -2.500000e+01
      vertex   -6.026834e-01 4.963544e+00 -3.000000e+01
      vertex   -1.196578e+00 4.854709e+00 -2.500000e+01
    endloop
  endfacet
  facet normal -1.802550e-01 9.836199e-01 0.000000e+00
    outer loop
      vertex   -1.196578e+00 4.854709e+00 -2.500000e+01
      vertex   -6.026834e-01 4.963544e+00 -3.000000e+01
      vertex   -1.196578e+00 4.854709e+00 -3.000000e+01
    endloop
  endfacet
  facet normal -2.975031e-01 9.547209e-01 0.000000e+00
    outer loop
      vertex   -1.196578e+00 4.854709e+00 -2.500000e+01
      vertex   -1.196578e+00 4.854709e+00 -3.000000e+01
      vertex   -1.773024e+00 4.675081e+00 -2.500000e+01
    endloop
  endfacet
  facet normal -2.975031e-01 9.547209e-01 -9.248253e-17
    outer loop
      vertex   -1.773024e+00 4.675081e+00 -2.500000e+01
      vertex   -1.196578e+00 4.854709e+00 -3.000000e+01
      vertex   -1.773024e+00 4.675081e+00 -3.000000e+01
    endloop
  endfacet
  facet normal -4.104128e-01 9.118998e-01 -1.275819e-16
    outer loop
      vertex   -1.773024e+00 4.675081e+00 -2.500000e+01
      vertex   -1.773024e+00 4.675081e+00 -3.000000e+01
      vertex   -2.323616e+00 4.427280e+00 -2.500000e+01
    endloop
  endfacet
  facet normal -4.104128e-01 9.118998e-01 0.000000e+00
    outer loop
      vertex   -2.323616e+00 4.427280e+00 -2.500000e+01
      vertex   -1.773024e+00 4.675081e+00 -3.000000e+01
      vertex   -2.323616e+00 4.427280e+00 -3.000000e+01
    endloop
  endfacet
  facet normal -5.173378e-01 8.557813e-01 0.000000e+00
    outer loop
      vertex   -2.323616e+00 4.427280e+00 -2.500000e+01
      vertex   -2.323616e+00 4.427280e+00 -3.000000e+01
      vertex   -2.840324e+00 4.114919e+00 -2.500000e+01
    endloop
  endfacet
  facet normal -5.173378e-01 8.557813e-01 -4.594883e-17
    outer loop
      vertex   -2.840324e+00 4.114919e+00 -2.500000e+01
      vertex   -2.323616e+00 4.427280e+00 -3.000000e+01
      vertex   -2.840324e+00 4.114919e+00 -3.000000e+01
    endloop
  endfacet
  facet normal -6.167189e-01 7.871835e-01 -5.477564e-17
    outer loop
      vertex   -2.840324e+00 4.114919e+00 -2.500000e+01
      vertex   -2.840324e+00 4.114919e+00 -3.000000e+01
      vertex   -3.315613e+00 3.742554e+00 -2.500000e+01
    endloop
  endfacet
  facet normal -6.167189e-01 7.871835e-01 4.542090e-17
    outer loop
      vertex   -3.315613e+00 3.742554e+00 -2.500000e+01
      vertex   -2.840324e+00 4.114919e+00 -3.000000e+01
      vertex   -3.315613e+00 3.742554e+00 -3.000000e+01
    endloop
  endfacet
  facet normal -7.071068e-01 7.071068e-01 0.000000e+00
    outer loop
      vertex   -3.315613e+00 3.742554e+00 -2.500000e+01
      vertex   -3.315613e+00 3.742554e+00 -3.000000e+01
      vertex   -3.742554e+00 3.315613e+00 -2.500000e+01
    endloop
  endfacet
  facet normal -7.071068e-01 7.071068e-01 0.000000e+00
    outer loop
      vertex   -3.742554e+00 3.315613e+00 -2.500000e+01
      vertex   -3.315613e+00 3.742554e+00 -3.000000e+01
      vertex   -3.742554e+00 3.315613e+00 -3.000000e+01
    endloop
  endfacet
  facet normal -7.871835e-01 6.167189e-01 -4.542090e-17
    outer loop
      vertex   -3.742554e+00 3.315613e+00 -2.500000e+01
      vertex   -3.742554e+00 3.315613e+00 -3.000000e+01
      vertex   -4.114919e+00 2.840324e+00 -2.500000e+01
    endloop
  endfacet
  facet normal -7.871835e-01 6.167189e-01 0.000000e+00
    outer loop
      vertex   -4.114919e+00 2.840324e+00 -2.500000e+01
      vertex   -3.742554e+00 3.315613e+00 -3.000000e+01
      vertex   -4.114919e+00 2.840324e+00 -3.000000e+01
    endloop
  endfacet
  facet normal -8.557813e-01 5.173378e-01 0.000000e+00
    outer loop
      vertex   -4.114919e+00 2.840324e+00 -2.500000e+01
      vertex   -4.114919e+00 2.840324e+00 -3.000000e+01
      vertex   -4.427280e+00 2.323616e+00 -2.500000e+01
    endloop
  endfacet
  facet normal -8.557813e-01 5.173378e-01 0.000000e+00
    outer loop
      vertex   -4.427280e+00 2.323616e+00 -2.500000e+01
      vertex   -4.114919e+00 2.840324e+00 -3.000000e+01
      vertex   -4.427280e+00 2.323616e+00 -3.000000e+01
    endloop
  endfacet
  facet normal -9.118998e-01 4.104128e-01 0.000000e+00
    outer loop
      vertex   -4.427280e+00 2.323616e+00 -2.500000e+01
      vertex   -4.427280e+00 2.323616e+00 -3.000000e+01
      vertex   -4.675081e+00 1.773024e+00 -2.500000e+01
    endloop
  endfacet
  facet normal -9.118998e-01 4.104128e-01 1.093559e-16
    outer loop
      vertex   -4.675081e+00 1.773024e+00 -2.500000e+01
      vertex   -4.427280e+00 2.323616e+00 -3.000000e+01
      vertex   -4.675081e+00 1.773024e+00 -3.000000e+01
    endloop
  endfacet
  facet normal -9.547209e-01 2.975031e-01 7.927074e-17
    outer loop
      vertex   -4.675081e+00 1.773024e+00 -2.500000e+01
      vertex   -4.675081e+00 1.773024e+00 -3.000000e+01
      vertex   -4.854709e+00 1.196578e+00 -2.500000e+01
    endloop
  endfacet
  facet normal -9.547209e-01 2.975031e-01 1.321179e-16
    outer loop
      vertex   -4.854709e+00 1.196578e+00 -2.500000e+01
      vertex   -4.675081e+00 1.773024e+00 -3.000000e+01
      vertex   -4.854709e+00 1.196578e+00 -3.000000e+01
    endloop
  endfacet
  facet normal -9.836199e-01 1.802550e-01 8.004932e-17
    outer loop
      vertex   -4.854709e+00 1.196578e+00 -2.500000e+01
      vertex   -4.854709e+00 1.196578e+00 -3.000000e+01
      vertex   -4.963544e+00 6.026834e-01 -2.500000e+01
    endloop
  endfacet
  facet normal -9.836199e-01 1.802550e-01 -1.066841e-16
    outer loop
      vertex   -4.963544e+00 6.026834e-01 -2.500000e+01
      vertex   -4.854709e+00 1.196578e+00 -3.000000e+01
      vertex   -4.963544e+00 6.026834e-01 -3.000000e+01
    endloop
  endfacet
  facet normal -9.981756e-01 6.037850e-02 -1.545202e-16
    outer loop
      vertex   -4.963544e+00 6.026834e-01 -2.500000e+01
      vertex   -4.963544e+00 6.026834e-01 -3.000000e+01
      vertex   -5.000000e+00 0.000000e+00 -2.500000e+01
    endloop
  endfacet
  facet normal -9.981756e-01 6.037850e-02 0.000000e+00
    outer loop
      vertex   -5.000000e+00 0.000000e+00 -2.500000e+01
      vertex   -4.963544e+00 6.026834e-01 -3.000000e+01
      vertex   -5.000000e+00 0.000000e+00 -3.000000e+01
    endloop
  endfacet
  facet normal -0.000000e+00 -8.944272e-01 -4.472136e-01
    outer loop
      vertex   5.000000e+00 -6.381966e+00 -3.223607e+01
      vertex   5.000000e+00 -1.000000e+01 -2.500000e+01
      vertex   -5.000000e+00 -6.381966e+00 -3.223607e+01
    endloop
  endfacet
  facet normal 0.000000e+00 -8.944272e-01 -4.472136e-01
    outer loop
      vertex   -5.000000e+00 -6.381966e+00 -3.223607e+01
      vertex   5.000000e+00 -1.000000e+01 -2.500000e+01
      vertex   -5.000000e+00 -1.000000e+01 -2.500000e+01
    endloop
  endfacet
  facet normal -0.000000e+00 0.000000e+00 1.000000e+00
    outer loop
      vertex   1.714177e+00 1.264773e+01 -3.000000e+01
      vertex   3.742554e+00 3.315613e+00 -3.000000e+01
      vertex   1.750000e+00 1.300000e+01 -3.000000e+01
    endloop
  endfacet
  facet normal -0.000000e+00 0.000000e+00 1.000000e+00
    outer loop
      vertex   1.750000e+00 1.300000e+01 -3.000000e+01
      vertex   3.742554e+00 3.315613e+00 -3.000000e+01
      vertex   5.000000e+00 2.000000e+01 -3.000000e+01
    endloop
  endfacet
  facet normal 0.000000e+00 -0.000000e+00 1.000000e+00
    outer loop
      vertex   1.750000e+00 1.300000e+01 -3.000000e+01
      vertex   5.000000e+00 2.000000e+01 -3.000000e+01
      vertex   1.714177e+00 1.335227e+01 -3.000000e+01
    endloop
  endfacet
  facet normal 0.000000e+00 -0.000000e+00 1.000000e+00
    outer loop
      vertex   1.714177e+00 1.335227e+01 -3.000000e+01
      vertex   5.000000e+00 2.000000e+01 -3.000000e+01
      vertex   1.608176e+00 1.369012e+01 -3.000000e+01
    endloop
  endfacet
  facet normal 0.000000e+00 -0.000000e+00 1.000000e+00
    outer loop
      vertex   1.608176e+00 1.369012e+01 -3.000000e+01
      vertex   5.000000e+00 2.000000e+01 -3.000000e+01
      vertex   1.436336e+00 1.399972e+01 -3.000000e+01
    endloop
  endfacet
  facet normal 0.000000e+00 -0.000000e+00 1.000000e+00
    outer loop
      vertex   1.436336e+00 1.399972e+01 -3.000000e+01
      vertex   5.000000e+00 2.000000e+01 -3.000000e+01
      vertex   1.205692e+00 1.426839e+01 -3.000000e+01
    endloop
  endfacet
  facet normal 0.000000e+00 -0.000000e+00 1.000000e+00
    outer loop
      vertex   1.205692e+00 1.426839e+01 -3.000000e+01
      vertex   5.000000e+00 2.000000e+01 -3.000000e+01
      vertex   9.256870e-01 1.448513e+01 -3.000000e+01
    endloop
  endfacet
  facet normal 0.000000e+00 -0.000000e+00 1.000000e+00
    outer loop
      vertex   9.256870e-01 1.448513e+01 -3.000000e+01
      vertex   5.000000e+00 2.000000e+01 -3.000000e+01
      vertex   6.077842e-01 1.464107e+01 -3.000000e+01
    endloop
  endfacet
  facet normal 0.000000e+00 -0.000000e+00 1.000000e+00
    outer loop
      vertex   6.077842e-01 1.464107e+01 -3.000000e+01
      vertex   5.000000e+00 2.000000e+01 -3.000000e+01
      vertex   2.649986e-01 1.472982e+01 -3.000000e+01
    endloop
  endfacet
  facet normal 0.000000e+00 -0.000000e+00 1.000000e+00
    outer loop
      vertex   2.649986e-01 1.472982e+01 -3.000000e+01
      vertex   5.000000e+00 2.000000e+01 -3.000000e+01
      vertex   -8.863605e-02 1.474775e+01 -3.000000e+01
    endloop
  endfacet
  facet normal 0.000000e+00 -0.000000e+00 1.000000e+00
    outer loop
      vertex   -8.863605e-02 1.474775e+01 -3.000000e+01
      vertex   5.000000e+00 2.000000e+01 -3.000000e+01
      vertex   -5.000000e+00 2.000000e+01 -3.000000e+01
    endloop
  endfacet
  facet normal 0.000000e+00 0.000000e+00 1.000000e+00
    outer loop
      vertex   -8.863605e-02 1.474775e+01 -3.000000e+01
      vertex   -5.000000e+00 2.000000e+01 -3.000000e+01
      vertex   -4.386419e-01 1.469414e+01 -3.000000e+01
    endloop
  endfacet
  facet normal 0.000000e+00 0.000000e+00 1.000000e+00
    outer loop
      vertex   -4.386419e-01 1.469414e+01 -3.000000e+01
      vertex   -5.000000e+00 2.000000e+01 -3.000000e+01
      vertex   -7.706898e-01 1.457116e+01 -3.000000e+01
    endloop
  endfacet
  facet normal 0.000000e+00 0.000000e+00 1.000000e+00
    outer loop
      vertex   -7.706898e-01 1.457116e+01 -3.000000e+01
      vertex   -5.000000e+00 2.000000e+01 -3.000000e+01
      vertex   -1.071185e+00 1.438386e+01 -3.000000e+01
    endloop
  endfacet
  facet normal 0.000000e+00 0.000000e+00 1.000000e+00
    outer loop
      vertex   -1.071185e+00 1.438386e+01 -3.000000e+01
      vertex   -5.000000e+00 2.000000e+01 -3.000000e+01
      vertex   -1.327827e+00 1.413990e+01 -3.000000e+01
    endloop
  endfacet
  facet normal 0.000000e+00 0.000000e+00 1.000000e+00
    outer loop
      vertex   -1.327827e+00 1.413990e+01 -3.000000e+01
      vertex   -5.000000e+00 2.000000e+01 -3.000000e+01
      vertex   -1.530107e+00 1.384928e+01 -3.000000e+01
    endloop
  endfacet
  facet normal 0.000000e+00 0.000000e+00 1.000000e+00
    outer loop
      vertex   -1.530107e+00 1.384928e+01 -3.000000e+01
      vertex   -5.000000e+00 2.000000e+01 -3.000000e+01
      vertex   -1.669744e+00 1.352389e+01 -3.000000e+01
    endloop
  endfacet
  facet normal 0.000000e+00 0.000000e+00 1.000000e+00
    outer loop
      vertex   -1.669744e+00 1.352389e+01 -3.000000e+01
      vertex   -5.000000e+00 2.000000e+01 -3.000000e+01
      vertex   -1.741021e+00 1.317704e+01 -3.000000e+01
    endloop
  endfacet
  facet normal 0.000000e+00 0.000000e+00 1.000000e+00
    outer loop
      vertex   -1.741021e+00 1.317704e+01 -3.000000e+01
      vertex   -5.000000e+00 2.000000e+01 -3.000000e+01
      vertex   -1.741021e+00 1.282296e+01 -3.000000e+01
    endloop
  endfacet
  facet normal 0.000000e+00 0.000000e+00 1.000000e+00
    outer loop
      vertex   -1.741021e+00 1.282296e+01 -3.000000e+01
      vertex   -5.000000e+00 2.000000e+01 -3.000000e+01
      vertex   -3.742554e+00 3.315613e+00 -3.000000e+01
    endloop
  endfacet
  facet normal 0.000000e+00 0.000000e+00 1.000000e+00
    outer loop
      vertex   -1.741021e+00 1.282296e+01 -3.000000e+01
      vertex   -3.742554e+00 3.315613e+00 -3.000000e+01
      vertex   -3.315613e+00 3.742554e+00 -3.000000e+01
    endloop
  endfacet
  facet normal 0.000000e+00 0.000000e+00 1.000000e+00
    outer loop
      vertex   3.742554e+00 3.315613e+00 -3.000000e+01
      vertex   1.714177e+00 1.264773e+01 -3.000000e+01
      vertex   3.315613e+00 3.742554e+00 -3.000000e+01
    endloop
  endfacet
  facet normal 0.000000e+00 0.000000e+00 1.000000e+00
    outer loop
      vertex   3.315613e+00 3.742554e+00 -3.000000e+01
      vertex   1.714177e+00 1.264773e+01 -3.000000e+01
      vertex   1.608176e+00 1.230988e+01 -3.000000e+01
    endloop
  endfacet
  facet normal 0.000000e+00 0.000000e+00 1.000000e+00
    outer loop
      vertex   3.315613e+00 3.742554e+00 -3.000000e+01
      vertex   1.608176e+00 1.230988e+01 -3.000000e+01
      vertex   2.840324e+00 4.114919e+00 -3.000000e+01
    endloop
  endfacet
  facet normal 0.000000e+00 0.000000e+00 1.000000e+00
    outer loop
      vertex   2.840324e+00 4.114919e+00 -3.000000e+01
      vertex   1.608176e+00 1.230988e+01 -3.000000e+01
      vertex   2.323616e+00 4.427280e+00 -3.000000e+01
    endloop
  endfacet
  facet normal 0.000000e+00 0.000000e+00 1.000000e+00
    outer loop
      vertex   2.323616e+00 4.427280e+00 -3.000000e+01
      vertex   1.608176e+00 1.230988e+01 -3.000000e+01
      vertex   1.436336e+00 1.200028e+01 -3.000000e+01
    endloop
  endfacet
  facet normal 0.000000e+00 0.000000e+00 1.000000e+00
    outer loop
      vertex   2.323616e+00 4.427280e+00 -3.000000e+01
      vertex   1.436336e+00 1.200028e+01 -3.000000e+01
      vertex   1.773024e+00 4.675081e+00 -3.000000e+01
    endloop
  endfacet
  facet normal 0.000000e+00 0.000000e+00 1.000000e+00
    outer loop
      vertex   1.773024e+00 4.675081e+00 -3.000000e+01
      vertex   1.436336e+00 1.200028e+01 -3.000000e+01
      vertex   1.205692e+00 1.173161e+01 -3.000000e+01
    endloop
  endfacet
  facet normal 0.000000e+00 0.000000e+00 1.000000e+00
    outer loop
      vertex   1.773024e+00 4.675081e+00 -3.000000e+01
      vertex   1.205692e+00 1.173161e+01 -3.000000e+01
      vertex   1.196578e+00 4.854709e+00 -3.000000e+01
    endloop
  endfacet
  facet normal 0.000000e+00 -0.000000e+00 1.000000e+00
    outer loop
      vertex   1.196578e+00 4.854709e+00 -3.000000e+01
      vertex   1.205692e+00 1.173161e+01 -3.000000e+01
      vertex   9.256870e-01 1.151487e+01 -3.000000e+01
    endloop
  endfacet
  facet normal 0.000000e+00 0.000000e+00 1.000000e+00
    outer loop
      vertex   1.196578e+00 4.854709e+00 -3.000000e+01
      vertex   9.256870e-01 1.151487e+01 -3.000000e+01
      vertex   6.077842e-01 1.135893e+01 -3.000000e+01
    endloop
  endfacet
  facet normal 0.000000e+00 0.000000e+00 1.000000e+00
    outer loop
      vertex   1.196578e+00 4.854709e+00 -3.000000e+01
      vertex   6.077842e-01 1.135893e+01 -3.000000e+01
      vertex   6.026834e-01 4.963544e+00 -3.000000e+01
    endloop
  endfacet
  facet normal 0.000000e+00 -0.000000e+00 1.000000e+00
    outer loop
      vertex   6.026834e-01 4.963544e+00 -3.000000e+01
      vertex   6.077842e-01 1.135893e+01 -3.000000e+01
      vertex   2.649986e-01 1.127018e+01 -3.000000e+01
    endloop
  endfacet
  facet normal 0.000000e+00 0.000000e+00 1.000000e+00
    outer loop
      vertex   6.026834e-01 4.963544e+00 -3.000000e+01
      vertex   2.649986e-01 1.127018e+01 -3.000000e+01
      vertex   0.000000e+00 5.000000e+00 -3.000000e+01
    endloop
  endfacet
  facet normal 0.000000e+00 -0.000000e+00 1.000000e+00
    outer loop
      vertex   0.000000e+00 5.000000e+00 -3.000000e+01
      vertex   2.649986e-01 1.127018e+01 -3.000000e+01
      vertex   -8.863605e-02 1.125225e+01 -3.000000e+01
    endloop
  endfacet
  facet normal 0.000000e+00 0.000000e+00 1.000000e+00
    outer loop
      vertex   0.000000e+00 5.000000e+00 -3.000000e+01
      vertex   -8.863605e-02 1.125225e+01 -3.000000e+01
      vertex   -6.026834e-01 4.963544e+00 -3.000000e+01
    endloop
  endfacet
  facet normal 0.000000e+00 0.000000e+00 1.000000e+00
    outer loop
      vertex   -6.026834e-01 4.963544e+00 -3.000000e+01
      vertex   -8.863605e-02 1.125225e+01 -3.000000e+01
      vertex   -4.386419e-01 1.130587e+01 -3.000000e+01
    endloop
  endfacet
  facet normal 0.000000e+00 -0.000000e+00 1.000000e+00
    outer loop
      vertex   -6.026834e-01 4.963544e+00 -3.000000e+01
      vertex   -4.386419e-01 1.130587e+01 -3.000000e+01
      vertex   -7.706898e-01 1.142884e+01 -3.000000e+01
    endloop
  endfacet
  facet normal 0.000000e+00 0.000000e+00 1.000000e+00
    outer loop
      vertex   -6.026834e-01 4.963544e+00 -3.000000e+01
      vertex   -7.706898e-01 1.142884e+01 -3.000000e+01
      vertex   -1.196578e+00 4.854709e+00 -3.000000e+01
    endloop
  endfacet
  facet normal 0.000000e+00 0.000000e+00 1.000000e+00
    outer loop
      vertex   -1.196578e+00 4.854709e+00 -3.000000e+01
      vertex   -7.706898e-01 1.142884e+01 -3.000000e+01
      vertex   -1.071185e+00 1.161614e+01 -3.000000e+01
    endloop
  endfacet
  facet normal 0.000000e+00 -0.000000e+00 1.000000e+00
    outer loop
      vertex   -1.196578e+00 4.854709e+00 -3.000000e+01
      vertex   -1.071185e+00 1.161614e+01 -3.000000e+01
      vertex   -1.773024e+00 4.675081e+00 -3.000000e+01
    endloop
  endfacet
  facet normal 0.000000e+00 0.000000e+00 1.000000e+00
    outer loop
      vertex   -1.773024e+00 4.675081e+00 -3.000000e+01
      vertex   -1.071185e+00 1.161614e+01 -3.000000e+01
      vertex   -1.327827e+00 1.186010e+01 -3.000000e+01
    endloop
  endfacet
  facet normal 0.000000e+00 -0.000000e+00 1.000000e+00
    outer loop
      vertex   -1.773024e+00 4.675081e+00 -3.000000e+01
      vertex   -1.327827e+00 1.186010e+01 -3.000000e+01
      vertex   -2.323616e+00 4.427280e+00 -3.000000e+01
    endloop
  endfacet
  facet normal 0.000000e+00 0.000000e+00 1.000000e+00
    outer loop
      vertex   -2.323616e+00 4.427280e+00 -3.000000e+01
      vertex   -1.327827e+00 1.186010e+01 -3.000000e+01
      vertex   -1.530107e+00 1.215072e+01 -3.000000e+01
    endloop
  endfacet
  facet normal 0.000000e+00 -0.000000e+00 1.000000e+00
    outer loop
      vertex   -2.323616e+00 4.427280e+00 -3.000000e+01
      vertex   -1.530107e+00 1.215072e+01 -3.000000e+01
      vertex   -2.840324e+00 4.114919e+00 -3.000000e+01
    endloop
  endfacet
  facet normal 0.000000e+00 0.000000e+00 1.000000e+00
    outer loop
      vertex   -2.840324e+00 4.114919e+00 -3.000000e+01
      vertex   -1.530107e+00 1.215072e+01 -3.000000e+01
      vertex   -1.669744e+00 1.247611e+01 -3.000000e+01
    endloop
  endfacet
  facet normal 0.000000e+00 -0.000000e+00 1.000000e+00
    outer loop
      vertex   -2.840324e+00 4.114919e+00 -3.000000e+01
      vertex   -1.669744e+00 1.247611e+01 -3.000000e+01
      vertex   -3.315613e+00 3.742554e+00 -3.000000e+01
    endloop
  endfacet
  facet normal 0.000000e+00 0.000000e+00 1.000000e+00
    outer loop
      vertex   -3.315613e+00 3.742554e+00 -3.000000e+01
      vertex   -1.669744e+00 1.247611e+01 -3.000000e+01
      vertex   -1.741021e+00 1.282296e+01 -3.000000e+01
    endloop
  endfacet
  facet normal 0.000000e+00 -0.000000e+00 1.000000e+00
    outer loop
      vertex   5.000000e+00 0.000000e+00 -3.000000e+01
      vertex   5.000000e+00 2.000000e+01 -3.000000e+01
      vertex   4.963544e+00 6.026834e-01 -3.000000e+01
    endloop
  endfacet
  facet normal 0.000000e+00 -0.000000e+00 1.000000e+00
    outer loop
      vertex   4.963544e+00 6.026834e-01 -3.000000e+01
      vertex   5.000000e+00 2.000000e+01 -3.000000e+01
      vertex   4.854709e+00 1.196578e+00 -3.000000e+01
    endloop
  endfacet
  facet normal 0.000000e+00 -0.000000e+00 1.000000e+00
    outer loop
      vertex   4.854709e+00 1.196578e+00 -3.000000e+01
      vertex   5.000000e+00 2.000000e+01 -3.000000e+01
      vertex   4.675081e+00 1.773024e+00 -3.000000e+01
    endloop
  endfacet
  facet normal 0.000000e+00 -0.000000e+00 1.000000e+00
    outer loop
      vertex   4.675081e+00 1.773024e+00 -3.000000e+01
      vertex   5.000000e+00 2.000000e+01 -3.000000e+01
      vertex   4.427280e+00 2.323616e+00 -3.000000e+01
    endloop
  endfacet
  facet normal 0.000000e+00 -0.000000e+00 1.000000e+00
    outer loop
      vertex   4.427280e+00 2.323616e+00 -3.000000e+01
      vertex   5.000000e+00 2.000000e+01 -3.000000e+01
      vertex   4.114919e+00 2.840324e+00 -3.000000e+01
    endloop
  endfacet
  facet normal 0.000000e+00 -0.000000e+00 1.000000e+00
    outer loop
      vertex   4.114919e+00 2.840324e+00 -3.000000e+01
      vertex   5.000000e+00 2.000000e+01 -3.000000e+01
      vertex   3.742554e+00 3.315613e+00 -3.000000e+01
    endloop
  endfacet
  facet normal 0.000000e+00 0.000000e+00 1.000000e+00
    outer loop
      vertex   -5.000000e+00 0.000000e+00 -3.000000e+01
      vertex   -4.963544e+00 6.026834e-01 -3.000000e+01
      vertex   -5.000000e+00 2.000000e+01 -3.000000e+01
    endloop
  endfacet
  facet normal 0.000000e+00 0.000000e+00 1.000000e+00
    outer loop
      vertex   -5.000000e+00 2.000000e+01 -3.000000e+01
      vertex   -4.963544e+00 6.026834e-01 -3.000000e+01
      vertex   -4.854709e+00 1.196578e+00 -3.000000e+01
    endloop
  endfacet
  facet normal 0.000000e+00 0.000000e+00 1.000000e+00
    outer loop
      vertex   -5.000000e+00 2.000000e+01 -3.000000e+01
      vertex   -4.854709e+00 1.196578e+00 -3.000000e+01
      vertex   -4.675081e+00 1.773024e+00 -3.000000e+01
    endloop
  endfacet
  facet normal 0.000000e+00 -0.000000e+00 1.000000e+00
    outer loop
      vertex   -4.675081e+00 1.773024e+00 -3.000000e+01
      vertex   -4.427280e+00 2.323616e+00 -3.000000e+01
      vertex   -5.000000e+00 2.000000e+01 -3.000000e+01
    endloop
  endfacet
  facet normal 0.000000e+00 0.000000e+00 1.000000e+00
    outer loop
      vertex   -5.000000e+00 2.000000e+01 -3.000000e+01
      vertex   -4.427280e+00 2.323616e+00 -3.000000e+01
      vertex   -4.114919e+00 2.840324e+00 -3.000000e+01
    endloop
  endfacet
  facet normal 0.000000e+00 0.000000e+00 1.000000e+00
    outer loop
      vertex   -5.000000e+00 2.000000e+01 -3.000000e+01
      vertex   -4.114919e+00 2.840324e+00 -3.000000e+01
      vertex   -3.742554e+00 3.315613e+00 -3.000000e+01
    endloop
  endfacet
  facet normal 0.000000e+00 1.000000e+00 0.000000e+00
    outer loop
      vertex   -5.000000e+00 2.000000e+01 -3.300000e+01
      vertex   -5.000000e+00 2.000000e+01 -3.000000e+01
      vertex   5.000000e+00 2.000000e+01 -3.300000e+01
    endloop
  endfacet
  facet normal 0.000000e+00 1.000000e+00 -0.000000e+00
    outer loop
      vertex   5.000000e+00 2.000000e+01 -3.300000e+01
      vertex   -5.000000e+00 2.000000e+01 -3.000000e+01
      vertex   5.000000e+00 2.000000e+01 -3.000000e+01
    endloop
  endfacet
  facet normal 1.000000e+00 0.000000e+00 -0.000000e+00
    outer loop
      vertex   5.000000e+00 1.834730e+01 -3.496962e+01
      vertex   5.000000e+00 1.868404e+01 -3.487939e+01
      vertex   5.000000e+00 1.800000e+01 -3.500000e+01
    endloop
  endfacet
  facet normal 1.000000e+00 0.000000e+00 0.000000e+00
    outer loop
      vertex   5.000000e+00 1.800000e+01 -3.500000e+01
      vertex   5.000000e+00 1.868404e+01 -3.487939e+01
      vertex   5.000000e+00 1.900000e+01 -3.473205e+01
    endloop
  endfacet
  facet normal 1.000000e+00 0.000000e+00 0.000000e+00
    outer loop
      vertex   5.000000e+00 1.800000e+01 -3.500000e+01
      vertex   5.000000e+00 1.900000e+01 -3.473205e+01
      vertex   5.000000e+00 1.928558e+01 -3.453209e+01
    endloop
  endfacet
  facet normal 1.000000e+00 0.000000e+00 -0.000000e+00
    outer loop
      vertex   5.000000e+00 1.928558e+01 -3.453209e+01
      vertex   5.000000e+00 1.953209e+01 -3.428558e+01
      vertex   5.000000e+00 1.800000e+01 -3.500000e+01
    endloop
  endfacet
  facet normal 1.000000e+00 0.000000e+00 0.000000e+00
    outer loop
      vertex   5.000000e+00 1.800000e+01 -3.500000e+01
      vertex   5.000000e+00 1.953209e+01 -3.428558e+01
      vertex   5.000000e+00 1.973205e+01 -3.400000e+01
    endloop
  endfacet
  facet normal 1.000000e+00 0.000000e+00 0.000000e+00
    outer loop
      vertex   5.000000e+00 1.800000e+01 -3.500000e+01
      vertex   5.000000e+00 1.973205e+01 -3.400000e+01
      vertex   5.000000e+00 1.987939e+01 -3.368404e+01
    endloop
  endfacet
  facet normal 1.000000e+00 0.000000e+00 -0.000000e+00
    outer loop
      vertex   5.000000e+00 1.987939e+01 -3.368404e+01
      vertex   5.000000e+00 1.996962e+01 -3.334730e+01
      vertex   5.000000e+00 1.800000e+01 -3.500000e+01
    endloop
  endfacet
  facet normal 1.000000e+00 0.000000e+00 0.000000e+00
    outer loop
      vertex   5.000000e+00 1.800000e+01 -3.500000e+01
      vertex   5.000000e+00 1.996962e+01 -3.334730e+01
      vertex   5.000000e+00 2.000000e+01 -3.300000e+01
    endloop
  endfacet
  facet normal 1.000000e+00 0.000000e+00 -0.000000e+00
    outer loop
      vertex   5.000000e+00 1.800000e+01 -3.500000e+01
      vertex   5.000000e+00 2.000000e+01 -3.300000e+01
      vertex   5.000000e+00 0.000000e+00 -3.000000e+01
    endloop
  endfacet
  facet normal 1.000000e+00 -0.000000e+00 0.000000e+00
    outer loop
      vertex   5.000000e+00 0.000000e+00 -3.000000e+01
      vertex   5.000000e+00 2.000000e+01 -3.300000e+01
      vertex   5.000000e+00 2.000000e+01 -3.000000e+01
    endloop
  endfacet
  facet normal 1.000000e+00 0.000000e+00 0.000000e+00
    outer loop
      vertex   5.000000e+00 0.000000e+00 -2.500000e+01
      vertex   5.000000e+00 -1.000000e+01 -2.500000e+01
      vertex   5.000000e+00 0.000000e+00 -3.000000e+01
    endloop
  endfacet
  facet normal 1.000000e+00 0.000000e+00 0.000000e+00
    outer loop
      vertex   5.000000e+00 0.000000e+00 -3.000000e+01
      vertex   5.000000e+00 -1.000000e+01 -2.500000e+01
      vertex   5.000000e+00 -6.381966e+00 -3.223607e+01
    endloop
  endfacet
  facet normal 1.000000e+00 0.000000e+00 0.000000e+00
    outer loop
      vertex   5.000000e+00 0.000000e+00 -3.000000e+01
      vertex   5.000000e+00 -6.381966e+00 -3.223607e+01
      vertex   5.000000e+00 -6.073790e+00 -3.276793e+01
    endloop
  endfacet
  facet normal 1.000000e+00 -0.000000e+00 0.000000e+00
    outer loop
      vertex   5.000000e+00 -6.073790e+00 -3.276793e+01
      vertex   5.000000e+00 -5.702680e+00 -3.325796e+01
      vertex   5.000000e+00 0.000000e+00 -3.000000e+01
    endloop
  endfacet
  facet normal 1.000000e+00 0.000000e+00 0.000000e+00
    outer loop
      vertex   5.000000e+00 0.000000e+00 -3.000000e+01
      vertex   5.000000e+00 -5.702680e+00 -3.325796e+01
      vertex   5.000000e+00 -5.274245e+00 -3.369874e+01
    endloop
  endfacet
  facet normal 1.000000e+00 0.000000e+00 0.000000e+00
    outer loop
      vertex   5.000000e+00 0.000000e+00 -3.000000e+01
      vertex   5.000000e+00 -5.274245e+00 -3.369874e+01
      vertex   5.000000e+00 -1.909830e+00 -3.500000e+01
    endloop
  endfacet
  facet normal 1.000000e+00 0.000000e+00 0.000000e+00
    outer loop
      vertex   5.000000e+00 -1.909830e+00 -3.500000e+01
      vertex   5.000000e+00 -5.274245e+00 -3.369874e+01
      vertex   5.000000e+00 -4.794960e+00 -3.408363e+01
    endloop
  endfacet
  facet normal 1.000000e+00 0.000000e+00 0.000000e+00
    outer loop
      vertex   5.000000e+00 -1.909830e+00 -3.500000e+01
      vertex   5.000000e+00 -4.794960e+00 -3.408363e+01
      vertex   5.000000e+00 -4.272069e+00 -3.440679e+01
    endloop
  endfacet
  facet normal 1.000000e+00 0.000000e+00 0.000000e+00
    outer loop
      vertex   5.000000e+00 -4.272069e+00 -3.440679e+01
      vertex   5.000000e+00 -3.713476e+00 -3.466335e+01
      vertex   5.000000e+00 -1.909830e+00 -3.500000e+01
    endloop
  endfacet
  facet normal 1.000000e+00 0.000000e+00 0.000000e+00
    outer loop
      vertex   5.000000e+00 -1.909830e+00 -3.500000e+01
      vertex   5.000000e+00 -3.713476e+00 -3.466335e+01
      vertex   5.000000e+00 -3.127622e+00 -3.484943e+01
    endloop
  endfacet
  facet normal 1.000000e+00 0.000000e+00 0.000000e+00
    outer loop
      vertex   5.000000e+00 -1.909830e+00 -3.500000e+01
      vertex   5.000000e+00 -3.127622e+00 -3.484943e+01
      vertex   5.000000e+00 -2.523363e+00 -3.496222e+01
    endloop
  endfacet
  facet normal 1.000000e+00 0.000000e+00 0.000000e+00
    outer loop
      vertex   5.000000e+00 -1.909830e+00 -3.500000e+01
      vertex   5.000000e+00 1.800000e+01 -3.500000e+01
      vertex   5.000000e+00 0.000000e+00 -3.000000e+01
    endloop
  endfacet
  facet normal 0.000000e+00 0.000000e+00 -1.000000e+00
    outer loop
      vertex   1.714177e+00 1.335227e+01 -2.500000e+01
      vertex   9.500000e+00 2.500000e+01 -2.500000e+01
      vertex   1.750000e+00 1.300000e+01 -2.500000e+01
    endloop
  endfacet
  facet normal 0.000000e+00 0.000000e+00 -1.000000e+00
    outer loop
      vertex   1.750000e+00 1.300000e+01 -2.500000e+01
      vertex   9.500000e+00 2.500000e+01 -2.500000e+01
      vertex   4.114919e+00 2.840324e+00 -2.500000e+01
    endloop
  endfacet
  facet normal 0.000000e+00 0.000000e+00 -1.000000e+00
    outer loop
      vertex   1.750000e+00 1.300000e+01 -2.500000e+01
      vertex   4.114919e+00 2.840324e+00 -2.500000e+01
      vertex   3.742554e+00 3.315613e+00 -2.500000e+01
    endloop
  endfacet
  facet normal 0.000000e+00 0.000000e+00 -1.000000e+00
    outer loop
      vertex   1.714177e+00 1.335227e+01 -2.500000e+01
      vertex   1.608176e+00 1.369012e+01 -2.500000e+01
      vertex   9.500000e+00 2.500000e+01 -2.500000e+01
    endloop
  endfacet
  facet normal 0.000000e+00 0.000000e+00 -1.000000e+00
    outer loop
      vertex   9.500000e+00 2.500000e+01 -2.500000e+01
      vertex   1.608176e+00 1.369012e+01 -2.500000e+01
      vertex   1.436336e+00 1.399972e+01 -2.500000e+01
    endloop
  endfacet
  facet normal 0.000000e+00 0.000000e+00 -1.000000e+00
    outer loop
      vertex   9.500000e+00 2.500000e+01 -2.500000e+01
      vertex   1.436336e+00 1.399972e+01 -2.500000e+01
      vertex   1.205692e+00 1.426839e+01 -2.500000e+01
    endloop
  endfacet
  facet normal 0.000000e+00 0.000000e+00 -1.000000e+00
    outer loop
      vertex   1.205692e+00 1.426839e+01 -2.500000e+01
      vertex   9.256870e-01 1.448513e+01 -2.500000e+01
      vertex   9.500000e+00 2.500000e+01 -2.500000e+01
    endloop
  endfacet
  facet normal 0.000000e+00 0.000000e+00 -1.000000e+00
    outer loop
      vertex   9.500000e+00 2.500000e+01 -2.500000e+01
      vertex   9.256870e-01 1.448513e+01 -2.500000e+01
      vertex   6.077842e-01 1.464107e+01 -2.500000e+01
    endloop
  endfacet
  facet normal 0.000000e+00 0.000000e+00 -1.000000e+00
    outer loop
      vertex   9.500000e+00 2.500000e+01 -2.500000e+01
      vertex   6.077842e-01 1.464107e+01 -2.500000e+01
      vertex   2.649986e-01 1.472982e+01 -2.500000e+01
    endloop
  endfacet
  facet normal 0.000000e+00 0.000000e+00 -1.000000e+00
    outer loop
      vertex   2.649986e-01 1.472982e+01 -2.500000e+01
      vertex   -8.863605e-02 1.474775e+01 -2.500000e+01
      vertex   9.500000e+00 2.500000e+01 -2.500000e+01
    endloop
  endfacet
  facet normal -0.000000e+00 0.000000e+00 -1.000000e+00
    outer loop
      vertex   9.500000e+00 2.500000e+01 -2.500000e+01
      vertex   -8.863605e-02 1.474775e+01 -2.500000e+01
      vertex   -9.500000e+00 2.500000e+01 -2.500000e+01
    endloop
  endfacet
  facet normal 0.000000e+00 0.000000e+00 -1.000000e+00
    outer loop
      vertex   -9.500000e+00 2.500000e+01 -2.500000e+01
      vertex   -8.863605e-02 1.474775e+01 -2.500000e+01
      vertex   -4.386419e-01 1.469414e+01 -2.500000e+01
    endloop
  endfacet
  facet normal 0.000000e+00 0.000000e+00 -1.000000e+00
    outer loop
      vertex   -9.500000e+00 2.500000e+01 -2.500000e+01
      vertex   -4.386419e-01 1.469414e+01 -2.500000e+01
      vertex   -7.706898e-01 1.457116e+01 -2.500000e+01
    endloop
  endfacet
  facet normal -0.000000e+00 0.000000e+00 -1.000000e+00
    outer loop
      vertex   -7.706898e-01 1.457116e+01 -2.500000e+01
      vertex   -1.071185e+00 1.438386e+01 -2.500000e+01
      vertex   -9.500000e+00 2.500000e+01 -2.500000e+01
    endloop
  endfacet
  facet normal 0.000000e+00 0.000000e+00 -1.000000e+00
    outer loop
      vertex   -9.500000e+00 2.500000e+01 -2.500000e+01
      vertex   -1.071185e+00 1.438386e+01 -2.500000e+01
      vertex   -1.327827e+00 1.413990e+01 -2.500000e+01
    endloop
  endfacet
  facet normal 0.000000e+00 0.000000e+00 -1.000000e+00
    outer loop
      vertex   -9.500000e+00 2.500000e+01 -2.500000e+01
      vertex   -1.327827e+00 1.413990e+01 -2.500000e+01
      vertex   -1.530107e+00 1.384928e+01 -2.500000e+01
    endloop
  endfacet
  facet normal -0.000000e+00 0.000000e+00 -1.000000e+00
    outer loop
      vertex   -1.530107e+00 1.384928e+01 -2.500000e+01
      vertex   -1.669744e+00 1.352389e+01 -2.500000e+01
      vertex   -9.500000e+00 2.500000e+01 -2.500000e+01
    endloop
  endfacet
  facet normal 0.000000e+00 0.000000e+00 -1.000000e+00
    outer loop
      vertex   -9.500000e+00 2.500000e+01 -2.500000e+01
      vertex   -1.669744e+00 1.352389e+01 -2.500000e+01
      vertex   -1.741021e+00 1.317704e+01 -2.500000e+01
    endloop
  endfacet
  facet normal 0.000000e+00 0.000000e+00 -1.000000e+00
    outer loop
      vertex   -9.500000e+00 2.500000e+01 -2.500000e+01
      vertex   -1.741021e+00 1.317704e+01 -2.500000e+01
      vertex   -1.741021e+00 1.282296e+01 -2.500000e+01
    endloop
  endfacet
  facet normal -0.000000e+00 0.000000e+00 -1.000000e+00
    outer loop
      vertex   -1.669744e+00 1.247611e+01 -2.500000e+01
      vertex   -3.742554e+00 3.315613e+00 -2.500000e+01
      vertex   -1.741021e+00 1.282296e+01 -2.500000e+01
    endloop
  endfacet
  facet normal 0.000000e+00 0.000000e+00 -1.000000e+00
    outer loop
      vertex   -1.741021e+00 1.282296e+01 -2.500000e+01
      vertex   -3.742554e+00 3.315613e+00 -2.500000e+01
      vertex   -4.114919e+00 2.840324e+00 -2.500000e+01
    endloop
  endfacet
  facet normal -0.000000e+00 0.000000e+00 -1.000000e+00
    outer loop
      vertex   -1.741021e+00 1.282296e+01 -2.500000e+01
      vertex   -4.114919e+00 2.840324e+00 -2.500000e+01
      vertex   -9.500000e+00 2.500000e+01 -2.500000e+01
    endloop
  endfacet
  facet normal 0.000000e+00 0.000000e+00 -1.000000e+00
    outer loop
      vertex   -9.500000e+00 2.500000e+01 -2.500000e+01
      vertex   -4.114919e+00 2.840324e+00 -2.500000e+01
      vertex   -4.427280e+00 2.323616e+00 -2.500000e+01
    endloop
  endfacet
  facet normal 0.000000e+00 0.000000e+00 -1.000000e+00
    outer loop
      vertex   -9.500000e+00 2.500000e+01 -2.500000e+01
      vertex   -4.427280e+00 2.323616e+00 -2.500000e+01
      vertex   -4.675081e+00 1.773024e+00 -2.500000e+01
    endloop
  endfacet
  facet normal -0.000000e+00 0.000000e+00 -1.000000e+00
    outer loop
      vertex   -1.530107e+00 1.215072e+01 -2.500000e+01
      vertex   -2.840324e+00 4.114919e+00 -2.500000e+01
      vertex   -1.669744e+00 1.247611e+01 -2.500000e+01
    endloop
  endfacet
  facet normal 0.000000e+00 0.000000e+00 -1.000000e+00
    outer loop
      vertex   -1.669744e+00 1.247611e+01 -2.500000e+01
      vertex   -2.840324e+00 4.114919e+00 -2.500000e+01
      vertex   -3.315613e+00 3.742554e+00 -2.500000e+01
    endloop
  endfacet
  facet normal 0.000000e+00 0.000000e+00 -1.000000e+00
    outer loop
      vertex   -1.669744e+00 1.247611e+01 -2.500000e+01
      vertex   -3.315613e+00 3.742554e+00 -2.500000e+01
      vertex   -3.742554e+00 3.315613e+00 -2.500000e+01
    endloop
  endfacet
  facet normal 0.000000e+00 0.000000e+00 -1.000000e+00
    outer loop
      vertex   -2.840324e+00 4.114919e+00 -2.500000e+01
      vertex   -1.530107e+00 1.215072e+01 -2.500000e+01
      vertex   -2.323616e+00 4.427280e+00 -2.500000e+01
    endloop
  endfacet
  facet normal 0.000000e+00 0.000000e+00 -1.000000e+00
    outer loop
      vertex   -2.323616e+00 4.427280e+00 -2.500000e+01
      vertex   -1.530107e+00 1.215072e+01 -2.500000e+01
      vertex   -1.327827e+00 1.186010e+01 -2.500000e+01
    endloop
  endfacet
  facet normal 0.000000e+00 0.000000e+00 -1.000000e+00
    outer loop
      vertex   -2.323616e+00 4.427280e+00 -2.500000e+01
      vertex   -1.327827e+00 1.186010e+01 -2.500000e+01
      vertex   -1.773024e+00 4.675081e+00 -2.500000e+01
    endloop
  endfacet
  facet normal 0.000000e+00 0.000000e+00 -1.000000e+00
    outer loop
      vertex   -1.773024e+00 4.675081e+00 -2.500000e+01
      vertex   -1.327827e+00 1.186010e+01 -2.500000e+01
      vertex   -1.071185e+00 1.161614e+01 -2.500000e+01
    endloop
  endfacet
  facet normal 0.000000e+00 0.000000e+00 -1.000000e+00
    outer loop
      vertex   -1.773024e+00 4.675081e+00 -2.500000e+01
      vertex   -1.071185e+00 1.161614e+01 -2.500000e+01
      vertex   -1.196578e+00 4.854709e+00 -2.500000e+01
    endloop
  endfacet
  facet normal 0.000000e+00 0.000000e+00 -1.000000e+00
    outer loop
      vertex   -1.196578e+00 4.854709e+00 -2.500000e+01
      vertex   -1.071185e+00 1.161614e+01 -2.500000e+01
      vertex   -7.706898e-01 1.142884e+01 -2.500000e+01
    endloop
  endfacet
  facet normal 0.000000e+00 0.000000e+00 -1.000000e+00
    outer loop
      vertex   -1.196578e+00 4.854709e+00 -2.500000e+01
      vertex   -7.706898e-01 1.142884e+01 -2.500000e+01
      vertex   -6.026834e-01 4.963544e+00 -2.500000e+01
    endloop
  endfacet
  facet normal 0.000000e+00 0.000000e+00 -1.000000e+00
    outer loop
      vertex   -6.026834e-01 4.963544e+00 -2.500000e+01
      vertex   -7.706898e-01 1.142884e+01 -2.500000e+01
      vertex   -4.386419e-01 1.130587e+01 -2.500000e+01
    endloop
  endfacet
  facet normal 0.000000e+00 0.000000e+00 -1.000000e+00
    outer loop
      vertex   -6.026834e-01 4.963544e+00 -2.500000e+01
      vertex   -4.386419e-01 1.130587e+01 -2.500000e+01
      vertex   -8.863605e-02 1.125225e+01 -2.500000e+01
    endloop
  endfacet
  facet normal 0.000000e+00 0.000000e+00 -1.000000e+00
    outer loop
      vertex   -6.026834e-01 4.963544e+00 -2.500000e+01
      vertex   -8.863605e-02 1.125225e+01 -2.500000e+01
      vertex   0.000000e+00 5.000000e+00 -2.500000e+01
    endloop
  endfacet
  facet normal 0.000000e+00 0.000000e+00 -1.000000e+00
    outer loop
      vertex   0.000000e+00 5.000000e+00 -2.500000e+01
      vertex   -8.863605e-02 1.125225e+01 -2.500000e+01
      vertex   2.649986e-01 1.127018e+01 -2.500000e+01
    endloop
  endfacet
  facet normal 0.000000e+00 0.000000e+00 -1.000000e+00
    outer loop
      vertex   0.000000e+00 5.000000e+00 -2.500000e+01
      vertex   2.649986e-01 1.127018e+01 -2.500000e+01
      vertex   6.026834e-01 4.963544e+00 -2.500000e+01
    endloop
  endfacet
  facet normal 0.000000e+00 0.000000e+00 -1.000000e+00
    outer loop
      vertex   6.026834e-01 4.963544e+00 -2.500000e+01
      vertex   2.649986e-01 1.127018e+01 -2.500000e+01
      vertex   6.077842e-01 1.135893e+01 -2.500000e+01
    endloop
  endfacet
  facet normal 0.000000e+00 0.000000e+00 -1.000000e+00
    outer loop
      vertex   6.026834e-01 4.963544e+00 -2.500000e+01
      vertex   6.077842e-01 1.135893e+01 -2.500000e+01
      vertex   1.196578e+00 4.854709e+00 -2.500000e+01
    endloop
  endfacet
  facet normal 0.000000e+00 0.000000e+00 -1.000000e+00
    outer loop
      vertex   1.196578e+00 4.854709e+00 -2.500000e+01
      vertex   6.077842e-01 1.135893e+01 -2.500000e+01
      vertex   9.256870e-01 1.151487e+01 -2.500000e+01
    endloop
  endfacet
  facet normal 0.000000e+00 0.000000e+00 -1.000000e+00
    outer loop
      vertex   1.196578e+00 4.854709e+00 -2.500000e+01
      vertex   9.256870e-01 1.151487e+01 -2.500000e+01
      vertex   1.773024e+00 4.675081e+00 -2.500000e+01
    endloop
  endfacet
  facet normal 0.000000e+00 0.000000e+00 -1.000000e+00
    outer loop
      vertex   1.773024e+00 4.675081e+00 -2.500000e+01
      vertex   9.256870e-01 1.151487e+01 -2.500000e+01
      vertex   1.205692e+00 1.173161e+01 -2.500000e+01
    endloop
  endfacet
  facet normal 0.000000e+00 0.000000e+00 -1.000000e+00
    outer loop
      vertex   1.773024e+00 4.675081e+00 -2.500000e+01
      vertex   1.205692e+00 1.173161e+01 -2.500000e+01
      vertex   1.436336e+00 1.200028e+01 -2.500000e+01
    endloop
  endfacet
  facet normal 0.000000e+00 0.000000e+00 -1.000000e+00
    outer loop
      vertex   1.773024e+00 4.675081e+00 -2.500000e+01
      vertex   1.436336e+00 1.200028e+01 -2.500000e+01
      vertex   2.323616e+00 4.427280e+00 -2.500000e+01
    endloop
  endfacet
  facet normal 0.000000e+00 0.000000e+00 -1.000000e+00
    outer loop
      vertex   2.323616e+00 4.427280e+00 -2.500000e+01
      vertex   1.436336e+00 1.200028e+01 -2.500000e+01
      vertex   1.608176e+00 1.230988e+01 -2.500000e+01
    endloop
  endfacet
  facet normal 0.000000e+00 0.000000e+00 -1.000000e+00
    outer loop
      vertex   2.323616e+00 4.427280e+00 -2.500000e+01
      vertex   1.608176e+00 1.230988e+01 -2.500000e+01
      vertex   2.840324e+00 4.114919e+00 -2.500000e+01
    endloop
  endfacet
  facet normal 0.000000e+00 0.000000e+00 -1.000000e+00
    outer loop
      vertex   2.840324e+00 4.114919e+00 -2.500000e+01
      vertex   1.608176e+00 1.230988e+01 -2.500000e+01
      vertex   3.315613e+00 3.742554e+00 -2.500000e+01
    endloop
  endfacet
  facet normal 0.000000e+00 0.000000e+00 -1.000000e+00
    outer loop
      vertex   3.315613e+00 3.742554e+00 -2.500000e+01
      vertex   1.608176e+00 1.230988e+01 -2.500000e+01
      vertex   1.714177e+00 1.264773e+01 -2.500000e+01
    endloop
  endfacet
  facet normal 0.000000e+00 0.000000e+00 -1.000000e+00
    outer loop
      vertex   3.315613e+00 3.742554e+00 -2.500000e+01
      vertex   1.714177e+00 1.264773e+01 -2.500000e+01
      vertex   3.742554e+00 3.315613e+00 -2.500000e+01
    endloop
  endfacet
  facet normal 0.000000e+00 0.000000e+00 -1.000000e+00
    outer loop
      vertex   3.742554e+00 3.315613e+00 -2.500000e+01
      vertex   1.714177e+00 1.264773e+01 -2.500000e+01
      vertex   1.750000e+00 1.300000e+01 -2.500000e+01
    endloop
  endfacet
  facet normal -8.278423e-08 -3.725290e-08 -1.000000e+00
    outer loop
      vertex   5.000000e+00 -1.000000e+01 -2.500000e+01
      vertex   5.000000e+00 0.000000e+00 -2.500000e+01
      vertex   9.500000e+00 -1.000000e+01 -2.500000e+01
    endloop
  endfacet
  facet normal 0.000000e+00 0.000000e+00 -1.000000e+00
    outer loop
      vertex   9.500000e+00 -1.000000e+01 -2.500000e+01
      vertex   5.000000e+00 0.000000e+00 -2.500000e+01
      vertex   4.963544e+00 6.026834e-01 -2.500000e+01
    endloop
  endfacet
  facet normal 0.000000e+00 0.000000e+00 -1.000000e+00
    outer loop
      vertex   9.500000e+00 -1.000000e+01 -2.500000e+01
      vertex   4.963544e+00 6.026834e-01 -2.500000e+01
      vertex   9.500000e+00 2.500000e+01 -2.500000e+01
    endloop
  endfacet
  facet normal 0.000000e+00 0.000000e+00 -1.000000e+00
    outer loop
      vertex   9.500000e+00 2.500000e+01 -2.500000e+01
      vertex   4.963544e+00 6.026834e-01 -2.500000e+01
      vertex   4.854709e+00 1.196578e+00 -2.500000e+01
    endloop
  endfacet
  facet normal 0.000000e+00 0.000000e+00 -1.000000e+00
    outer loop
      vertex   9.500000e+00 2.500000e+01 -2.500000e+01
      vertex   4.854709e+00 1.196578e+00 -2.500000e+01
      vertex   4.675081e+00 1.773024e+00 -2.500000e+01
    endloop
  endfacet
  facet normal 0.000000e+00 0.000000e+00 -1.000000e+00
    outer loop
      vertex   4.675081e+00 1.773024e+00 -2.500000e+01
      vertex   4.427280e+00 2.323616e+00 -2.500000e+01
      vertex   9.500000e+00 2.500000e+01 -2.500000e+01
    endloop
  endfacet
  facet normal 0.000000e+00 0.000000e+00 -1.000000e+00
    outer loop
      vertex   9.500000e+00 2.500000e+01 -2.500000e+01
      vertex   4.427280e+00 2.323616e+00 -2.500000e+01
      vertex   4.114919e+00 2.840324e+00 -2.500000e+01
    endloop
  endfacet
  facet normal -0.000000e+00 0.000000e+00 -1.000000e+00
    outer loop
      vertex   -4.675081e+00 1.773024e+00 -2.500000e+01
      vertex   -4.854709e+00 1.196578e+00 -2.500000e+01
      vertex   -9.500000e+00 2.500000e+01 -2.500000e+01
    endloop
  endfacet
  facet normal 0.000000e+00 0.000000e+00 -1.000000e+00
    outer loop
      vertex   -9.500000e+00 2.500000e+01 -2.500000e+01
      vertex   -4.854709e+00 1.196578e+00 -2.500000e+01
      vertex   -4.963544e+00 6.026834e-01 -2.500000e+01
    endloop
  endfacet
  facet normal 0.000000e+00 0.000000e+00 -1.000000e+00
    outer loop
      vertex   -9.500000e+00 2.500000e+01 -2.500000e+01
      vertex   -4.963544e+00 6.026834e-01 -2.500000e+01
      vertex   -9.500000e+00 -1.000000e+01 -2.500000e+01
    endloop
  endfacet
  facet normal 0.000000e+00 0.000000e+00 -1.000000e+00
    outer loop
      vertex   -9.500000e+00 -1.000000e+01 -2.500000e+01
      vertex   -4.963544e+00 6.026834e-01 -2.500000e+01
      vertex   -5.000000e+00 0.000000e+00 -2.500000e+01
    endloop
  endfacet
  facet normal 8.278423e-08 -3.725290e-08 -1.000000e+00
    outer loop
      vertex   -9.500000e+00 -1.000000e+01 -2.500000e+01
      vertex   -5.000000e+00 0.000000e+00 -2.500000e+01
      vertex   -5.000000e+00 -1.000000e+01 -2.500000e+01
    endloop
  endfacet
  facet normal 0.000000e+00 9.954719e-01 -9.505604e-02
    outer loop
      vertex   -9.500000e+00 3.058496e+00 -1.968701e+01
      vertex   -3.166667e+00 3.058496e+00 -1.968701e+01
      vertex   -9.500000e+00 3.022353e+00 -2.006551e+01
    endloop
  endfacet
  facet normal 0.000000e+00 9.954719e-01 -9.505604e-02
    outer loop
      vertex   -9.500000e+00 3.022353e+00 -2.006551e+01
      vertex   -3.166667e+00 3.058496e+00 -1.968701e+01
      vertex   -3.166667e+00 3.022353e+00 -2.006551e+01
    endloop
  endfacet
  facet normal -0.000000e+00 9.954719e-01 9.505604e-02
    outer loop
      vertex   -9.500000e+00 3.022353e+00 -2.006551e+01
      vertex   -3.166667e+00 3.022353e+00 -2.006551e+01
      vertex   -9.500000e+00 3.058496e+00 -2.044401e+01
    endloop
  endfacet
  facet normal -0.000000e+00 9.954719e-01 9.505604e-02
    outer loop
      vertex   -9.500000e+00 3.058496e+00 -2.044401e+01
      vertex   -3.166667e+00 3.022353e+00 -2.006551e+01
      vertex   -3.166667e+00 3.058496e+00 -2.044401e+01
    endloop
  endfacet
  facet normal -0.000000e+00 9.594930e-01 2.817326e-01
    outer loop
      vertex   -9.500000e+00 3.058496e+00 -2.044401e+01
      vertex   -3.166667e+00 3.058496e+00 -2.044401e+01
      vertex   -9.500000e+00 3.165617e+00 -2.080883e+01
    endloop
  endfacet
  facet normal -0.000000e+00 9.594930e-01 2.817326e-01
    outer loop
      vertex   -9.500000e+00 3.165617e+00 -2.080883e+01
      vertex   -3.166667e+00 3.058496e+00 -2.044401e+01
      vertex   -3.166667e+00 3.165617e+00 -2.080883e+01
    endloop
  endfacet
  facet normal -0.000000e+00 8.888354e-01 4.582265e-01
    outer loop
      vertex   -9.500000e+00 3.165617e+00 -2.080883e+01
      vertex   -3.166667e+00 3.165617e+00 -2.080883e+01
      vertex   -9.500000e+00 3.339846e+00 -2.114679e+01
    endloop
  endfacet
  facet normal -0.000000e+00 8.888354e-01 4.582265e-01
    outer loop
      vertex   -9.500000e+00 3.339846e+00 -2.114679e+01
      vertex   -3.166667e+00 3.165617e+00 -2.080883e+01
      vertex   -3.166667e+00 3.339846e+00 -2.114679e+01
    endloop
  endfacet
  facet normal -0.000000e+00 7.860531e-01 6.181590e-01
    outer loop
      vertex   -9.500000e+00 3.339846e+00 -2.114679e+01
      vertex   -3.166667e+00 3.339846e+00 -2.114679e+01
      vertex   -9.500000e+00 3.574885e+00 -2.144567e+01
    endloop
  endfacet
  facet normal -0.000000e+00 7.860531e-01 6.181590e-01
    outer loop
      vertex   -9.500000e+00 3.574885e+00 -2.144567e+01
      vertex   -3.166667e+00 3.339846e+00 -2.114679e+01
      vertex   -3.166667e+00 3.574885e+00 -2.144567e+01
    endloop
  endfacet
  facet normal -0.000000e+00 6.548607e-01 7.557496e-01
    outer loop
      vertex   -9.500000e+00 3.574885e+00 -2.144567e+01
      vertex   -3.166667e+00 3.574885e+00 -2.144567e+01
      vertex   -9.500000e+00 3.862239e+00 -2.169466e+01
    endloop
  endfacet
  facet normal -0.000000e+00 6.548607e-01 7.557496e-01
    outer loop
      vertex   -9.500000e+00 3.862239e+00 -2.169466e+01
      vertex   -3.166667e+00 3.574885e+00 -2.144567e+01
      vertex   -3.166667e+00 3.862239e+00 -2.169466e+01
    endloop
  endfacet
  facet normal -0.000000e+00 5.000000e-01 8.660254e-01
    outer loop
      vertex   -9.500000e+00 3.862239e+00 -2.169466e+01
      vertex   -3.166667e+00 3.862239e+00 -2.169466e+01
      vertex   -9.500000e+00 4.191523e+00 -2.188477e+01
    endloop
  endfacet
  facet normal -0.000000e+00 5.000000e-01 8.660254e-01
    outer loop
      vertex   -9.500000e+00 4.191523e+00 -2.188477e+01
      vertex   -3.166667e+00 3.862239e+00 -2.169466e+01
      vertex   -3.166667e+00 4.191523e+00 -2.188477e+01
    endloop
  endfacet
  facet normal -0.000000e+00 3.270680e-01 9.450008e-01
    outer loop
      vertex   -9.500000e+00 4.191523e+00 -2.188477e+01
      vertex   -3.166667e+00 4.191523e+00 -2.188477e+01
      vertex   -9.500000e+00 4.550835e+00 -2.200913e+01
    endloop
  endfacet
  facet normal -4.586759e-17 3.270680e-01 9.450008e-01
    outer loop
      vertex   -9.500000e+00 4.550835e+00 -2.200913e+01
      vertex   -3.166667e+00 4.191523e+00 -2.188477e+01
      vertex   -3.166667e+00 4.550835e+00 -2.200913e+01
    endloop
  endfacet
  facet normal -1.995805e-17 1.423148e-01 9.898214e-01
    outer loop
      vertex   -9.500000e+00 4.550835e+00 -2.200913e+01
      vertex   -3.166667e+00 4.550835e+00 -2.200913e+01
      vertex   -9.500000e+00 4.927189e+00 -2.206324e+01
    endloop
  endfacet
  facet normal -0.000000e+00 1.423148e-01 9.898214e-01
    outer loop
      vertex   -9.500000e+00 4.927189e+00 -2.206324e+01
      vertex   -3.166667e+00 4.550835e+00 -2.200913e+01
      vertex   -3.166667e+00 4.927189e+00 -2.206324e+01
    endloop
  endfacet
  facet normal 0.000000e+00 -4.758192e-02 9.988673e-01
    outer loop
      vertex   -9.500000e+00 4.927189e+00 -2.206324e+01
      vertex   -3.166667e+00 4.927189e+00 -2.206324e+01
      vertex   -9.500000e+00 5.306983e+00 -2.204515e+01
    endloop
  endfacet
  facet normal 0.000000e+00 -4.758192e-02 9.988673e-01
    outer loop
      vertex   -9.500000e+00 5.306983e+00 -2.204515e+01
      vertex   -3.166667e+00 4.927189e+00 -2.206324e+01
      vertex   -3.166667e+00 5.306983e+00 -2.204515e+01
    endloop
  endfacet
  facet normal 0.000000e+00 -2.357589e-01 9.718116e-01
    outer loop
      vertex   -9.500000e+00 5.306983e+00 -2.204515e+01
      vertex   -3.166667e+00 5.306983e+00 -2.204515e+01
      vertex   -9.500000e+00 5.676489e+00 -2.195551e+01
    endloop
  endfacet
  facet normal 3.306253e-17 -2.357589e-01 9.718116e-01
    outer loop
      vertex   -9.500000e+00 5.676489e+00 -2.195551e+01
      vertex   -3.166667e+00 5.306983e+00 -2.204515e+01
      vertex   -3.166667e+00 5.676489e+00 -2.195551e+01
    endloop
  endfacet
  facet normal 5.825726e-17 -4.154150e-01 9.096320e-01
    outer loop
      vertex   -9.500000e+00 5.676489e+00 -2.195551e+01
      vertex   -3.166667e+00 5.676489e+00 -2.195551e+01
      vertex   -9.500000e+00 6.022353e+00 -2.179756e+01
    endloop
  endfacet
  facet normal 5.825726e-17 -4.154150e-01 9.096320e-01
    outer loop
      vertex   -9.500000e+00 6.022353e+00 -2.179756e+01
      vertex   -3.166667e+00 5.676489e+00 -2.195551e+01
      vertex   -3.166667e+00 6.022353e+00 -2.179756e+01
    endloop
  endfacet
  facet normal 8.134643e-17 -5.800569e-01 8.145760e-01
    outer loop
      vertex   -9.500000e+00 6.022353e+00 -2.179756e+01
      vertex   -3.166667e+00 6.022353e+00 -2.179756e+01
      vertex   -9.500000e+00 6.332075e+00 -2.157701e+01
    endloop
  endfacet
  facet normal 0.000000e+00 -5.800569e-01 8.145760e-01
    outer loop
      vertex   -9.500000e+00 6.332075e+00 -2.157701e+01
      vertex   -3.166667e+00 6.022353e+00 -2.179756e+01
      vertex   -3.166667e+00 6.332075e+00 -2.157701e+01
    endloop
  endfacet
  facet normal 0.000000e+00 -7.237340e-01 6.900790e-01
    outer loop
      vertex   -9.500000e+00 6.332075e+00 -2.157701e+01
      vertex   -3.166667e+00 6.332075e+00 -2.157701e+01
      vertex   -9.500000e+00 6.594459e+00 -2.130183e+01
    endloop
  endfacet
  facet normal 0.000000e+00 -7.237340e-01 6.900790e-01
    outer loop
      vertex   -9.500000e+00 6.594459e+00 -2.130183e+01
      vertex   -3.166667e+00 6.332075e+00 -2.157701e+01
      vertex   -3.166667e+00 6.594459e+00 -2.130183e+01
    endloop
  endfacet
  facet normal 0.000000e+00 -8.412535e-01 5.406408e-01
    outer loop
      vertex   -9.500000e+00 6.594459e+00 -2.130183e+01
      vertex   -3.166667e+00 6.594459e+00 -2.130183e+01
      vertex   -9.500000e+00 6.800024e+00 -2.098196e+01
    endloop
  endfacet
  facet normal 1.179763e-16 -8.412535e-01 5.406408e-01
    outer loop
      vertex   -9.500000e+00 6.800024e+00 -2.098196e+01
      vertex   -3.166667e+00 6.594459e+00 -2.130183e+01
      vertex   -3.166667e+00 6.800024e+00 -2.098196e+01
    endloop
  endfacet
  facet normal 1.301931e-16 -9.283679e-01 3.716625e-01
    outer loop
      vertex   -9.500000e+00 6.800024e+00 -2.098196e+01
      vertex   -3.166667e+00 6.800024e+00 -2.098196e+01
      vertex   -9.500000e+00 6.941339e+00 -2.062897e+01
    endloop
  endfacet
  facet normal 0.000000e+00 -9.283679e-01 3.716625e-01
    outer loop
      vertex   -9.500000e+00 6.941339e+00 -2.062897e+01
      vertex   -3.166667e+00 6.800024e+00 -2.098196e+01
      vertex   -3.166667e+00 6.941339e+00 -2.062897e+01
    endloop
  endfacet
  facet normal 0.000000e+00 -9.819287e-01 1.892512e-01
    outer loop
      vertex   -9.500000e+00 6.941339e+00 -2.062897e+01
      vertex   -3.166667e+00 6.941339e+00 -2.062897e+01
      vertex   -9.500000e+00 7.013297e+00 -2.025562e+01
    endloop
  endfacet
  facet normal 0.000000e+00 -9.819287e-01 1.892512e-01
    outer loop
      vertex   -9.500000e+00 7.013297e+00 -2.025562e+01
      vertex   -3.166667e+00 6.941339e+00 -2.062897e+01
      vertex   -3.166667e+00 7.013297e+00 -2.025562e+01
    endloop
  endfacet
  facet normal 0.000000e+00 -1.000000e+00 0.000000e+00
    outer loop
      vertex   -9.500000e+00 7.013297e+00 -2.025562e+01
      vertex   -3.166667e+00 7.013297e+00 -2.025562e+01
      vertex   -9.500000e+00 7.013297e+00 -1.987540e+01
    endloop
  endfacet
  facet normal 0.000000e+00 -1.000000e+00 0.000000e+00
    outer loop
      vertex   -9.500000e+00 7.013297e+00 -1.987540e+01
      vertex   -3.166667e+00 7.013297e+00 -2.025562e+01
      vertex   -3.166667e+00 7.013297e+00 -1.987540e+01
    endloop
  endfacet
  facet normal 0.000000e+00 -9.819287e-01 -1.892512e-01
    outer loop
      vertex   -9.500000e+00 7.013297e+00 -1.987540e+01
      vertex   -3.166667e+00 7.013297e+00 -1.987540e+01
      vertex   -9.500000e+00 6.941339e+00 -1.950204e+01
    endloop
  endfacet
  facet normal 0.000000e+00 -9.819287e-01 -1.892512e-01
    outer loop
      vertex   -9.500000e+00 6.941339e+00 -1.950204e+01
      vertex   -3.166667e+00 7.013297e+00 -1.987540e+01
      vertex   -3.166667e+00 6.941339e+00 -1.950204e+01
    endloop
  endfacet
  facet normal 0.000000e+00 -9.283679e-01 -3.716625e-01
    outer loop
      vertex   -9.500000e+00 6.941339e+00 -1.950204e+01
      vertex   -3.166667e+00 6.941339e+00 -1.950204e+01
      vertex   -9.500000e+00 6.800024e+00 -1.914906e+01
    endloop
  endfacet
  facet normal 0.000000e+00 -9.283679e-01 -3.716625e-01
    outer loop
      vertex   -9.500000e+00 6.800024e+00 -1.914906e+01
      vertex   -3.166667e+00 6.941339e+00 -1.950204e+01
      vertex   -3.166667e+00 6.800024e+00 -1.914906e+01
    endloop
  endfacet
  facet normal 0.000000e+00 -8.412535e-01 -5.406408e-01
    outer loop
      vertex   -9.500000e+00 6.800024e+00 -1.914906e+01
      vertex   -3.166667e+00 6.800024e+00 -1.914906e+01
      vertex   -9.500000e+00 6.594459e+00 -1.882919e+01
    endloop
  endfacet
  facet normal 0.000000e+00 -8.412535e-01 -5.406408e-01
    outer loop
      vertex   -9.500000e+00 6.594459e+00 -1.882919e+01
      vertex   -3.166667e+00 6.800024e+00 -1.914906e+01
      vertex   -3.166667e+00 6.594459e+00 -1.882919e+01
    endloop
  endfacet
  facet normal 0.000000e+00 -7.237340e-01 -6.900790e-01
    outer loop
      vertex   -9.500000e+00 6.594459e+00 -1.882919e+01
      vertex   -3.166667e+00 6.594459e+00 -1.882919e+01
      vertex   -9.500000e+00 6.332075e+00 -1.855401e+01
    endloop
  endfacet
  facet normal 0.000000e+00 -7.237340e-01 -6.900790e-01
    outer loop
      vertex   -9.500000e+00 6.332075e+00 -1.855401e+01
      vertex   -3.166667e+00 6.594459e+00 -1.882919e+01
      vertex   -3.166667e+00 6.332075e+00 -1.855401e+01
    endloop
  endfacet
  facet normal 0.000000e+00 -5.800569e-01 -8.145760e-01
    outer loop
      vertex   -9.500000e+00 6.332075e+00 -1.855401e+01
      vertex   -3.166667e+00 6.332075e+00 -1.855401e+01
      vertex   -9.500000e+00 6.022353e+00 -1.833346e+01
    endloop
  endfacet
  facet normal 0.000000e+00 -5.800569e-01 -8.145760e-01
    outer loop
      vertex   -9.500000e+00 6.022353e+00 -1.833346e+01
      vertex   -3.166667e+00 6.332075e+00 -1.855401e+01
      vertex   -3.166667e+00 6.022353e+00 -1.833346e+01
    endloop
  endfacet
  facet normal 0.000000e+00 -4.154150e-01 -9.096320e-01
    outer loop
      vertex   -9.500000e+00 6.022353e+00 -1.833346e+01
      vertex   -3.166667e+00 6.022353e+00 -1.833346e+01
      vertex   -9.500000e+00 5.676489e+00 -1.817551e+01
    endloop
  endfacet
  facet normal 0.000000e+00 -4.154150e-01 -9.096320e-01
    outer loop
      vertex   -9.500000e+00 5.676489e+00 -1.817551e+01
      vertex   -3.166667e+00 6.022353e+00 -1.833346e+01
      vertex   -3.166667e+00 5.676489e+00 -1.817551e+01
    endloop
  endfacet
  facet normal 0.000000e+00 -2.357589e-01 -9.718116e-01
    outer loop
      vertex   -9.500000e+00 5.676489e+00 -1.817551e+01
      vertex   -3.166667e+00 5.676489e+00 -1.817551e+01
      vertex   -9.500000e+00 5.306983e+00 -1.808587e+01
    endloop
  endfacet
  facet normal 0.000000e+00 -2.357589e-01 -9.718116e-01
    outer loop
      vertex   -9.500000e+00 5.306983e+00 -1.808587e+01
      vertex   -3.166667e+00 5.676489e+00 -1.817551e+01
      vertex   -3.166667e+00 5.306983e+00 -1.808587e+01
    endloop
  endfacet
  facet normal 0.000000e+00 -4.758192e-02 -9.988673e-01
    outer loop
      vertex   -9.500000e+00 5.306983e+00 -1.808587e+01
      vertex   -3.166667e+00 5.306983e+00 -1.808587e+01
      vertex   -9.500000e+00 4.927189e+00 -1.806777e+01
    endloop
  endfacet
  facet normal 0.000000e+00 -4.758192e-02 -9.988673e-01
    outer loop
      vertex   -9.500000e+00 4.927189e+00 -1.806777e+01
      vertex   -3.166667e+00 5.306983e+00 -1.808587e+01
      vertex   -3.166667e+00 4.927189e+00 -1.806777e+01
    endloop
  endfacet
  facet normal 0.000000e+00 1.423148e-01 -9.898214e-01
    outer loop
      vertex   -9.500000e+00 4.927189e+00 -1.806777e+01
      vertex   -3.166667e+00 4.927189e+00 -1.806777e+01
      vertex   -9.500000e+00 4.550835e+00 -1.812189e+01
    endloop
  endfacet
  facet normal 1.995805e-17 1.423148e-01 -9.898214e-01
    outer loop
      vertex   -9.500000e+00 4.550835e+00 -1.812189e+01
      vertex   -3.166667e+00 4.927189e+00 -1.806777e+01
      vertex   -3.166667e+00 4.550835e+00 -1.812189e+01
    endloop
  endfacet
  facet normal 4.586759e-17 3.270680e-01 -9.450008e-01
    outer loop
      vertex   -9.500000e+00 4.550835e+00 -1.812189e+01
      vertex   -3.166667e+00 4.550835e+00 -1.812189e+01
      vertex   -9.500000e+00 4.191523e+00 -1.824625e+01
    endloop
  endfacet
  facet normal 0.000000e+00 3.270680e-01 -9.450008e-01
    outer loop
      vertex   -9.500000e+00 4.191523e+00 -1.824625e+01
      vertex   -3.166667e+00 4.550835e+00 -1.812189e+01
      vertex   -3.166667e+00 4.191523e+00 -1.824625e+01
    endloop
  endfacet
  facet normal 0.000000e+00 5.000000e-01 -8.660254e-01
    outer loop
      vertex   -9.500000e+00 4.191523e+00 -1.824625e+01
      vertex   -3.166667e+00 4.191523e+00 -1.824625e+01
      vertex   -9.500000e+00 3.862239e+00 -1.843636e+01
    endloop
  endfacet
  facet normal 0.000000e+00 5.000000e-01 -8.660254e-01
    outer loop
      vertex   -9.500000e+00 3.862239e+00 -1.843636e+01
      vertex   -3.166667e+00 4.191523e+00 -1.824625e+01
      vertex   -3.166667e+00 3.862239e+00 -1.843636e+01
    endloop
  endfacet
  facet normal 0.000000e+00 6.548607e-01 -7.557496e-01
    outer loop
      vertex   -9.500000e+00 3.862239e+00 -1.843636e+01
      vertex   -3.166667e+00 3.862239e+00 -1.843636e+01
      vertex   -9.500000e+00 3.574885e+00 -1.868535e+01
    endloop
  endfacet
  facet normal 0.000000e+00 6.548607e-01 -7.557496e-01
    outer loop
      vertex   -9.500000e+00 3.574885e+00 -1.868535e+01
      vertex   -3.166667e+00 3.862239e+00 -1.843636e+01
      vertex   -3.166667e+00 3.574885e+00 -1.868535e+01
    endloop
  endfacet
  facet normal 0.000000e+00 7.860531e-01 -6.181590e-01
    outer loop
      vertex   -9.500000e+00 3.574885e+00 -1.868535e+01
      vertex   -3.166667e+00 3.574885e+00 -1.868535e+01
      vertex   -9.500000e+00 3.339846e+00 -1.898423e+01
    endloop
  endfacet
  facet normal 0.000000e+00 7.860531e-01 -6.181590e-01
    outer loop
      vertex   -9.500000e+00 3.339846e+00 -1.898423e+01
      vertex   -3.166667e+00 3.574885e+00 -1.868535e+01
      vertex   -3.166667e+00 3.339846e+00 -1.898423e+01
    endloop
  endfacet
  facet normal 0.000000e+00 8.888354e-01 -4.582265e-01
    outer loop
      vertex   -9.500000e+00 3.339846e+00 -1.898423e+01
      vertex   -3.166667e+00 3.339846e+00 -1.898423e+01
      vertex   -9.500000e+00 3.165617e+00 -1.932218e+01
    endloop
  endfacet
  facet normal 0.000000e+00 8.888354e-01 -4.582265e-01
    outer loop
      vertex   -9.500000e+00 3.165617e+00 -1.932218e+01
      vertex   -3.166667e+00 3.339846e+00 -1.898423e+01
      vertex   -3.166667e+00 3.165617e+00 -1.932218e+01
    endloop
  endfacet
  facet normal 0.000000e+00 9.594930e-01 -2.817326e-01
    outer loop
      vertex   -9.500000e+00 3.165617e+00 -1.932218e+01
      vertex   -3.166667e+00 3.165617e+00 -1.932218e+01
      vertex   -9.500000e+00 3.058496e+00 -1.968701e+01
    endloop
  endfacet
  facet normal 0.000000e+00 9.594930e-01 -2.817326e-01
    outer loop
      vertex   -9.500000e+00 3.058496e+00 -1.968701e+01
      vertex   -3.166667e+00 3.165617e+00 -1.932218e+01
      vertex   -3.166667e+00 3.058496e+00 -1.968701e+01
    endloop
  endfacet
  facet normal -1.429918e-03 -9.954709e-01 -9.505595e-02
    outer loop
      vertex   9.500000e+00 6.986211e+00 -1.968701e+01
      vertex   3.166667e+00 7.013297e+00 -1.987540e+01
      vertex   9.500000e+00 7.022353e+00 -2.006551e+01
    endloop
  endfacet
  facet normal 1.429918e-03 -9.999990e-01 0.000000e+00
    outer loop
      vertex   9.500000e+00 7.022353e+00 -2.006551e+01
      vertex   3.166667e+00 7.013297e+00 -1.987540e+01
      vertex   3.166667e+00 7.013297e+00 -2.025562e+01
    endloop
  endfacet
  facet normal -1.429918e-03 -9.954709e-01 9.505595e-02
    outer loop
      vertex   9.500000e+00 7.022353e+00 -2.006551e+01
      vertex   3.166667e+00 7.013297e+00 -2.025562e+01
      vertex   9.500000e+00 6.986211e+00 -2.044401e+01
    endloop
  endfacet
  facet normal 1.429918e-03 -9.819277e-01 1.892511e-01
    outer loop
      vertex   9.500000e+00 6.986211e+00 -2.044401e+01
      vertex   3.166667e+00 7.013297e+00 -2.025562e+01
      vertex   3.166667e+00 6.941339e+00 -2.062897e+01
    endloop
  endfacet
  facet normal -1.429918e-03 -9.594920e-01 2.817323e-01
    outer loop
      vertex   9.500000e+00 6.986211e+00 -2.044401e+01
      vertex   3.166667e+00 6.941339e+00 -2.062897e+01
      vertex   9.500000e+00 6.879089e+00 -2.080883e+01
    endloop
  endfacet
  facet normal 1.429918e-03 -9.283670e-01 3.716621e-01
    outer loop
      vertex   9.500000e+00 6.879089e+00 -2.080883e+01
      vertex   3.166667e+00 6.941339e+00 -2.062897e+01
      vertex   3.166667e+00 6.800024e+00 -2.098196e+01
    endloop
  endfacet
  facet normal -1.429918e-03 -8.888345e-01 4.582261e-01
    outer loop
      vertex   9.500000e+00 6.879089e+00 -2.080883e+01
      vertex   3.166667e+00 6.800024e+00 -2.098196e+01
      vertex   9.500000e+00 6.704860e+00 -2.114679e+01
    endloop
  endfacet
  facet normal 1.429918e-03 -8.412527e-01 5.406403e-01
    outer loop
      vertex   9.500000e+00 6.704860e+00 -2.114679e+01
      vertex   3.166667e+00 6.800024e+00 -2.098196e+01
      vertex   3.166667e+00 6.594459e+00 -2.130183e+01
    endloop
  endfacet
  facet normal -1.429918e-03 -7.860523e-01 6.181584e-01
    outer loop
      vertex   9.500000e+00 6.704860e+00 -2.114679e+01
      vertex   3.166667e+00 6.594459e+00 -2.130183e+01
      vertex   9.500000e+00 6.469821e+00 -2.144567e+01
    endloop
  endfacet
  facet normal 1.429918e-03 -7.237333e-01 6.900783e-01
    outer loop
      vertex   9.500000e+00 6.469821e+00 -2.144567e+01
      vertex   3.166667e+00 6.594459e+00 -2.130183e+01
      vertex   3.166667e+00 6.332075e+00 -2.157701e+01
    endloop
  endfacet
  facet normal -1.429918e-03 -6.548601e-01 7.557488e-01
    outer loop
      vertex   9.500000e+00 6.469821e+00 -2.144567e+01
      vertex   3.166667e+00 6.332075e+00 -2.157701e+01
      vertex   9.500000e+00 6.182467e+00 -2.169466e+01
    endloop
  endfacet
  facet normal 1.429918e-03 -5.800563e-01 8.145751e-01
    outer loop
      vertex   9.500000e+00 6.182467e+00 -2.169466e+01
      vertex   3.166667e+00 6.332075e+00 -2.157701e+01
      vertex   3.166667e+00 6.022353e+00 -2.179756e+01
    endloop
  endfacet
  facet normal -1.429918e-03 -4.999995e-01 8.660245e-01
    outer loop
      vertex   9.500000e+00 6.182467e+00 -2.169466e+01
      vertex   3.166667e+00 6.022353e+00 -2.179756e+01
      vertex   9.500000e+00 5.853183e+00 -2.188477e+01
    endloop
  endfacet
  facet normal 1.429918e-03 -4.154146e-01 9.096311e-01
    outer loop
      vertex   9.500000e+00 5.853183e+00 -2.188477e+01
      vertex   3.166667e+00 6.022353e+00 -2.179756e+01
      vertex   3.166667e+00 5.676489e+00 -2.195551e+01
    endloop
  endfacet
  facet normal -1.429918e-03 -3.270676e-01 9.449999e-01
    outer loop
      vertex   9.500000e+00 5.853183e+00 -2.188477e+01
      vertex   3.166667e+00 5.676489e+00 -2.195551e+01
      vertex   9.500000e+00 5.493871e+00 -2.200913e+01
    endloop
  endfacet
  facet normal 1.429918e-03 -2.357587e-01 9.718106e-01
    outer loop
      vertex   9.500000e+00 5.493871e+00 -2.200913e+01
      vertex   3.166667e+00 5.676489e+00 -2.195551e+01
      vertex   3.166667e+00 5.306983e+00 -2.204515e+01
    endloop
  endfacet
  facet normal -1.429918e-03 -1.423147e-01 9.898204e-01
    outer loop
      vertex   9.500000e+00 5.493871e+00 -2.200913e+01
      vertex   3.166667e+00 5.306983e+00 -2.204515e+01
      vertex   9.500000e+00 5.117517e+00 -2.206324e+01
    endloop
  endfacet
  facet normal 1.429918e-03 -4.758187e-02 9.988663e-01
    outer loop
      vertex   9.500000e+00 5.117517e+00 -2.206324e+01
      vertex   3.166667e+00 5.306983e+00 -2.204515e+01
      vertex   3.166667e+00 4.927189e+00 -2.206324e+01
    endloop
  endfacet
  facet normal -1.429918e-03 4.758187e-02 9.988663e-01
    outer loop
      vertex   9.500000e+00 5.117517e+00 -2.206324e+01
      vertex   3.166667e+00 4.927189e+00 -2.206324e+01
      vertex   9.500000e+00 4.737724e+00 -2.204515e+01
    endloop
  endfacet
  facet normal 1.429918e-03 1.423147e-01 9.898204e-01
    outer loop
      vertex   9.500000e+00 4.737724e+00 -2.204515e+01
      vertex   3.166667e+00 4.927189e+00 -2.206324e+01
      vertex   3.166667e+00 4.550835e+00 -2.200913e+01
    endloop
  endfacet
  facet normal -1.429918e-03 2.357587e-01 9.718106e-01
    outer loop
      vertex   9.500000e+00 4.737724e+00 -2.204515e+01
      vertex   3.166667e+00 4.550835e+00 -2.200913e+01
      vertex   9.500000e+00 4.368217e+00 -2.195551e+01
    endloop
  endfacet
  facet normal 1.429918e-03 3.270676e-01 9.449999e-01
    outer loop
      vertex   9.500000e+00 4.368217e+00 -2.195551e+01
      vertex   3.166667e+00 4.550835e+00 -2.200913e+01
      vertex   3.166667e+00 4.191523e+00 -2.188477e+01
    endloop
  endfacet
  facet normal -1.429918e-03 4.154146e-01 9.096311e-01
    outer loop
      vertex   9.500000e+00 4.368217e+00 -2.195551e+01
      vertex   3.166667e+00 4.191523e+00 -2.188477e+01
      vertex   9.500000e+00 4.022353e+00 -2.179756e+01
    endloop
  endfacet
  facet normal 1.429918e-03 4.999995e-01 8.660245e-01
    outer loop
      vertex   9.500000e+00 4.022353e+00 -2.179756e+01
      vertex   3.166667e+00 4.191523e+00 -2.188477e+01
      vertex   3.166667e+00 3.862239e+00 -2.169466e+01
    endloop
  endfacet
  facet normal -1.429918e-03 5.800563e-01 8.145751e-01
    outer loop
      vertex   9.500000e+00 4.022353e+00 -2.179756e+01
      vertex   3.166667e+00 3.862239e+00 -2.169466e+01
      vertex   9.500000e+00 3.712632e+00 -2.157701e+01
    endloop
  endfacet
  facet normal 1.429918e-03 6.548601e-01 7.557488e-01
    outer loop
      vertex   9.500000e+00 3.712632e+00 -2.157701e+01
      vertex   3.166667e+00 3.862239e+00 -2.169466e+01
      vertex   3.166667e+00 3.574885e+00 -2.144567e+01
    endloop
  endfacet
  facet normal -1.429918e-03 7.237333e-01 6.900783e-01
    outer loop
      vertex   9.500000e+00 3.712632e+00 -2.157701e+01
      vertex   3.166667e+00 3.574885e+00 -2.144567e+01
      vertex   9.500000e+00 3.450247e+00 -2.130183e+01
    endloop
  endfacet
  facet normal 1.429918e-03 7.860523e-01 6.181584e-01
    outer loop
      vertex   9.500000e+00 3.450247e+00 -2.130183e+01
      vertex   3.166667e+00 3.574885e+00 -2.144567e+01
      vertex   3.166667e+00 3.339846e+00 -2.114679e+01
    endloop
  endfacet
  facet normal -1.429918e-03 8.412527e-01 5.406403e-01
    outer loop
      vertex   9.500000e+00 3.450247e+00 -2.130183e+01
      vertex   3.166667e+00 3.339846e+00 -2.114679e+01
      vertex   9.500000e+00 3.244682e+00 -2.098196e+01
    endloop
  endfacet
  facet normal 1.429918e-03 8.888345e-01 4.582261e-01
    outer loop
      vertex   9.500000e+00 3.244682e+00 -2.098196e+01
      vertex   3.166667e+00 3.339846e+00 -2.114679e+01
      vertex   3.166667e+00 3.165617e+00 -2.080883e+01
    endloop
  endfacet
  facet normal -1.429918e-03 9.283670e-01 3.716621e-01
    outer loop
      vertex   9.500000e+00 3.244682e+00 -2.098196e+01
      vertex   3.166667e+00 3.165617e+00 -2.080883e+01
      vertex   9.500000e+00 3.103367e+00 -2.062897e+01
    endloop
  endfacet
  facet normal 1.429918e-03 9.594920e-01 2.817323e-01
    outer loop
      vertex   9.500000e+00 3.103367e+00 -2.062897e+01
      vertex   3.166667e+00 3.165617e+00 -2.080883e+01
      vertex   3.166667e+00 3.058496e+00 -2.044401e+01
    endloop
  endfacet
  facet normal -1.429918e-03 9.819277e-01 1.892511e-01
    outer loop
      vertex   9.500000e+00 3.103367e+00 -2.062897e+01
      vertex   3.166667e+00 3.058496e+00 -2.044401e+01
      vertex   9.500000e+00 3.031409e+00 -2.025562e+01
    endloop
  endfacet
  facet normal 1.429918e-03 9.954709e-01 9.505595e-02
    outer loop
      vertex   9.500000e+00 3.031409e+00 -2.025562e+01
      vertex   3.166667e+00 3.058496e+00 -2.044401e+01
      vertex   3.166667e+00 3.022353e+00 -2.006551e+01
    endloop
  endfacet
  facet normal -1.429918e-03 9.999990e-01 0.000000e+00
    outer loop
      vertex   9.500000e+00 3.031409e+00 -2.025562e+01
      vertex   3.166667e+00 3.022353e+00 -2.006551e+01
      vertex   9.500000e+00 3.031409e+00 -1.987540e+01
    endloop
  endfacet
  facet normal 1.429918e-03 9.954709e-01 -9.505595e-02
    outer loop
      vertex   9.500000e+00 3.031409e+00 -1.987540e+01
      vertex   3.166667e+00 3.022353e+00 -2.006551e+01
      vertex   3.166667e+00 3.058496e+00 -1.968701e+01
    endloop
  endfacet
  facet normal -1.429918e-03 9.819277e-01 -1.892511e-01
    outer loop
      vertex   9.500000e+00 3.031409e+00 -1.987540e+01
      vertex   3.166667e+00 3.058496e+00 -1.968701e+01
      vertex   9.500000e+00 3.103367e+00 -1.950204e+01
    endloop
  endfacet
  facet normal 1.429918e-03 9.594920e-01 -2.817323e-01
    outer loop
      vertex   9.500000e+00 3.103367e+00 -1.950204e+01
      vertex   3.166667e+00 3.058496e+00 -1.968701e+01
      vertex   3.166667e+00 3.165617e+00 -1.932218e+01
    endloop
  endfacet
  facet normal -1.429918e-03 9.283670e-01 -3.716621e-01
    outer loop
      vertex   9.500000e+00 3.103367e+00 -1.950204e+01
      vertex   3.166667e+00 3.165617e+00 -1.932218e+01
      vertex   9.500000e+00 3.244682e+00 -1.914906e+01
    endloop
  endfacet
  facet normal 1.429918e-03 8.888345e-01 -4.582261e-01
    outer loop
      vertex   9.500000e+00 3.244682e+00 -1.914906e+01
      vertex   3.166667e+00 3.165617e+00 -1.932218e+01
      vertex   3.166667e+00 3.339846e+00 -1.898423e+01
    endloop
  endfacet
  facet normal -1.429918e-03 8.412527e-01 -5.406403e-01
    outer loop
      vertex   9.500000e+00 3.244682e+00 -1.914906e+01
      vertex   3.166667e+00 3.339846e+00 -1.898423e+01
      vertex   9.500000e+00 3.450247e+00 -1.882919e+01
    endloop
  endfacet
  facet normal 1.429918e-03 7.860523e-01 -6.181584e-01
    outer loop
      vertex   9.500000e+00 3.450247e+00 -1.882919e+01
      vertex   3.166667e+00 3.339846e+00 -1.898423e+01
      vertex   3.166667e+00 3.574885e+00 -1.868535e+01
    endloop
  endfacet
  facet normal -1.429918e-03 7.237333e-01 -6.900783e-01
    outer loop
      vertex   9.500000e+00 3.450247e+00 -1.882919e+01
      vertex   3.166667e+00 3.574885e+00 -1.868535e+01
      vertex   9.500000e+00 3.712632e+00 -1.855401e+01
    endloop
  endfacet
  facet normal 1.429918e-03 6.548601e-01 -7.557488e-01
    outer loop
      vertex   9.500000e+00 3.712632e+00 -1.855401e+01
      vertex   3.166667e+00 3.574885e+00 -1.868535e+01
      vertex   3.166667e+00 3.862239e+00 -1.843636e+01
    endloop
  endfacet
  facet normal -1.429918e-03 5.800563e-01 -8.145751e-01
    outer loop
      vertex   9.500000e+00 3.712632e+00 -1.855401e+01
      vertex   3.166667e+00 3.862239e+00 -1.843636e+01
      vertex   9.500000e+00 4.022353e+00 -1.833346e+01
    endloop
  endfacet
  facet normal 1.429918e-03 4.999995e-01 -8.660245e-01
    outer loop
      vertex   9.500000e+00 4.022353e+00 -1.833346e+01
      vertex   3.166667e+00 3.862239e+00 -1.843636e+01
      vertex   3.166667e+00 4.191523e+00 -1.824625e+01
    endloop
  endfacet
  facet normal -1.429918e-03 4.154146e-01 -9.096311e-01
    outer loop
      vertex   9.500000e+00 4.022353e+00 -1.833346e+01
      vertex   3.166667e+00 4.191523e+00 -1.824625e+01
      vertex   9.500000e+00 4.368217e+00 -1.817551e+01
    endloop
  endfacet
  facet normal 1.429918e-03 3.270676e-01 -9.449999e-01
    outer loop
      vertex   9.500000e+00 4.368217e+00 -1.817551e+01
      vertex   3.166667e+00 4.191523e+00 -1.824625e+01
      vertex   3.166667e+00 4.550835e+00 -1.812189e+01
    endloop
  endfacet
  facet normal -1.429918e-03 2.357587e-01 -9.718106e-01
    outer loop
      vertex   9.500000e+00 4.368217e+00 -1.817551e+01
      vertex   3.166667e+00 4.550835e+00 -1.812189e+01
      vertex   9.500000e+00 4.737724e+00 -1.808587e+01
    endloop
  endfacet
  facet normal 1.429918e-03 1.423147e-01 -9.898204e-01
    outer loop
      vertex   9.500000e+00 4.737724e+00 -1.808587e+01
      vertex   3.166667e+00 4.550835e+00 -1.812189e+01
      vertex   3.166667e+00 4.927189e+00 -1.806777e+01
    endloop
  endfacet
  facet normal -1.429918e-03 4.758187e-02 -9.988663e-01
    outer loop
      vertex   9.500000e+00 4.737724e+00 -1.808587e+01
      vertex   3.166667e+00 4.927189e+00 -1.806777e+01
      vertex   9.500000e+00 5.117517e+00 -1.806777e+01
    endloop
  endfacet
  facet normal 1.429918e-03 -4.758187e-02 -9.988663e-01
    outer loop
      vertex   9.500000e+00 5.117517e+00 -1.806777e+01
      vertex   3.166667e+00 4.927189e+00 -1.806777e+01
      vertex   3.166667e+00 5.306983e+00 -1.808587e+01
    endloop
  endfacet
  facet normal -1.429918e-03 -1.423147e-01 -9.898204e-01
    outer loop
      vertex   9.500000e+00 5.117517e+00 -1.806777e+01
      vertex   3.166667e+00 5.306983e+00 -1.808587e+01
      vertex   9.500000e+00 5.493871e+00 -1.812189e+01
    endloop
  endfacet
  facet normal 1.429918e-03 -2.357587e-01 -9.718106e-01
    outer loop
      vertex   9.500000e+00 5.493871e+00 -1.812189e+01
      vertex   3.166667e+00 5.306983e+00 -1.808587e+01
      vertex   3.166667e+00 5.676489e+00 -1.817551e+01
    endloop
  endfacet
  facet normal -1.429918e-03 -3.270676e-01 -9.449999e-01
    outer loop
      vertex   9.500000e+00 5.493871e+00 -1.812189e+01
      vertex   3.166667e+00 5.676489e+00 -1.817551e+01
      vertex   9.500000e+00 5.853183e+00 -1.824625e+01
    endloop
  endfacet
  facet normal 1.429918e-03 -4.154146e-01 -9.096311e-01
    outer loop
      vertex   9.500000e+00 5.853183e+00 -1.824625e+01
      vertex   3.166667e+00 5.676489e+00 -1.817551e+01
      vertex   3.166667e+00 6.022353e+00 -1.833346e+01
    endloop
  endfacet
  facet normal -1.429918e-03 -4.999995e-01 -8.660245e-01
    outer loop
      vertex   9.500000e+00 5.853183e+00 -1.824625e+01
      vertex   3.166667e+00 6.022353e+00 -1.833346e+01
      vertex   9.500000e+00 6.182467e+00 -1.843636e+01
    endloop
  endfacet
  facet normal 1.429918e-03 -5.800563e-01 -8.145751e-01
    outer loop
      vertex   9.500000e+00 6.182467e+00 -1.843636e+01
      vertex   3.166667e+00 6.022353e+00 -1.833346e+01
      vertex   3.166667e+00 6.332075e+00 -1.855401e+01
    endloop
  endfacet
  facet normal -1.429918e-03 -6.548601e-01 -7.557488e-01
    outer loop
      vertex   9.500000e+00 6.182467e+00 -1.843636e+01
      vertex   3.166667e+00 6.332075e+00 -1.855401e+01
      vertex   9.500000e+00 6.469821e+00 -1.868535e+01
    endloop
  endfacet
  facet normal 1.429918e-03 -7.237333e-01 -6.900783e-01
    outer loop
      vertex   9.500000e+00 6.469821e+00 -1.868535e+01
      vertex   3.166667e+00 6.332075e+00 -1.855401e+01
      vertex   3.166667e+00 6.594459e+00 -1.882919e+01
    endloop
  endfacet
  facet normal -1.429918e-03 -7.860523e-01 -6.181584e-01
    outer loop
      vertex   9.500000e+00 6.469821e+00 -1.868535e+01
      vertex   3.166667e+00 6.594459e+00 -1.882919e+01
      vertex   9.500000e+00 6.704860e+00 -1.898423e+01
    endloop
  endfacet
  facet normal 1.429918e-03 -8.412527e-01 -5.406403e-01
    outer loop
      vertex   9.500000e+00 6.704860e+00 -1.898423e+01
      vertex   3.166667e+00 6.594459e+00 -1.882919e+01
      vertex   3.166667e+00 6.800024e+00 -1.914906e+01
    endloop
  endfacet
  facet normal -1.429918e-03 -8.888345e-01 -4.582261e-01
    outer loop
      vertex   9.500000e+00 6.704860e+00 -1.898423e+01
      vertex   3.166667e+00 6.800024e+00 -1.914906e+01
      vertex   9.500000e+00 6.879089e+00 -1.932218e+01
    endloop
  endfacet
  facet normal 1.429918e-03 -9.283670e-01 -3.716621e-01
    outer loop
      vertex   9.500000e+00 6.879089e+00 -1.932218e+01
      vertex   3.166667e+00 6.800024e+00 -1.914906e+01
      vertex   3.166667e+00 6.941339e+00 -1.950204e+01
    endloop
  endfacet
  facet normal -1.429918e-03 -9.594920e-01 -2.817323e-01
    outer loop
      vertex   9.500000e+00 6.879089e+00 -1.932218e+01
      vertex   3.166667e+00 6.941339e+00 -1.950204e+01
      vertex   9.500000e+00 6.986211e+00 -1.968701e+01
    endloop
  endfacet
  facet normal 1.429918e-03 -9.819277e-01 -1.892511e-01
    outer loop
      vertex   9.500000e+00 6.986211e+00 -1.968701e+01
      vertex   3.166667e+00 6.941339e+00 -1.950204e+01
      vertex   3.166667e+00 7.013297e+00 -1.987540e+01
    endloop
  endfacet
  facet normal -0.000000e+00 9.954719e-01 9.505604e-02
    outer loop
      vertex   -3.166667e+00 3.022353e+00 -2.006551e+01
      vertex   3.166667e+00 3.022353e+00 -2.006551e+01
      vertex   -3.166667e+00 3.058496e+00 -2.044401e+01
    endloop
  endfacet
  facet normal -0.000000e+00 9.954719e-01 9.505604e-02
    outer loop
      vertex   -3.166667e+00 3.058496e+00 -2.044401e+01
      vertex   3.166667e+00 3.022353e+00 -2.006551e+01
      vertex   3.166667e+00 3.058496e+00 -2.044401e+01
    endloop
  endfacet
  facet normal -0.000000e+00 9.594930e-01 2.817326e-01
    outer loop
      vertex   -3.166667e+00 3.058496e+00 -2.044401e+01
      vertex   3.166667e+00 3.058496e+00 -2.044401e+01
      vertex   -3.166667e+00 3.165617e+00 -2.080883e+01
    endloop
  endfacet
  facet normal -0.000000e+00 9.594930e-01 2.817326e-01
    outer loop
      vertex   -3.166667e+00 3.165617e+00 -2.080883e+01
      vertex   3.166667e+00 3.058496e+00 -2.044401e+01
      vertex   3.166667e+00 3.165617e+00 -2.080883e+01
    endloop
  endfacet
  facet normal -0.000000e+00 8.888354e-01 4.582265e-01
    outer loop
      vertex   -3.166667e+00 3.165617e+00 -2.080883e+01
      vertex   3.166667e+00 3.165617e+00 -2.080883e+01
      vertex   -3.166667e+00 3.339846e+00 -2.114679e+01
    endloop
  endfacet
  facet normal -0.000000e+00 8.888354e-01 4.582265e-01
    outer loop
      vertex   -3.166667e+00 3.339846e+00 -2.114679e+01
      vertex   3.166667e+00 3.165617e+00 -2.080883e+01
      vertex   3.166667e+00 3.339846e+00 -2.114679e+01
    endloop
  endfacet
  facet normal -0.000000e+00 7.860531e-01 6.181590e-01
    outer loop
      vertex   -3.166667e+00 3.339846e+00 -2.114679e+01
      vertex   3.166667e+00 3.339846e+00 -2.114679e+01
      vertex   -3.166667e+00 3.574885e+00 -2.144567e+01
    endloop
  endfacet
  facet normal -0.000000e+00 7.860531e-01 6.181590e-01
    outer loop
      vertex   -3.166667e+00 3.574885e+00 -2.144567e+01
      vertex   3.166667e+00 3.339846e+00 -2.114679e+01
      vertex   3.166667e+00 3.574885e+00 -2.144567e+01
    endloop
  endfacet
  facet normal -0.000000e+00 6.548607e-01 7.557496e-01
    outer loop
      vertex   -3.166667e+00 3.574885e+00 -2.144567e+01
      vertex   3.166667e+00 3.574885e+00 -2.144567e+01
      vertex   -3.166667e+00 3.862239e+00 -2.169466e+01
    endloop
  endfacet
  facet normal -0.000000e+00 6.548607e-01 7.557496e-01
    outer loop
      vertex   -3.166667e+00 3.862239e+00 -2.169466e+01
      vertex   3.166667e+00 3.574885e+00 -2.144567e+01
      vertex   3.166667e+00 3.862239e+00 -2.169466e+01
    endloop
  endfacet
  facet normal -0.000000e+00 5.000000e-01 8.660254e-01
    outer loop
      vertex   -3.166667e+00 3.862239e+00 -2.169466e+01
      vertex   3.166667e+00 3.862239e+00 -2.169466e+01
      vertex   -3.166667e+00 4.191523e+00 -2.188477e+01
    endloop
  endfacet
  facet normal -0.000000e+00 5.000000e-01 8.660254e-01
    outer loop
      vertex   -3.166667e+00 4.191523e+00 -2.188477e+01
      vertex   3.166667e+00 3.862239e+00 -2.169466e+01
      vertex   3.166667e+00 4.191523e+00 -2.188477e+01
    endloop
  endfacet
  facet normal -0.000000e+00 3.270680e-01 9.450008e-01
    outer loop
      vertex   -3.166667e+00 4.191523e+00 -2.188477e+01
      vertex   3.166667e+00 4.191523e+00 -2.188477e+01
      vertex   -3.166667e+00 4.550835e+00 -2.200913e+01
    endloop
  endfacet
  facet normal -4.586759e-17 3.270680e-01 9.450008e-01
    outer loop
      vertex   -3.166667e+00 4.550835e+00 -2.200913e+01
      vertex   3.166667e+00 4.191523e+00 -2.188477e+01
      vertex   3.166667e+00 4.550835e+00 -2.200913e+01
    endloop
  endfacet
  facet normal -1.995805e-17 1.423148e-01 9.898214e-01
    outer loop
      vertex   -3.166667e+00 4.550835e+00 -2.200913e+01
      vertex   3.166667e+00 4.550835e+00 -2.200913e+01
      vertex   -3.166667e+00 4.927189e+00 -2.206324e+01
    endloop
  endfacet
  facet normal 1.995805e-17 1.423148e-01 9.898214e-01
    outer loop
      vertex   -3.166667e+00 4.927189e+00 -2.206324e+01
      vertex   3.166667e+00 4.550835e+00 -2.200913e+01
      vertex   3.166667e+00 4.927189e+00 -2.206324e+01
    endloop
  endfacet
  facet normal -6.672826e-18 -4.758192e-02 9.988673e-01
    outer loop
      vertex   -3.166667e+00 4.927189e+00 -2.206324e+01
      vertex   3.166667e+00 4.927189e+00 -2.206324e+01
      vertex   -3.166667e+00 5.306983e+00 -2.204515e+01
    endloop
  endfacet
  facet normal 0.000000e+00 -4.758192e-02 9.988673e-01
    outer loop
      vertex   -3.166667e+00 5.306983e+00 -2.204515e+01
      vertex   3.166667e+00 4.927189e+00 -2.206324e+01
      vertex   3.166667e+00 5.306983e+00 -2.204515e+01
    endloop
  endfacet
  facet normal 0.000000e+00 -2.357589e-01 9.718116e-01
    outer loop
      vertex   -3.166667e+00 5.306983e+00 -2.204515e+01
      vertex   3.166667e+00 5.306983e+00 -2.204515e+01
      vertex   -3.166667e+00 5.676489e+00 -2.195551e+01
    endloop
  endfacet
  facet normal -3.306253e-17 -2.357589e-01 9.718116e-01
    outer loop
      vertex   -3.166667e+00 5.676489e+00 -2.195551e+01
      vertex   3.166667e+00 5.306983e+00 -2.204515e+01
      vertex   3.166667e+00 5.676489e+00 -2.195551e+01
    endloop
  endfacet
  facet normal -5.825726e-17 -4.154150e-01 9.096320e-01
    outer loop
      vertex   -3.166667e+00 5.676489e+00 -2.195551e+01
      vertex   3.166667e+00 5.676489e+00 -2.195551e+01
      vertex   -3.166667e+00 6.022353e+00 -2.179756e+01
    endloop
  endfacet
  facet normal 0.000000e+00 -4.154150e-01 9.096320e-01
    outer loop
      vertex   -3.166667e+00 6.022353e+00 -2.179756e+01
      vertex   3.166667e+00 5.676489e+00 -2.195551e+01
      vertex   3.166667e+00 6.022353e+00 -2.179756e+01
    endloop
  endfacet
  facet normal 0.000000e+00 -5.800569e-01 8.145760e-01
    outer loop
      vertex   -3.166667e+00 6.022353e+00 -2.179756e+01
      vertex   3.166667e+00 6.022353e+00 -2.179756e+01
      vertex   -3.166667e+00 6.332075e+00 -2.157701e+01
    endloop
  endfacet
  facet normal 0.000000e+00 -5.800569e-01 8.145760e-01
    outer loop
      vertex   -3.166667e+00 6.332075e+00 -2.157701e+01
      vertex   3.166667e+00 6.022353e+00 -2.179756e+01
      vertex   3.166667e+00 6.332075e+00 -2.157701e+01
    endloop
  endfacet
  facet normal 0.000000e+00 -7.237340e-01 6.900790e-01
    outer loop
      vertex   -3.166667e+00 6.332075e+00 -2.157701e+01
      vertex   3.166667e+00 6.332075e+00 -2.157701e+01
      vertex   -3.166667e+00 6.594459e+00 -2.130183e+01
    endloop
  endfacet
  facet normal 1.014955e-16 -7.237340e-01 6.900790e-01
    outer loop
      vertex   -3.166667e+00 6.594459e+00 -2.130183e+01
      vertex   3.166667e+00 6.332075e+00 -2.157701e+01
      vertex   3.166667e+00 6.594459e+00 -2.130183e+01
    endloop
  endfacet
  facet normal 1.179763e-16 -8.412535e-01 5.406408e-01
    outer loop
      vertex   -3.166667e+00 6.594459e+00 -2.130183e+01
      vertex   3.166667e+00 6.594459e+00 -2.130183e+01
      vertex   -3.166667e+00 6.800024e+00 -2.098196e+01
    endloop
  endfacet
  facet normal 0.000000e+00 -8.412535e-01 5.406408e-01
    outer loop
      vertex   -3.166667e+00 6.800024e+00 -2.098196e+01
      vertex   3.166667e+00 6.594459e+00 -2.130183e+01
      vertex   3.166667e+00 6.800024e+00 -2.098196e+01
    endloop
  endfacet
  facet normal 0.000000e+00 -9.283679e-01 3.716625e-01
    outer loop
      vertex   -3.166667e+00 6.800024e+00 -2.098196e+01
      vertex   3.166667e+00 6.800024e+00 -2.098196e+01
      vertex   -3.166667e+00 6.941339e+00 -2.062897e+01
    endloop
  endfacet
  facet normal 0.000000e+00 -9.283679e-01 3.716625e-01
    outer loop
      vertex   -3.166667e+00 6.941339e+00 -2.062897e+01
      vertex   3.166667e+00 6.800024e+00 -2.098196e+01
      vertex   3.166667e+00 6.941339e+00 -2.062897e+01
    endloop
  endfacet
  facet normal 0.000000e+00 -9.819287e-01 1.892512e-01
    outer loop
      vertex   -3.166667e+00 6.941339e+00 -2.062897e+01
      vertex   3.166667e+00 6.941339e+00 -2.062897e+01
      vertex   -3.166667e+00 7.013297e+00 -2.025562e+01
    endloop
  endfacet
  facet normal 0.000000e+00 -9.819287e-01 1.892512e-01
    outer loop
      vertex   -3.166667e+00 7.013297e+00 -2.025562e+01
      vertex   3.166667e+00 6.941339e+00 -2.062897e+01
      vertex   3.166667e+00 7.013297e+00 -2.025562e+01
    endloop
  endfacet
  facet normal 0.000000e+00 -1.000000e+00 0.000000e+00
    outer loop
      vertex   -3.166667e+00 7.013297e+00 -2.025562e+01
      vertex   3.166667e+00 7.013297e+00 -2.025562e+01
      vertex   -3.166667e+00 7.013297e+00 -1.987540e+01
    endloop
  endfacet
  facet normal 0.000000e+00 -1.000000e+00 0.000000e+00
    outer loop
      vertex   -3.166667e+00 7.013297e+00 -1.987540e+01
      vertex   3.166667e+00 7.013297e+00 -2.025562e+01
      vertex   3.166667e+00 7.013297e+00 -1.987540e+01
    endloop
  endfacet
  facet normal 0.000000e+00 -9.819287e-01 -1.892512e-01
    outer loop
      vertex   -3.166667e+00 7.013297e+00 -1.987540e+01
      vertex   3.166667e+00 7.013297e+00 -1.987540e+01
      vertex   -3.166667e+00 6.941339e+00 -1.950204e+01
    endloop
  endfacet
  facet normal 0.000000e+00 -9.819287e-01 -1.892512e-01
    outer loop
      vertex   -3.166667e+00 6.941339e+00 -1.950204e+01
      vertex   3.166667e+00 7.013297e+00 -1.987540e+01
      vertex   3.166667e+00 6.941339e+00 -1.950204e+01
    endloop
  endfacet
  facet normal 0.000000e+00 -9.283679e-01 -3.716625e-01
    outer loop
      vertex   -3.166667e+00 6.941339e+00 -1.950204e+01
      vertex   3.166667e+00 6.941339e+00 -1.950204e+01
      vertex   -3.166667e+00 6.800024e+00 -1.914906e+01
    endloop
  endfacet
  facet normal 0.000000e+00 -9.283679e-01 -3.716625e-01
    outer loop
      vertex   -3.166667e+00 6.800024e+00 -1.914906e+01
      vertex   3.166667e+00 6.941339e+00 -1.950204e+01
      vertex   3.166667e+00 6.800024e+00 -1.914906e+01
    endloop
  endfacet
  facet normal 0.000000e+00 -8.412535e-01 -5.406408e-01
    outer loop
      vertex   -3.166667e+00 6.800024e+00 -1.914906e+01
      vertex   3.166667e+00 6.800024e+00 -1.914906e+01
      vertex   -3.166667e+00 6.594459e+00 -1.882919e+01
    endloop
  endfacet
  facet normal -1.179763e-16 -8.412535e-01 -5.406408e-01
    outer loop
      vertex   -3.166667e+00 6.594459e+00 -1.882919e+01
      vertex   3.166667e+00 6.800024e+00 -1.914906e+01
      vertex   3.166667e+00 6.594459e+00 -1.882919e+01
    endloop
  endfacet
  facet normal -1.014955e-16 -7.237340e-01 -6.900790e-01
    outer loop
      vertex   -3.166667e+00 6.594459e+00 -1.882919e+01
      vertex   3.166667e+00 6.594459e+00 -1.882919e+01
      vertex   -3.166667e+00 6.332075e+00 -1.855401e+01
    endloop
  endfacet
  facet normal 0.000000e+00 -7.237340e-01 -6.900790e-01
    outer loop
      vertex   -3.166667e+00 6.332075e+00 -1.855401e+01
      vertex   3.166667e+00 6.594459e+00 -1.882919e+01
      vertex   3.166667e+00 6.332075e+00 -1.855401e+01
    endloop
  endfacet
  facet normal 0.000000e+00 -5.800569e-01 -8.145760e-01
    outer loop
      vertex   -3.166667e+00 6.332075e+00 -1.855401e+01
      vertex   3.166667e+00 6.332075e+00 -1.855401e+01
      vertex   -3.166667e+00 6.022353e+00 -1.833346e+01
    endloop
  endfacet
  facet normal 0.000000e+00 -5.800569e-01 -8.145760e-01
    outer loop
      vertex   -3.166667e+00 6.022353e+00 -1.833346e+01
      vertex   3.166667e+00 6.332075e+00 -1.855401e+01
      vertex   3.166667e+00 6.022353e+00 -1.833346e+01
    endloop
  endfacet
  facet normal 0.000000e+00 -4.154150e-01 -9.096320e-01
    outer loop
      vertex   -3.166667e+00 6.022353e+00 -1.833346e+01
      vertex   3.166667e+00 6.022353e+00 -1.833346e+01
      vertex   -3.166667e+00 5.676489e+00 -1.817551e+01
    endloop
  endfacet
  facet normal 0.000000e+00 -4.154150e-01 -9.096320e-01
    outer loop
      vertex   -3.166667e+00 5.676489e+00 -1.817551e+01
      vertex   3.166667e+00 6.022353e+00 -1.833346e+01
      vertex   3.166667e+00 5.676489e+00 -1.817551e+01
    endloop
  endfacet
  facet normal 0.000000e+00 -2.357589e-01 -9.718116e-01
    outer loop
      vertex   -3.166667e+00 5.676489e+00 -1.817551e+01
      vertex   3.166667e+00 5.676489e+00 -1.817551e+01
      vertex   -3.166667e+00 5.306983e+00 -1.808587e+01
    endloop
  endfacet
  facet normal 0.000000e+00 -2.357589e-01 -9.718116e-01
    outer loop
      vertex   -3.166667e+00 5.306983e+00 -1.808587e+01
      vertex   3.166667e+00 5.676489e+00 -1.817551e+01
      vertex   3.166667e+00 5.306983e+00 -1.808587e+01
    endloop
  endfacet
  facet normal 0.000000e+00 -4.758192e-02 -9.988673e-01
    outer loop
      vertex   -3.166667e+00 5.306983e+00 -1.808587e+01
      vertex   3.166667e+00 5.306983e+00 -1.808587e+01
      vertex   -3.166667e+00 4.927189e+00 -1.806777e+01
    endloop
  endfacet
  facet normal 0.000000e+00 -4.758192e-02 -9.988673e-01
    outer loop
      vertex   -3.166667e+00 4.927189e+00 -1.806777e+01
      vertex   3.166667e+00 5.306983e+00 -1.808587e+01
      vertex   3.166667e+00 4.927189e+00 -1.806777e+01
    endloop
  endfacet
  facet normal 0.000000e+00 1.423148e-01 -9.898214e-01
    outer loop
      vertex   -3.166667e+00 4.927189e+00 -1.806777e+01
      vertex   3.166667e+00 4.927189e+00 -1.806777e+01
      vertex   -3.166667e+00 4.550835e+00 -1.812189e+01
    endloop
  endfacet
  facet normal 1.995805e-17 1.423148e-01 -9.898214e-01
    outer loop
      vertex   -3.166667e+00 4.550835e+00 -1.812189e+01
      vertex   3.166667e+00 4.927189e+00 -1.806777e+01
      vertex   3.166667e+00 4.550835e+00 -1.812189e+01
    endloop
  endfacet
  facet normal 4.586759e-17 3.270680e-01 -9.450008e-01
    outer loop
      vertex   -3.166667e+00 4.550835e+00 -1.812189e+01
      vertex   3.166667e+00 4.550835e+00 -1.812189e+01
      vertex   -3.166667e+00 4.191523e+00 -1.824625e+01
    endloop
  endfacet
  facet normal 0.000000e+00 3.270680e-01 -9.450008e-01
    outer loop
      vertex   -3.166667e+00 4.191523e+00 -1.824625e+01
      vertex   3.166667e+00 4.550835e+00 -1.812189e+01
      vertex   3.166667e+00 4.191523e+00 -1.824625e+01
    endloop
  endfacet
  facet normal 0.000000e+00 5.000000e-01 -8.660254e-01
    outer loop
      vertex   -3.166667e+00 4.191523e+00 -1.824625e+01
      vertex   3.166667e+00 4.191523e+00 -1.824625e+01
      vertex   -3.166667e+00 3.862239e+00 -1.843636e+01
    endloop
  endfacet
  facet normal 0.000000e+00 5.000000e-01 -8.660254e-01
    outer loop
      vertex   -3.166667e+00 3.862239e+00 -1.843636e+01
      vertex   3.166667e+00 4.191523e+00 -1.824625e+01
      vertex   3.166667e+00 3.862239e+00 -1.843636e+01
    endloop
  endfacet
  facet normal 0.000000e+00 6.548607e-01 -7.557496e-01
    outer loop
      vertex   -3.166667e+00 3.862239e+00 -1.843636e+01
      vertex   3.166667e+00 3.862239e+00 -1.843636e+01
      vertex   -3.166667e+00 3.574885e+00 -1.868535e+01
    endloop
  endfacet
  facet normal 0.000000e+00 6.548607e-01 -7.557496e-01
    outer loop
      vertex   -3.166667e+00 3.574885e+00 -1.868535e+01
      vertex   3.166667e+00 3.862239e+00 -1.843636e+01
      vertex   3.166667e+00 3.574885e+00 -1.868535e+01
    endloop
  endfacet
  facet normal 0.000000e+00 7.860531e-01 -6.181590e-01
    outer loop
      vertex   -3.166667e+00 3.574885e+00 -1.868535e+01
      vertex   3.166667e+00 3.574885e+00 -1.868535e+01
      vertex   -3.166667e+00 3.339846e+00 -1.898423e+01
    endloop
  endfacet
  facet normal 0.000000e+00 7.860531e-01 -6.181590e-01
    outer loop
      vertex   -3.166667e+00 3.339846e+00 -1.898423e+01
      vertex   3.166667e+00 3.574885e+00 -1.868535e+01
      vertex   3.166667e+00 3.339846e+00 -1.898423e+01
    endloop
  endfacet
  facet normal 0.000000e+00 8.888354e-01 -4.582265e-01
    outer loop
      vertex   -3.166667e+00 3.339846e+00 -1.898423e+01
      vertex   3.166667e+00 3.339846e+00 -1.898423e+01
      vertex   -3.166667e+00 3.165617e+00 -1.932218e+01
    endloop
  endfacet
  facet normal 0.000000e+00 8.888354e-01 -4.582265e-01
    outer loop
      vertex   -3.166667e+00 3.165617e+00 -1.932218e+01
      vertex   3.166667e+00 3.339846e+00 -1.898423e+01
      vertex   3.166667e+00 3.165617e+00 -1.932218e+01
    endloop
  endfacet
  facet normal 0.000000e+00 9.594930e-01 -2.817326e-01
    outer loop
      vertex   -3.166667e+00 3.165617e+00 -1.932218e+01
      vertex   3.166667e+00 3.165617e+00 -1.932218e+01
      vertex   -3.166667e+00 3.058496e+00 -1.968701e+01
    endloop
  endfacet
  facet normal 0.000000e+00 9.594930e-01 -2.817326e-01
    outer loop
      vertex   -3.166667e+00 3.058496e+00 -1.968701e+01
      vertex   3.166667e+00 3.165617e+00 -1.932218e+01
      vertex   3.166667e+00 3.058496e+00 -1.968701e+01
    endloop
  endfacet
  facet normal 0.000000e+00 9.954719e-01 -9.505604e-02
    outer loop
      vertex   -3.166667e+00 3.058496e+00 -1.968701e+01
      vertex   3.166667e+00 3.058496e+00 -1.968701e+01
      vertex   -3.166667e+00 3.022353e+00 -2.006551e+01
    endloop
  endfacet
  facet normal 0.000000e+00 9.954719e-01 -9.505604e-02
    outer loop
      vertex   -3.166667e+00 3.022353e+00 -2.006551e+01
      vertex   3.166667e+00 3.058496e+00 -1.968701e+01
      vertex   3.166667e+00 3.022353e+00 -2.006551e+01
    endloop
  endfacet
  facet normal 0.000000e+00 0.000000e+00 1.000000e+00
    outer loop
      vertex   9.500000e+00 2.500000e+01 -1.550000e+01
      vertex   4.500000e+00 1.000000e+01 -1.550000e+01
      vertex   9.500000e+00 -1.000000e+01 -1.550000e+01
    endloop
  endfacet
  facet normal 0.000000e+00 0.000000e+00 1.000000e+00
    outer loop
      vertex   9.500000e+00 -1.000000e+01 -1.550000e+01
      vertex   4.500000e+00 1.000000e+01 -1.550000e+01
      vertex   4.500000e+00 0.000000e+00 -1.550000e+01
    endloop
  endfacet
  facet normal 0.000000e+00 0.000000e+00 1.000000e+00
    outer loop
      vertex   9.500000e+00 -1.000000e+01 -1.550000e+01
      vertex   4.500000e+00 0.000000e+00 -1.550000e+01
      vertex   -4.500000e+00 0.000000e+00 -1.550000e+01
    endloop
  endfacet
  facet normal 0.000000e+00 0.000000e+00 1.000000e+00
    outer loop
      vertex   9.500000e+00 2.500000e+01 -1.550000e+01
      vertex   -9.500000e+00 2.500000e+01 -1.550000e+01
      vertex   4.500000e+00 1.000000e+01 -1.550000e+01
    endloop
  endfacet
  facet normal 0.000000e+00 0.000000e+00 1.000000e+00
    outer loop
      vertex   4.500000e+00 1.000000e+01 -1.550000e+01
      vertex   -9.500000e+00 2.500000e+01 -1.550000e+01
      vertex   -4.500000e+00 1.000000e+01 -1.550000e+01
    endloop
  endfacet
  facet normal 0.000000e+00 0.000000e+00 1.000000e+00
    outer loop
      vertex   -4.500000e+00 1.000000e+01 -1.550000e+01
      vertex   -9.500000e+00 2.500000e+01 -1.550000e+01
      vertex   -9.500000e+00 -1.000000e+01 -1.550000e+01
    endloop
  endfacet
  facet normal 0.000000e+00 0.000000e+00 1.000000e+00
    outer loop
      vertex   -4.500000e+00 1.000000e+01 -1.550000e+01
      vertex   -9.500000e+00 -1.000000e+01 -1.550000e+01
      vertex   -4.500000e+00 0.000000e+00 -1.550000e+01
    endloop
  endfacet
  facet normal 0.000000e+00 0.000000e+00 1.000000e+00
    outer loop
      vertex   -4.500000e+00 0.000000e+00 -1.550000e+01
      vertex   -9.500000e+00 -1.000000e+01 -1.550000e+01
      vertex   9.500000e+00 -1.000000e+01 -1.550000e+01
    endloop
  endfacet
  facet normal 0.000000e+00 -1.000000e+00 0.000000e+00
    outer loop
      vertex   -9.500000e+00 -1.000000e+01 -2.500000e+01
      vertex   -5.000000e+00 -1.000000e+01 -2.500000e+01
      vertex   -9.500000e+00 -1.000000e+01 -1.550000e+01
    endloop
  endfacet
  facet normal 0.000000e+00 -1.000000e+00 0.000000e+00
    outer loop
      vertex   -9.500000e+00 -1.000000e+01 -1.550000e+01
      vertex   -5.000000e+00 -1.000000e+01 -2.500000e+01
      vertex   5.000000e+00 -1.000000e+01 -2.500000e+01
    endloop
  endfacet
  facet normal 0.000000e+00 -1.000000e+00 0.000000e+00
    outer loop
      vertex   -9.500000e+00 -1.000000e+01 -1.550000e+01
      vertex   5.000000e+00 -1.000000e+01 -2.500000e+01
      vertex   9.500000e+00 -1.000000e+01 -1.550000e+01
    endloop
  endfacet
  facet normal 0.000000e+00 -1.000000e+00 -0.000000e+00
    outer loop
      vertex   9.500000e+00 -1.000000e+01 -1.550000e+01
      vertex   5.000000e+00 -1.000000e+01 -2.500000e+01
      vertex   9.500000e+00 -1.000000e+01 -2.500000e+01
    endloop
  endfacet
  facet normal 1.000000e+00 -0.000000e+00 0.000000e+00
    outer loop
      vertex   9.500000e+00 6.986211e+00 -2.044401e+01
      vertex   9.500000e+00 2.500000e+01 -2.500000e+01
      vertex   9.500000e+00 7.022353e+00 -2.006551e+01
    endloop
  endfacet
  facet normal 1.000000e+00 -0.000000e+00 0.000000e+00
    outer loop
      vertex   9.500000e+00 7.022353e+00 -2.006551e+01
      vertex   9.500000e+00 2.500000e+01 -2.500000e+01
      vertex   9.500000e+00 2.500000e+01 -1.550000e+01
    endloop
  endfacet
  facet normal 1.000000e+00 0.000000e+00 -0.000000e+00
    outer loop
      vertex   9.500000e+00 7.022353e+00 -2.006551e+01
      vertex   9.500000e+00 2.500000e+01 -1.550000e+01
      vertex   9.500000e+00 6.986211e+00 -1.968701e+01
    endloop
  endfacet
  facet normal 1.000000e+00 0.000000e+00 -0.000000e+00
    outer loop
      vertex   9.500000e+00 6.986211e+00 -1.968701e+01
      vertex   9.500000e+00 2.500000e+01 -1.550000e+01
      vertex   9.500000e+00 6.879089e+00 -1.932218e+01
    endloop
  endfacet
  facet normal 1.000000e+00 0.000000e+00 -0.000000e+00
    outer loop
      vertex   9.500000e+00 6.879089e+00 -1.932218e+01
      vertex   9.500000e+00 2.500000e+01 -1.550000e+01
      vertex   9.500000e+00 6.704860e+00 -1.898423e+01
    endloop
  endfacet
  facet normal 1.000000e+00 0.000000e+00 -0.000000e+00
    outer loop
      vertex   9.500000e+00 6.704860e+00 -1.898423e+01
      vertex   9.500000e+00 2.500000e+01 -1.550000e+01
      vertex   9.500000e+00 6.469821e+00 -1.868535e+01
    endloop
  endfacet
  facet normal 1.000000e+00 0.000000e+00 -0.000000e+00
    outer loop
      vertex   9.500000e+00 6.469821e+00 -1.868535e+01
      vertex   9.500000e+00 2.500000e+01 -1.550000e+01
      vertex   9.500000e+00 6.182467e+00 -1.843636e+01
    endloop
  endfacet
  facet normal 1.000000e+00 0.000000e+00 -0.000000e+00
    outer loop
      vertex   9.500000e+00 6.182467e+00 -1.843636e+01
      vertex   9.500000e+00 2.500000e+01 -1.550000e+01
      vertex   9.500000e+00 5.853183e+00 -1.824625e+01
    endloop
  endfacet
  facet normal 1.000000e+00 0.000000e+00 -0.000000e+00
    outer loop
      vertex   9.500000e+00 5.853183e+00 -1.824625e+01
      vertex   9.500000e+00 2.500000e+01 -1.550000e+01
      vertex   9.500000e+00 5.493871e+00 -1.812189e+01
    endloop
  endfacet
  facet normal 1.000000e+00 0.000000e+00 -0.000000e+00
    outer loop
      vertex   9.500000e+00 5.493871e+00 -1.812189e+01
      vertex   9.500000e+00 2.500000e+01 -1.550000e+01
      vertex   9.500000e+00 5.117517e+00 -1.806777e+01
    endloop
  endfacet
  facet normal 1.000000e+00 0.000000e+00 -0.000000e+00
    outer loop
      vertex   9.500000e+00 5.117517e+00 -1.806777e+01
      vertex   9.500000e+00 2.500000e+01 -1.550000e+01
      vertex   9.500000e+00 -1.000000e+01 -1.550000e+01
    endloop
  endfacet
  facet normal 1.000000e+00 0.000000e+00 0.000000e+00
    outer loop
      vertex   9.500000e+00 5.117517e+00 -1.806777e+01
      vertex   9.500000e+00 -1.000000e+01 -1.550000e+01
      vertex   9.500000e+00 4.737724e+00 -1.808587e+01
    endloop
  endfacet
  facet normal 1.000000e+00 0.000000e+00 0.000000e+00
    outer loop
      vertex   9.500000e+00 4.737724e+00 -1.808587e+01
      vertex   9.500000e+00 -1.000000e+01 -1.550000e+01
      vertex   9.500000e+00 4.368217e+00 -1.817551e+01
    endloop
  endfacet
  facet normal 1.000000e+00 0.000000e+00 0.000000e+00
    outer loop
      vertex   9.500000e+00 4.368217e+00 -1.817551e+01
      vertex   9.500000e+00 -1.000000e+01 -1.550000e+01
      vertex   9.500000e+00 4.022353e+00 -1.833346e+01
    endloop
  endfacet
  facet normal 1.000000e+00 0.000000e+00 0.000000e+00
    outer loop
      vertex   9.500000e+00 4.022353e+00 -1.833346e+01
      vertex   9.500000e+00 -1.000000e+01 -1.550000e+01
      vertex   9.500000e+00 3.712632e+00 -1.855401e+01
    endloop
  endfacet
  facet normal 1.000000e+00 0.000000e+00 0.000000e+00
    outer loop
      vertex   9.500000e+00 3.712632e+00 -1.855401e+01
      vertex   9.500000e+00 -1.000000e+01 -1.550000e+01
      vertex   9.500000e+00 3.450247e+00 -1.882919e+01
    endloop
  endfacet
  facet normal 1.000000e+00 0.000000e+00 0.000000e+00
    outer loop
      vertex   9.500000e+00 3.450247e+00 -1.882919e+01
      vertex   9.500000e+00 -1.000000e+01 -1.550000e+01
      vertex   9.500000e+00 3.244682e+00 -1.914906e+01
    endloop
  endfacet
  facet normal 1.000000e+00 0.000000e+00 0.000000e+00
    outer loop
      vertex   9.500000e+00 3.244682e+00 -1.914906e+01
      vertex   9.500000e+00 -1.000000e+01 -1.550000e+01
      vertex   9.500000e+00 3.103367e+00 -1.950204e+01
    endloop
  endfacet
  facet normal 1.000000e+00 0.000000e+00 0.000000e+00
    outer loop
      vertex   9.500000e+00 3.103367e+00 -1.950204e+01
      vertex   9.500000e+00 -1.000000e+01 -1.550000e+01
      vertex   9.500000e+00 3.031409e+00 -1.987540e+01
    endloop
  endfacet
  facet normal 1.000000e+00 0.000000e+00 0.000000e+00
    outer loop
      vertex   9.500000e+00 3.031409e+00 -1.987540e+01
      vertex   9.500000e+00 -1.000000e+01 -1.550000e+01
      vertex   9.500000e+00 3.031409e+00 -2.025562e+01
    endloop
  endfacet
  facet normal 1.000000e+00 0.000000e+00 0.000000e+00
    outer loop
      vertex   9.500000e+00 3.031409e+00 -2.025562e+01
      vertex   9.500000e+00 -1.000000e+01 -1.550000e+01
      vertex   9.500000e+00 -1.000000e+01 -2.500000e+01
    endloop
  endfacet
  facet normal 1.000000e+00 0.000000e+00 0.000000e+00
    outer loop
      vertex   9.500000e+00 3.031409e+00 -2.025562e+01
      vertex   9.500000e+00 -1.000000e+01 -2.500000e+01
      vertex   9.500000e+00 3.103367e+00 -2.062897e+01
    endloop
  endfacet
  facet normal 1.000000e+00 0.000000e+00 0.000000e+00
    outer loop
      vertex   9.500000e+00 3.103367e+00 -2.062897e+01
      vertex   9.500000e+00 -1.000000e+01 -2.500000e+01
      vertex   9.500000e+00 3.244682e+00 -2.098196e+01
    endloop
  endfacet
  facet normal 1.000000e+00 0.000000e+00 0.000000e+00
    outer loop
      vertex   9.500000e+00 3.244682e+00 -2.098196e+01
      vertex   9.500000e+00 -1.000000e+01 -2.500000e+01
      vertex   9.500000e+00 3.450247e+00 -2.130183e+01
    endloop
  endfacet
  facet normal 1.000000e+00 0.000000e+00 0.000000e+00
    outer loop
      vertex   9.500000e+00 3.450247e+00 -2.130183e+01
      vertex   9.500000e+00 -1.000000e+01 -2.500000e+01
      vertex   9.500000e+00 3.712632e+00 -2.157701e+01
    endloop
  endfacet
  facet normal 1.000000e+00 0.000000e+00 0.000000e+00
    outer loop
      vertex   9.500000e+00 3.712632e+00 -2.157701e+01
      vertex   9.500000e+00 -1.000000e+01 -2.500000e+01
      vertex   9.500000e+00 4.022353e+00 -2.179756e+01
    endloop
  endfacet
  facet normal 1.000000e+00 0.000000e+00 0.000000e+00
    outer loop
      vertex   9.500000e+00 4.022353e+00 -2.179756e+01
      vertex   9.500000e+00 -1.000000e+01 -2.500000e+01
      vertex   9.500000e+00 4.368217e+00 -2.195551e+01
    endloop
  endfacet
  facet normal 1.000000e+00 0.000000e+00 0.000000e+00
    outer loop
      vertex   9.500000e+00 4.368217e+00 -2.195551e+01
      vertex   9.500000e+00 -1.000000e+01 -2.500000e+01
      vertex   9.500000e+00 4.737724e+00 -2.204515e+01
    endloop
  endfacet
  facet normal 1.000000e+00 0.000000e+00 0.000000e+00
    outer loop
      vertex   9.500000e+00 4.737724e+00 -2.204515e+01
      vertex   9.500000e+00 -1.000000e+01 -2.500000e+01
      vertex   9.500000e+00 5.117517e+00 -2.206324e+01
    endloop
  endfacet
  facet normal 1.000000e+00 0.000000e+00 0.000000e+00
    outer loop
      vertex   9.500000e+00 5.117517e+00 -2.206324e+01
      vertex   9.500000e+00 -1.000000e+01 -2.500000e+01
      vertex   9.500000e+00 2.500000e+01 -2.500000e+01
    endloop
  endfacet
  facet normal 1.000000e+00 -0.000000e+00 0.000000e+00
    outer loop
      vertex   9.500000e+00 5.117517e+00 -2.206324e+01
      vertex   9.500000e+00 2.500000e+01 -2.500000e+01
      vertex   9.500000e+00 5.493871e+00 -2.200913e+01
    endloop
  endfacet
  facet normal 1.000000e+00 -0.000000e+00 0.000000e+00
    outer loop
      vertex   9.500000e+00 5.493871e+00 -2.200913e+01
      vertex   9.500000e+00 2.500000e+01 -2.500000e+01
      vertex   9.500000e+00 5.853183e+00 -2.188477e+01
    endloop
  endfacet
  facet normal 1.000000e+00 -0.000000e+00 0.000000e+00
    outer loop
      vertex   9.500000e+00 5.853183e+00 -2.188477e+01
      vertex   9.500000e+00 2.500000e+01 -2.500000e+01
      vertex   9.500000e+00 6.182467e+00 -2.169466e+01
    endloop
  endfacet
  facet normal 1.000000e+00 -0.000000e+00 0.000000e+00
    outer loop
      vertex   9.500000e+00 6.182467e+00 -2.169466e+01
      vertex   9.500000e+00 2.500000e+01 -2.500000e+01
      vertex   9.500000e+00 6.469821e+00 -2.144567e+01
    endloop
  endfacet
  facet normal 1.000000e+00 -0.000000e+00 0.000000e+00
    outer loop
      vertex   9.500000e+00 6.469821e+00 -2.144567e+01
      vertex   9.500000e+00 2.500000e+01 -2.500000e+01
      vertex   9.500000e+00 6.704860e+00 -2.114679e+01
    endloop
  endfacet
  facet normal 1.000000e+00 -0.000000e+00 0.000000e+00
    outer loop
      vertex   9.500000e+00 6.704860e+00 -2.114679e+01
      vertex   9.500000e+00 2.500000e+01 -2.500000e+01
      vertex   9.500000e+00 6.879089e+00 -2.080883e+01
    endloop
  endfacet
  facet normal 1.000000e+00 -0.000000e+00 0.000000e+00
    outer loop
      vertex   9.500000e+00 6.879089e+00 -2.080883e+01
      vertex   9.500000e+00 2.500000e+01 -2.500000e+01
      vertex   9.500000e+00 6.986211e+00 -2.044401e+01
    endloop
  endfacet
  facet normal -1.000000e+00 -0.000000e+00 0.000000e+00
    outer loop
      vertex   -9.500000e+00 3.058496e+00 -2.044401e+01
      vertex   -9.500000e+00 -1.000000e+01 -2.500000e+01
      vertex   -9.500000e+00 3.022353e+00 -2.006551e+01
    endloop
  endfacet
  facet normal -1.000000e+00 -0.000000e+00 0.000000e+00
    outer loop
      vertex   -9.500000e+00 3.022353e+00 -2.006551e+01
      vertex   -9.500000e+00 -1.000000e+01 -2.500000e+01
      vertex   -9.500000e+00 -1.000000e+01 -1.550000e+01
    endloop
  endfacet
  facet normal -1.000000e+00 0.000000e+00 0.000000e+00
    outer loop
      vertex   -9.500000e+00 3.022353e+00 -2.006551e+01
      vertex   -9.500000e+00 -1.000000e+01 -1.550000e+01
      vertex   -9.500000e+00 3.058496e+00 -1.968701e+01
    endloop
  endfacet
  facet normal -1.000000e+00 0.000000e+00 0.000000e+00
    outer loop
      vertex   -9.500000e+00 3.058496e+00 -1.968701e+01
      vertex   -9.500000e+00 -1.000000e+01 -1.550000e+01
      vertex   -9.500000e+00 3.165617e+00 -1.932218e+01
    endloop
  endfacet
  facet normal -1.000000e+00 0.000000e+00 0.000000e+00
    outer loop
      vertex   -9.500000e+00 3.165617e+00 -1.932218e+01
      vertex   -9.500000e+00 -1.000000e+01 -1.550000e+01
      vertex   -9.500000e+00 3.339846e+00 -1.898423e+01
    endloop
  endfacet
  facet normal -1.000000e+00 0.000000e+00 0.000000e+00
    outer loop
      vertex   -9.500000e+00 3.339846e+00 -1.898423e+01
      vertex   -9.500000e+00 -1.000000e+01 -1.550000e+01
      vertex   -9.500000e+00 3.574885e+00 -1.868535e+01
    endloop
  endfacet
  facet normal -1.000000e+00 0.000000e+00 0.000000e+00
    outer loop
      vertex   -9.500000e+00 3.574885e+00 -1.868535e+01
      vertex   -9.500000e+00 -1.000000e+01 -1.550000e+01
      vertex   -9.500000e+00 3.862239e+00 -1.843636e+01
    endloop
  endfacet
  facet normal -1.000000e+00 0.000000e+00 0.000000e+00
    outer loop
      vertex   -9.500000e+00 3.862239e+00 -1.843636e+01
      vertex   -9.500000e+00 -1.000000e+01 -1.550000e+01
      vertex   -9.500000e+00 4.191523e+00 -1.824625e+01
    endloop
  endfacet
  facet normal -1.000000e+00 0.000000e+00 0.000000e+00
    outer loop
      vertex   -9.500000e+00 4.191523e+00 -1.824625e+01
      vertex   -9.500000e+00 -1.000000e+01 -1.550000e+01
      vertex   -9.500000e+00 4.550835e+00 -1.812189e+01
    endloop
  endfacet
  facet normal -1.000000e+00 0.000000e+00 0.000000e+00
    outer loop
      vertex   -9.500000e+00 4.550835e+00 -1.812189e+01
      vertex   -9.500000e+00 -1.000000e+01 -1.550000e+01
      vertex   -9.500000e+00 4.927189e+00 -1.806777e+01
    endloop
  endfacet
  facet normal -1.000000e+00 0.000000e+00 0.000000e+00
    outer loop
      vertex   -9.500000e+00 4.927189e+00 -1.806777e+01
      vertex   -9.500000e+00 -1.000000e+01 -1.550000e+01
      vertex   -9.500000e+00 2.500000e+01 -1.550000e+01
    endloop
  endfacet
  facet normal -1.000000e+00 0.000000e+00 0.000000e+00
    outer loop
      vertex   -9.500000e+00 4.927189e+00 -1.806777e+01
      vertex   -9.500000e+00 2.500000e+01 -1.550000e+01
      vertex   -9.500000e+00 5.306983e+00 -1.808587e+01
    endloop
  endfacet
  facet normal -1.000000e+00 0.000000e+00 0.000000e+00
    outer loop
      vertex   -9.500000e+00 5.306983e+00 -1.808587e+01
      vertex   -9.500000e+00 2.500000e+01 -1.550000e+01
      vertex   -9.500000e+00 5.676489e+00 -1.817551e+01
    endloop
  endfacet
  facet normal -1.000000e+00 0.000000e+00 0.000000e+00
    outer loop
      vertex   -9.500000e+00 5.676489e+00 -1.817551e+01
      vertex   -9.500000e+00 2.500000e+01 -1.550000e+01
      vertex   -9.500000e+00 6.022353e+00 -1.833346e+01
    endloop
  endfacet
  facet normal -1.000000e+00 0.000000e+00 0.000000e+00
    outer loop
      vertex   -9.500000e+00 6.022353e+00 -1.833346e+01
      vertex   -9.500000e+00 2.500000e+01 -1.550000e+01
      vertex   -9.500000e+00 6.332075e+00 -1.855401e+01
    endloop
  endfacet
  facet normal -1.000000e+00 0.000000e+00 0.000000e+00
    outer loop
      vertex   -9.500000e+00 6.332075e+00 -1.855401e+01
      vertex   -9.500000e+00 2.500000e+01 -1.550000e+01
      vertex   -9.500000e+00 6.594459e+00 -1.882919e+01
    endloop
  endfacet
  facet normal -1.000000e+00 0.000000e+00 0.000000e+00
    outer loop
      vertex   -9.500000e+00 6.594459e+00 -1.882919e+01
      vertex   -9.500000e+00 2.500000e+01 -1.550000e+01
      vertex   -9.500000e+00 6.800024e+00 -1.914906e+01
    endloop
  endfacet
  facet normal -1.000000e+00 0.000000e+00 0.000000e+00
    outer loop
      vertex   -9.500000e+00 6.800024e+00 -1.914906e+01
      vertex   -9.500000e+00 2.500000e+01 -1.550000e+01
      vertex   -9.500000e+00 6.941339e+00 -1.950204e+01
    endloop
  endfacet
  facet normal -1.000000e+00 0.000000e+00 0.000000e+00
    outer loop
      vertex   -9.500000e+00 6.941339e+00 -1.950204e+01
      vertex   -9.500000e+00 2.500000e+01 -1.550000e+01
      vertex   -9.500000e+00 7.013297e+00 -1.987540e+01
    endloop
  endfacet
  facet normal -1.000000e+00 0.000000e+00 0.000000e+00
    outer loop
      vertex   -9.500000e+00 7.013297e+00 -1.987540e+01
      vertex   -9.500000e+00 2.500000e+01 -1.550000e+01
      vertex   -9.500000e+00 7.013297e+00 -2.025562e+01
    endloop
  endfacet
  facet normal -1.000000e+00 0.000000e+00 0.000000e+00
    outer loop
      vertex   -9.500000e+00 7.013297e+00 -2.025562e+01
      vertex   -9.500000e+00 2.500000e+01 -1.550000e+01
      vertex   -9.500000e+00 2.500000e+01 -2.500000e+01
    endloop
  endfacet
  facet normal -1.000000e+00 0.000000e+00 -0.000000e+00
    outer loop
      vertex   -9.500000e+00 7.013297e+00 -2.025562e+01
      vertex   -9.500000e+00 2.500000e+01 -2.500000e+01
      vertex   -9.500000e+00 6.941339e+00 -2.062897e+01
    endloop
  endfacet
  facet normal -1.000000e+00 0.000000e+00 -0.000000e+00
    outer loop
      vertex   -9.500000e+00 6.941339e+00 -2.062897e+01
      vertex   -9.500000e+00 2.500000e+01 -2.500000e+01
      vertex   -9.500000e+00 6.800024e+00 -2.098196e+01
    endloop
  endfacet
  facet normal -1.000000e+00 0.000000e+00 -0.000000e+00
    outer loop
      vertex   -9.500000e+00 6.800024e+00 -2.098196e+01
      vertex   -9.500000e+00 2.500000e+01 -2.500000e+01
      vertex   -9.500000e+00 6.594459e+00 -2.130183e+01
    endloop
  endfacet
  facet normal -1.000000e+00 0.000000e+00 -0.000000e+00
    outer loop
      vertex   -9.500000e+00 6.594459e+00 -2.130183e+01
      vertex   -9.500000e+00 2.500000e+01 -2.500000e+01
      vertex   -9.500000e+00 6.332075e+00 -2.157701e+01
    endloop
  endfacet
  facet normal -1.000000e+00 0.000000e+00 -0.000000e+00
    outer loop
      vertex   -9.500000e+00 6.332075e+00 -2.157701e+01
      vertex   -9.500000e+00 2.500000e+01 -2.500000e+01
      vertex   -9.500000e+00 6.022353e+00 -2.179756e+01
    endloop
  endfacet
  facet normal -1.000000e+00 0.000000e+00 -0.000000e+00
    outer loop
      vertex   -9.500000e+00 6.022353e+00 -2.179756e+01
      vertex   -9.500000e+00 2.500000e+01 -2.500000e+01
      vertex   -9.500000e+00 5.676489e+00 -2.195551e+01
    endloop
  endfacet
  facet normal -1.000000e+00 0.000000e+00 -0.000000e+00
    outer loop
      vertex   -9.500000e+00 5.676489e+00 -2.195551e+01
      vertex   -9.500000e+00 2.500000e+01 -2.500000e+01
      vertex   -9.500000e+00 5.306983e+00 -2.204515e+01
    endloop
  endfacet
  facet normal -1.000000e+00 0.000000e+00 -0.000000e+00
    outer loop
      vertex   -9.500000e+00 5.306983e+00 -2.204515e+01
      vertex   -9.500000e+00 2.500000e+01 -2.500000e+01
      vertex   -9.500000e+00 4.927189e+00 -2.206324e+01
    endloop
  endfacet
  facet normal -1.000000e+00 0.000000e+00 -0.000000e+00
    outer loop
      vertex   -9.500000e+00 4.927189e+00 -2.206324e+01
      vertex   -9.500000e+00 2.500000e+01 -2.500000e+01
      vertex   -9.500000e+00 -1.000000e+01 -2.500000e+01
    endloop
  endfacet
  facet normal -1.000000e+00 -0.000000e+00 0.000000e+00
    outer loop
      vertex   -9.500000e+00 4.927189e+00 -2.206324e+01
      vertex   -9.500000e+00 -1.000000e+01 -2.500000e+01
      vertex   -9.500000e+00 4.550835e+00 -2.200913e+01
    endloop
  endfacet
  facet normal -1.000000e+00 -0.000000e+00 0.000000e+00
    outer loop
      vertex   -9.500000e+00 4.550835e+00 -2.200913e+01
      vertex   -9.500000e+00 -1.000000e+01 -2.500000e+01
      vertex   -9.500000e+00 4.191523e+00 -2.188477e+01
    endloop
  endfacet
  facet normal -1.000000e+00 -0.000000e+00 0.000000e+00
    outer loop
      vertex   -9.500000e+00 4.191523e+00 -2.188477e+01
      vertex   -9.500000e+00 -1.000000e+01 -2.500000e+01
      vertex   -9.500000e+00 3.862239e+00 -2.169466e+01
    endloop
  endfacet
  facet normal -1.000000e+00 -0.000000e+00 0.000000e+00
    outer loop
      vertex   -9.500000e+00 3.862239e+00 -2.169466e+01
      vertex   -9.500000e+00 -1.000000e+01 -2.500000e+01
      vertex   -9.500000e+00 3.574885e+00 -2.144567e+01
    endloop
  endfacet
  facet normal -1.000000e+00 -0.000000e+00 0.000000e+00
    outer loop
      vertex   -9.500000e+00 3.574885e+00 -2.144567e+01
      vertex   -9.500000e+00 -1.000000e+01 -2.500000e+01
      vertex   -9.500000e+00 3.339846e+00 -2.114679e+01
    endloop
  endfacet
  facet normal -1.000000e+00 -0.000000e+00 0.000000e+00
    outer loop
      vertex   -9.500000e+00 3.339846e+00 -2.114679e+01
      vertex   -9.500000e+00 -1.000000e+01 -2.500000e+01
      vertex   -9.500000e+00 3.165617e+00 -2.080883e+01
    endloop
  endfacet
  facet normal -1.000000e+00 -0.000000e+00 0.000000e+00
    outer loop
      vertex   -9.500000e+00 3.165617e+00 -2.080883e+01
      vertex   -9.500000e+00 -1.000000e+01 -2.500000e+01
      vertex   -9.500000e+00 3.058496e+00 -2.044401e+01
    endloop
  endfacet
  facet normal 0.000000e+00 1.000000e+00 0.000000e+00
    outer loop
      vertex   -9.500000e+00 2.500000e+01 -2.500000e+01
      vertex   -9.500000e+00 2.500000e+01 -1.550000e+01
      vertex   9.500000e+00 2.500000e+01 -2.500000e+01
    endloop
  endfacet
  facet normal 0.000000e+00 1.000000e+00 -0.000000e+00
    outer loop
      vertex   9.500000e+00 2.500000e+01 -2.500000e+01
      vertex   -9.500000e+00 2.500000e+01 -1.550000e+01
      vertex   9.500000e+00 2.500000e+01 -1.550000e+01
    endloop
  endfacet
  facet normal 1.000000e+00 0.000000e+00 -1.245098e-16
    outer loop
      vertex   4.500000e+00 0.000000e+00 -8.366600e+00
      vertex   4.500000e+00 0.000000e+00 -1.550000e+01
      vertex   4.500000e+00 1.000000e+01 -8.366600e+00
    endloop
  endfacet
  facet normal 1.000000e+00 -8.881784e-17 0.000000e+00
    outer loop
      vertex   4.500000e+00 1.000000e+01 -8.366600e+00
      vertex   4.500000e+00 0.000000e+00 -1.550000e+01
      vertex   4.500000e+00 1.000000e+01 -1.550000e+01
    endloop
  endfacet
  facet normal -5.120801e-01 -0.000000e+00 -8.589377e-01
    outer loop
      vertex   -4.500000e+00 1.000000e+01 -8.366600e+00
      vertex   -4.500000e+00 0.000000e+00 -8.366600e+00
      vertex   -5.220048e+00 1.000000e+01 -7.937323e+00
    endloop
  endfacet
  facet normal -5.120801e-01 -0.000000e+00 -8.589377e-01
    outer loop
      vertex   -5.220048e+00 1.000000e+01 -7.937323e+00
      vertex   -4.500000e+00 0.000000e+00 -8.366600e+00
      vertex   -5.220048e+00 0.000000e+00 -7.937323e+00
    endloop
  endfacet
  facet normal -5.858071e-01 -0.000000e+00 -8.104505e-01
    outer loop
      vertex   -5.220048e+00 1.000000e+01 -7.937323e+00
      vertex   -5.220048e+00 0.000000e+00 -7.937323e+00
      vertex   -5.899448e+00 1.000000e+01 -7.446241e+00
    endloop
  endfacet
  facet normal -5.858071e-01 -0.000000e+00 -8.104505e-01
    outer loop
      vertex   -5.899448e+00 1.000000e+01 -7.446241e+00
      vertex   -5.220048e+00 0.000000e+00 -7.937323e+00
      vertex   -5.899448e+00 0.000000e+00 -7.446241e+00
    endloop
  endfacet
  facet normal -6.549726e-01 -0.000000e+00 -7.556526e-01
    outer loop
      vertex   -5.899448e+00 1.000000e+01 -7.446241e+00
      vertex   -5.899448e+00 0.000000e+00 -7.446241e+00
      vertex   -6.532912e+00 1.000000e+01 -6.897178e+00
    endloop
  endfacet
  facet normal -6.549726e-01 -0.000000e+00 -7.556526e-01
    outer loop
      vertex   -6.532912e+00 1.000000e+01 -6.897178e+00
      vertex   -5.899448e+00 0.000000e+00 -7.446241e+00
      vertex   -6.532912e+00 0.000000e+00 -6.897178e+00
    endloop
  endfacet
  facet normal -7.190380e-01 -0.000000e+00 -6.949707e-01
    outer loop
      vertex   -6.532912e+00 1.000000e+01 -6.897178e+00
      vertex   -6.532912e+00 0.000000e+00 -6.897178e+00
      vertex   -7.115506e+00 1.000000e+01 -6.294408e+00
    endloop
  endfacet
  facet normal -7.190380e-01 -0.000000e+00 -6.949707e-01
    outer loop
      vertex   -7.115506e+00 1.000000e+01 -6.294408e+00
      vertex   -6.532912e+00 0.000000e+00 -6.897178e+00
      vertex   -7.115506e+00 0.000000e+00 -6.294408e+00
    endloop
  endfacet
  facet normal -7.775045e-01 -0.000000e+00 -6.288773e-01
    outer loop
      vertex   -7.115506e+00 1.000000e+01 -6.294408e+00
      vertex   -7.115506e+00 0.000000e+00 -6.294408e+00
      vertex   -7.642694e+00 1.000000e+01 -5.642626e+00
    endloop
  endfacet
  facet normal -7.775045e-01 -0.000000e+00 -6.288773e-01
    outer loop
      vertex   -7.642694e+00 1.000000e+01 -5.642626e+00
      vertex   -7.115506e+00 0.000000e+00 -6.294408e+00
      vertex   -7.642694e+00 0.000000e+00 -5.642626e+00
    endloop
  endfacet
  facet normal -8.299169e-01 -0.000000e+00 -5.578871e-01
    outer loop
      vertex   -7.642694e+00 1.000000e+01 -5.642626e+00
      vertex   -7.642694e+00 0.000000e+00 -5.642626e+00
      vertex   -8.110371e+00 1.000000e+01 -4.946906e+00
    endloop
  endfacet
  facet normal -8.299169e-01 -0.000000e+00 -5.578871e-01
    outer loop
      vertex   -8.110371e+00 1.000000e+01 -4.946906e+00
      vertex   -7.642694e+00 0.000000e+00 -5.642626e+00
      vertex   -8.110371e+00 0.000000e+00 -4.946906e+00
    endloop
  endfacet
  facet normal -8.758669e-01 -0.000000e+00 -4.825527e-01
    outer loop
      vertex   -8.110371e+00 1.000000e+01 -4.946906e+00
      vertex   -8.110371e+00 0.000000e+00 -4.946906e+00
      vertex   -8.514895e+00 1.000000e+01 -4.212667e+00
    endloop
  endfacet
  facet normal -8.758669e-01 -0.000000e+00 -4.825527e-01
    outer loop
      vertex   -8.514895e+00 1.000000e+01 -4.212667e+00
      vertex   -8.110371e+00 0.000000e+00 -4.946906e+00
      vertex   -8.514895e+00 0.000000e+00 -4.212667e+00
    endloop
  endfacet
  facet normal -9.149969e-01 -0.000000e+00 -4.034609e-01
    outer loop
      vertex   -8.514895e+00 1.000000e+01 -4.212667e+00
      vertex   -8.514895e+00 0.000000e+00 -4.212667e+00
      vertex   -8.853116e+00 1.000000e+01 -3.445625e+00
    endloop
  endfacet
  facet normal -9.149969e-01 -0.000000e+00 -4.034609e-01
    outer loop
      vertex   -8.853116e+00 1.000000e+01 -3.445625e+00
      vertex   -8.514895e+00 0.000000e+00 -4.212667e+00
      vertex   -8.853116e+00 0.000000e+00 -3.445625e+00
    endloop
  endfacet
  facet normal -9.470021e-01 -0.000000e+00 -3.212274e-01
    outer loop
      vertex   -8.853116e+00 1.000000e+01 -3.445625e+00
      vertex   -8.853116e+00 0.000000e+00 -3.445625e+00
      vertex   -9.122401e+00 1.000000e+01 -2.651753e+00
    endloop
  endfacet
  facet normal -9.470021e-01 -0.000000e+00 -3.212274e-01
    outer loop
      vertex   -9.122401e+00 1.000000e+01 -2.651753e+00
      vertex   -8.853116e+00 0.000000e+00 -3.445625e+00
      vertex   -9.122401e+00 0.000000e+00 -2.651753e+00
    endloop
  endfacet
  facet normal -9.716333e-01 -0.000000e+00 -2.364927e-01
    outer loop
      vertex   -9.122401e+00 1.000000e+01 -2.651753e+00
      vertex   -9.122401e+00 0.000000e+00 -2.651753e+00
      vertex   -9.320653e+00 1.000000e+01 -1.837233e+00
    endloop
  endfacet
  facet normal -9.716333e-01 -0.000000e+00 -2.364927e-01
    outer loop
      vertex   -9.320653e+00 1.000000e+01 -1.837233e+00
      vertex   -9.122401e+00 0.000000e+00 -2.651753e+00
      vertex   -9.320653e+00 0.000000e+00 -1.837233e+00
    endloop
  endfacet
  facet normal -9.886987e-01 -0.000000e+00 -1.499165e-01
    outer loop
      vertex   -9.320653e+00 1.000000e+01 -1.837233e+00
      vertex   -9.320653e+00 0.000000e+00 -1.837233e+00
      vertex   -9.446328e+00 1.000000e+01 -1.008406e+00
    endloop
  endfacet
  facet normal -9.886987e-01 -0.000000e+00 -1.499165e-01
    outer loop
      vertex   -9.446328e+00 1.000000e+01 -1.008406e+00
      vertex   -9.320653e+00 0.000000e+00 -1.837233e+00
      vertex   -9.446328e+00 0.000000e+00 -1.008406e+00
    endloop
  endfacet
  facet normal -9.980654e-01 -0.000000e+00 -6.217289e-02
    outer loop
      vertex   -9.446328e+00 1.000000e+01 -1.008406e+00
      vertex   -9.446328e+00 0.000000e+00 -1.008406e+00
      vertex   -9.498448e+00 1.000000e+01 -1.717281e-01
    endloop
  endfacet
  facet normal -9.980654e-01 -0.000000e+00 -6.217289e-02
    outer loop
      vertex   -9.498448e+00 1.000000e+01 -1.717281e-01
      vertex   -9.446328e+00 0.000000e+00 -1.008406e+00
      vertex   -9.498448e+00 0.000000e+00 -1.717281e-01
    endloop
  endfacet
  facet normal -9.996605e-01 0.000000e+00 2.605481e-02
    outer loop
      vertex   -9.498448e+00 1.000000e+01 -1.717281e-01
      vertex   -9.498448e+00 0.000000e+00 -1.717281e-01
      vertex   -9.476606e+00 1.000000e+01 6.662874e-01
    endloop
  endfacet
  facet normal -9.996605e-01 0.000000e+00 2.605481e-02
    outer loop
      vertex   -9.476606e+00 1.000000e+01 6.662874e-01
      vertex   -9.498448e+00 0.000000e+00 -1.717281e-01
      vertex   -9.476606e+00 0.000000e+00 6.662874e-01
    endloop
  endfacet
  facet normal -9.934716e-01 0.000000e+00 1.140796e-01
    outer loop
      vertex   -9.476606e+00 1.000000e+01 6.662874e-01
      vertex   -9.476606e+00 0.000000e+00 6.662874e-01
      vertex   -9.380973e+00 1.000000e+01 1.499115e+00
    endloop
  endfacet
  facet normal -9.934716e-01 0.000000e+00 1.140796e-01
    outer loop
      vertex   -9.380973e+00 1.000000e+01 1.499115e+00
      vertex   -9.476606e+00 0.000000e+00 6.662874e-01
      vertex   -9.380973e+00 0.000000e+00 1.499115e+00
    endloop
  endfacet
  facet normal -9.795469e-01 0.000000e+00 2.012162e-01
    outer loop
      vertex   -9.380973e+00 1.000000e+01 1.499115e+00
      vertex   -9.380973e+00 0.000000e+00 1.499115e+00
      vertex   -9.212293e+00 1.000000e+01 2.320269e+00
    endloop
  endfacet
  facet normal -9.795469e-01 0.000000e+00 2.012162e-01
    outer loop
      vertex   -9.212293e+00 1.000000e+01 2.320269e+00
      vertex   -9.380973e+00 0.000000e+00 1.499115e+00
      vertex   -9.212293e+00 0.000000e+00 2.320269e+00
    endloop
  endfacet
  facet normal -9.579947e-01 0.000000e+00 2.867859e-01
    outer loop
      vertex   -9.212293e+00 1.000000e+01 2.320269e+00
      vertex   -9.212293e+00 0.000000e+00 2.320269e+00
      vertex   -8.971881e+00 1.000000e+01 3.123356e+00
    endloop
  endfacet
  facet normal -9.579947e-01 0.000000e+00 2.867859e-01
    outer loop
      vertex   -8.971881e+00 1.000000e+01 3.123356e+00
      vertex   -9.212293e+00 0.000000e+00 2.320269e+00
      vertex   -8.971881e+00 0.000000e+00 3.123356e+00
    endloop
  endfacet
  facet normal -9.289830e-01 0.000000e+00 3.701225e-01
    outer loop
      vertex   -8.971881e+00 1.000000e+01 3.123356e+00
      vertex   -8.971881e+00 0.000000e+00 3.123356e+00
      vertex   -8.661607e+00 1.000000e+01 3.902123e+00
    endloop
  endfacet
  facet normal -9.289830e-01 0.000000e+00 3.701225e-01
    outer loop
      vertex   -8.661607e+00 1.000000e+01 3.902123e+00
      vertex   -8.971881e+00 0.000000e+00 3.123356e+00
      vertex   -8.661607e+00 0.000000e+00 3.902123e+00
    endloop
  endfacet
  facet normal -8.927375e-01 0.000000e+00 4.505771e-01
    outer loop
      vertex   -8.661607e+00 1.000000e+01 3.902123e+00
      vertex   -8.661607e+00 0.000000e+00 3.902123e+00
      vertex   -8.283888e+00 1.000000e+01 4.650505e+00
    endloop
  endfacet
  facet normal -8.927375e-01 0.000000e+00 4.505771e-01
    outer loop
      vertex   -8.283888e+00 1.000000e+01 4.650505e+00
      vertex   -8.661607e+00 0.000000e+00 3.902123e+00
      vertex   -8.283888e+00 0.000000e+00 4.650505e+00
    endloop
  endfacet
  facet normal -8.495407e-01 0.000000e+00 5.275232e-01
    outer loop
      vertex   -8.283888e+00 1.000000e+01 4.650505e+00
      vertex   -8.283888e+00 0.000000e+00 4.650505e+00
      vertex   -7.841666e+00 1.000000e+01 5.362675e+00
    endloop
  endfacet
  facet normal -8.495407e-01 0.000000e+00 5.275232e-01
    outer loop
      vertex   -7.841666e+00 1.000000e+01 5.362675e+00
      vertex   -8.283888e+00 0.000000e+00 4.650505e+00
      vertex   -7.841666e+00 0.000000e+00 5.362675e+00
    endloop
  endfacet
  facet normal -7.997287e-01 0.000000e+00 6.003616e-01
    outer loop
      vertex   -7.841666e+00 1.000000e+01 5.362675e+00
      vertex   -7.841666e+00 0.000000e+00 5.362675e+00
      vertex   -7.338382e+00 1.000000e+01 6.033087e+00
    endloop
  endfacet
  facet normal -7.997287e-01 0.000000e+00 6.003616e-01
    outer loop
      vertex   -7.338382e+00 1.000000e+01 6.033087e+00
      vertex   -7.841666e+00 0.000000e+00 5.362675e+00
      vertex   -7.338382e+00 0.000000e+00 6.033087e+00
    endloop
  endfacet
  facet normal -7.436895e-01 0.000000e+00 6.685252e-01
    outer loop
      vertex   -7.338382e+00 1.000000e+01 6.033087e+00
      vertex   -7.338382e+00 0.000000e+00 6.033087e+00
      vertex   -6.777958e+00 1.000000e+01 6.656522e+00
    endloop
  endfacet
  facet normal -7.436895e-01 0.000000e+00 6.685252e-01
    outer loop
      vertex   -6.777958e+00 1.000000e+01 6.656522e+00
      vertex   -7.338382e+00 0.000000e+00 6.033087e+00
      vertex   -6.777958e+00 0.000000e+00 6.656522e+00
    endloop
  endfacet
  facet normal -6.818594e-01 0.000000e+00 7.314833e-01
    outer loop
      vertex   -6.777958e+00 1.000000e+01 6.656522e+00
      vertex   -6.777958e+00 0.000000e+00 6.656522e+00
      vertex   -6.164755e+00 1.000000e+01 7.228125e+00
    endloop
  endfacet
  facet normal -6.818594e-01 0.000000e+00 7.314833e-01
    outer loop
      vertex   -6.164755e+00 1.000000e+01 7.228125e+00
      vertex   -6.777958e+00 0.000000e+00 6.656522e+00
      vertex   -6.164755e+00 0.000000e+00 7.228125e+00
    endloop
  endfacet
  facet normal -6.147199e-01 0.000000e+00 7.887455e-01
    outer loop
      vertex   -6.164755e+00 1.000000e+01 7.228125e+00
      vertex   -6.164755e+00 0.000000e+00 7.228125e+00
      vertex   -5.503550e+00 1.000000e+01 7.743445e+00
    endloop
  endfacet
  facet normal -6.147199e-01 0.000000e+00 7.887455e-01
    outer loop
      vertex   -5.503550e+00 1.000000e+01 7.743445e+00
      vertex   -6.164755e+00 0.000000e+00 7.228125e+00
      vertex   -5.503550e+00 0.000000e+00 7.743445e+00
    endloop
  endfacet
  facet normal -5.427938e-01 0.000000e+00 8.398660e-01
    outer loop
      vertex   -5.503550e+00 1.000000e+01 7.743445e+00
      vertex   -5.503550e+00 0.000000e+00 7.743445e+00
      vertex   -4.799490e+00 1.000000e+01 8.198469e+00
    endloop
  endfacet
  facet normal -5.427938e-01 0.000000e+00 8.398660e-01
    outer loop
      vertex   -4.799490e+00 1.000000e+01 8.198469e+00
      vertex   -5.503550e+00 0.000000e+00 7.743445e+00
      vertex   -4.799490e+00 0.000000e+00 8.198469e+00
    endloop
  endfacet
  facet normal -4.666411e-01 0.000000e+00 8.844467e-01
    outer loop
      vertex   -4.799490e+00 1.000000e+01 8.198469e+00
      vertex   -4.799490e+00 0.000000e+00 8.198469e+00
      vertex   -4.058058e+00 1.000000e+01 8.589655e+00
    endloop
  endfacet
  facet normal -4.666411e-01 0.000000e+00 8.844467e-01
    outer loop
      vertex   -4.058058e+00 1.000000e+01 8.589655e+00
      vertex   -4.799490e+00 0.000000e+00 8.198469e+00
      vertex   -4.058058e+00 0.000000e+00 8.589655e+00
    endloop
  endfacet
  facet normal -3.868549e-01 0.000000e+00 9.221406e-01
    outer loop
      vertex   -4.058058e+00 1.000000e+01 8.589655e+00
      vertex   -4.058058e+00 0.000000e+00 8.589655e+00
      vertex   -3.285027e+00 1.000000e+01 8.913955e+00
    endloop
  endfacet
  facet normal -3.868549e-01 0.000000e+00 9.221406e-01
    outer loop
      vertex   -3.285027e+00 1.000000e+01 8.913955e+00
      vertex   -4.058058e+00 0.000000e+00 8.589655e+00
      vertex   -3.285027e+00 0.000000e+00 8.913955e+00
    endloop
  endfacet
  facet normal -3.040563e-01 0.000000e+00 9.526541e-01
    outer loop
      vertex   -3.285027e+00 1.000000e+01 8.913955e+00
      vertex   -3.285027e+00 0.000000e+00 8.913955e+00
      vertex   -2.486417e+00 1.000000e+01 9.168846e+00
    endloop
  endfacet
  facet normal -3.040563e-01 0.000000e+00 9.526541e-01
    outer loop
      vertex   -2.486417e+00 1.000000e+01 9.168846e+00
      vertex   -3.285027e+00 0.000000e+00 8.913955e+00
      vertex   -2.486417e+00 0.000000e+00 9.168846e+00
    endloop
  endfacet
  facet normal -2.188902e-01 0.000000e+00 9.757495e-01
    outer loop
      vertex   -2.486417e+00 1.000000e+01 9.168846e+00
      vertex   -2.486417e+00 0.000000e+00 9.168846e+00
      vertex   -1.668446e+00 1.000000e+01 9.352341e+00
    endloop
  endfacet
  facet normal -2.188902e-01 0.000000e+00 9.757495e-01
    outer loop
      vertex   -1.668446e+00 1.000000e+01 9.352341e+00
      vertex   -2.486417e+00 0.000000e+00 9.168846e+00
      vertex   -1.668446e+00 0.000000e+00 9.352341e+00
    endloop
  endfacet
  facet normal -1.320196e-01 0.000000e+00 9.912471e-01
    outer loop
      vertex   -1.668446e+00 1.000000e+01 9.352341e+00
      vertex   -1.668446e+00 0.000000e+00 9.352341e+00
      vertex   -8.374838e-01 1.000000e+01 9.463013e+00
    endloop
  endfacet
  facet normal -1.320196e-01 0.000000e+00 9.912471e-01
    outer loop
      vertex   -8.374838e-01 1.000000e+01 9.463013e+00
      vertex   -1.668446e+00 0.000000e+00 9.352341e+00
      vertex   -8.374838e-01 0.000000e+00 9.463013e+00
    endloop
  endfacet
  facet normal -4.412106e-02 0.000000e+00 9.990262e-01
    outer loop
      vertex   -8.374838e-01 1.000000e+01 9.463013e+00
      vertex   -8.374838e-01 0.000000e+00 9.463013e+00
      vertex   -1.745122e-15 1.000000e+01 9.500000e+00
    endloop
  endfacet
  facet normal -4.412106e-02 0.000000e+00 9.990262e-01
    outer loop
      vertex   -1.745122e-15 1.000000e+01 9.500000e+00
      vertex   -8.374838e-01 0.000000e+00 9.463013e+00
      vertex   -1.745122e-15 0.000000e+00 9.500000e+00
    endloop
  endfacet
  facet normal 4.412106e-02 0.000000e+00 9.990262e-01
    outer loop
      vertex   -1.745122e-15 1.000000e+01 9.500000e+00
      vertex   -1.745122e-15 0.000000e+00 9.500000e+00
      vertex   8.374838e-01 1.000000e+01 9.463013e+00
    endloop
  endfacet
  facet normal 4.412106e-02 0.000000e+00 9.990262e-01
    outer loop
      vertex   8.374838e-01 1.000000e+01 9.463013e+00
      vertex   -1.745122e-15 0.000000e+00 9.500000e+00
      vertex   8.374838e-01 0.000000e+00 9.463013e+00
    endloop
  endfacet
  facet normal 1.320196e-01 0.000000e+00 9.912471e-01
    outer loop
      vertex   8.374838e-01 1.000000e+01 9.463013e+00
      vertex   8.374838e-01 0.000000e+00 9.463013e+00
      vertex   1.668446e+00 1.000000e+01 9.352341e+00
    endloop
  endfacet
  facet normal 1.320196e-01 0.000000e+00 9.912471e-01
    outer loop
      vertex   1.668446e+00 1.000000e+01 9.352341e+00
      vertex   8.374838e-01 0.000000e+00 9.463013e+00
      vertex   1.668446e+00 0.000000e+00 9.352341e+00
    endloop
  endfacet
  facet normal 2.188902e-01 0.000000e+00 9.757495e-01
    outer loop
      vertex   1.668446e+00 1.000000e+01 9.352341e+00
      vertex   1.668446e+00 0.000000e+00 9.352341e+00
      vertex   2.486417e+00 1.000000e+01 9.168846e+00
    endloop
  endfacet
  facet normal 2.188902e-01 0.000000e+00 9.757495e-01
    outer loop
      vertex   2.486417e+00 1.000000e+01 9.168846e+00
      vertex   1.668446e+00 0.000000e+00 9.352341e+00
      vertex   2.486417e+00 0.000000e+00 9.168846e+00
    endloop
  endfacet
  facet normal 3.040563e-01 0.000000e+00 9.526541e-01
    outer loop
      vertex   2.486417e+00 1.000000e+01 9.168846e+00
      vertex   2.486417e+00 0.000000e+00 9.168846e+00
      vertex   3.285027e+00 1.000000e+01 8.913955e+00
    endloop
  endfacet
  facet normal 3.040563e-01 0.000000e+00 9.526541e-01
    outer loop
      vertex   3.285027e+00 1.000000e+01 8.913955e+00
      vertex   2.486417e+00 0.000000e+00 9.168846e+00
      vertex   3.285027e+00 0.000000e+00 8.913955e+00
    endloop
  endfacet
  facet normal 3.868549e-01 0.000000e+00 9.221406e-01
    outer loop
      vertex   3.285027e+00 1.000000e+01 8.913955e+00
      vertex   3.285027e+00 0.000000e+00 8.913955e+00
      vertex   4.058058e+00 1.000000e+01 8.589655e+00
    endloop
  endfacet
  facet normal 3.868549e-01 0.000000e+00 9.221406e-01
    outer loop
      vertex   4.058058e+00 1.000000e+01 8.589655e+00
      vertex   3.285027e+00 0.000000e+00 8.913955e+00
      vertex   4.058058e+00 0.000000e+00 8.589655e+00
    endloop
  endfacet
  facet normal 4.666411e-01 0.000000e+00 8.844467e-01
    outer loop
      vertex   4.058058e+00 1.000000e+01 8.589655e+00
      vertex   4.058058e+00 0.000000e+00 8.589655e+00
      vertex   4.799490e+00 1.000000e+01 8.198469e+00
    endloop
  endfacet
  facet normal 4.666411e-01 0.000000e+00 8.844467e-01
    outer loop
      vertex   4.799490e+00 1.000000e+01 8.198469e+00
      vertex   4.058058e+00 0.000000e+00 8.589655e+00
      vertex   4.799490e+00 0.000000e+00 8.198469e+00
    endloop
  endfacet
  facet normal 5.427938e-01 0.000000e+00 8.398660e-01
    outer loop
      vertex   4.799490e+00 1.000000e+01 8.198469e+00
      vertex   4.799490e+00 0.000000e+00 8.198469e+00
      vertex   5.503550e+00 1.000000e+01 7.743445e+00
    endloop
  endfacet
  facet normal 5.427938e-01 0.000000e+00 8.398660e-01
    outer loop
      vertex   5.503550e+00 1.000000e+01 7.743445e+00
      vertex   4.799490e+00 0.000000e+00 8.198469e+00
      vertex   5.503550e+00 0.000000e+00 7.743445e+00
    endloop
  endfacet
  facet normal 6.147199e-01 0.000000e+00 7.887455e-01
    outer loop
      vertex   5.503550e+00 1.000000e+01 7.743445e+00
      vertex   5.503550e+00 0.000000e+00 7.743445e+00
      vertex   6.164755e+00 1.000000e+01 7.228125e+00
    endloop
  endfacet
  facet normal 6.147199e-01 0.000000e+00 7.887455e-01
    outer loop
      vertex   6.164755e+00 1.000000e+01 7.228125e+00
      vertex   5.503550e+00 0.000000e+00 7.743445e+00
      vertex   6.164755e+00 0.000000e+00 7.228125e+00
    endloop
  endfacet
  facet normal 6.818594e-01 0.000000e+00 7.314833e-01
    outer loop
      vertex   6.164755e+00 1.000000e+01 7.228125e+00
      vertex   6.164755e+00 0.000000e+00 7.228125e+00
      vertex   6.777958e+00 1.000000e+01 6.656522e+00
    endloop
  endfacet
  facet normal 6.818594e-01 0.000000e+00 7.314833e-01
    outer loop
      vertex   6.777958e+00 1.000000e+01 6.656522e+00
      vertex   6.164755e+00 0.000000e+00 7.228125e+00
      vertex   6.777958e+00 0.000000e+00 6.656522e+00
    endloop
  endfacet
  facet normal 7.436895e-01 0.000000e+00 6.685252e-01
    outer loop
      vertex   6.777958e+00 1.000000e+01 6.656522e+00
      vertex   6.777958e+00 0.000000e+00 6.656522e+00
      vertex   7.338382e+00 1.000000e+01 6.033087e+00
    endloop
  endfacet
  facet normal 7.436895e-01 0.000000e+00 6.685252e-01
    outer loop
      vertex   7.338382e+00 1.000000e+01 6.033087e+00
      vertex   6.777958e+00 0.000000e+00 6.656522e+00
      vertex   7.338382e+00 0.000000e+00 6.033087e+00
    endloop
  endfacet
  facet normal 7.997287e-01 0.000000e+00 6.003616e-01
    outer loop
      vertex   7.338382e+00 1.000000e+01 6.033087e+00
      vertex   7.338382e+00 0.000000e+00 6.033087e+00
      vertex   7.841666e+00 1.000000e+01 5.362675e+00
    endloop
  endfacet
  facet normal 7.997287e-01 0.000000e+00 6.003616e-01
    outer loop
      vertex   7.841666e+00 1.000000e+01 5.362675e+00
      vertex   7.338382e+00 0.000000e+00 6.033087e+00
      vertex   7.841666e+00 0.000000e+00 5.362675e+00
    endloop
  endfacet
  facet normal 8.495407e-01 0.000000e+00 5.275232e-01
    outer loop
      vertex   7.841666e+00 1.000000e+01 5.362675e+00
      vertex   7.841666e+00 0.000000e+00 5.362675e+00
      vertex   8.283888e+00 1.000000e+01 4.650505e+00
    endloop
  endfacet
  facet normal 8.495407e-01 0.000000e+00 5.275232e-01
    outer loop
      vertex   8.283888e+00 1.000000e+01 4.650505e+00
      vertex   7.841666e+00 0.000000e+00 5.362675e+00
      vertex   8.283888e+00 0.000000e+00 4.650505e+00
    endloop
  endfacet
  facet normal 8.927375e-01 0.000000e+00 4.505771e-01
    outer loop
      vertex   8.283888e+00 1.000000e+01 4.650505e+00
      vertex   8.283888e+00 0.000000e+00 4.650505e+00
      vertex   8.661607e+00 1.000000e+01 3.902123e+00
    endloop
  endfacet
  facet normal 8.927375e-01 0.000000e+00 4.505771e-01
    outer loop
      vertex   8.661607e+00 1.000000e+01 3.902123e+00
      vertex   8.283888e+00 0.000000e+00 4.650505e+00
      vertex   8.661607e+00 0.000000e+00 3.902123e+00
    endloop
  endfacet
  facet normal 9.289830e-01 0.000000e+00 3.701225e-01
    outer loop
      vertex   8.661607e+00 1.000000e+01 3.902123e+00
      vertex   8.661607e+00 0.000000e+00 3.902123e+00
      vertex   8.971881e+00 1.000000e+01 3.123356e+00
    endloop
  endfacet
  facet normal 9.289830e-01 0.000000e+00 3.701225e-01
    outer loop
      vertex   8.971881e+00 1.000000e+01 3.123356e+00
      vertex   8.661607e+00 0.000000e+00 3.902123e+00
      vertex   8.971881e+00 0.000000e+00 3.123356e+00
    endloop
  endfacet
  facet normal 9.579947e-01 0.000000e+00 2.867859e-01
    outer loop
      vertex   8.971881e+00 1.000000e+01 3.123356e+00
      vertex   8.971881e+00 0.000000e+00 3.123356e+00
      vertex   9.212293e+00 1.000000e+01 2.320269e+00
    endloop
  endfacet
  facet normal 9.579947e-01 0.000000e+00 2.867859e-01
    outer loop
      vertex   9.212293e+00 1.000000e+01 2.320269e+00
      vertex   8.971881e+00 0.000000e+00 3.123356e+00
      vertex   9.212293e+00 0.000000e+00 2.320269e+00
    endloop
  endfacet
  facet normal 9.795469e-01 0.000000e+00 2.012162e-01
    outer loop
      vertex   9.212293e+00 1.000000e+01 2.320269e+00
      vertex   9.212293e+00 0.000000e+00 2.320269e+00
      vertex   9.380973e+00 1.000000e+01 1.499115e+00
    endloop
  endfacet
  facet normal 9.795469e-01 0.000000e+00 2.012162e-01
    outer loop
      vertex   9.380973e+00 1.000000e+01 1.499115e+00
      vertex   9.212293e+00 0.000000e+00 2.320269e+00
      vertex   9.380973e+00 0.000000e+00 1.499115e+00
    endloop
  endfacet
  facet normal 9.934716e-01 0.000000e+00 1.140796e-01
    outer loop
      vertex   9.380973e+00 1.000000e+01 1.499115e+00
      vertex   9.380973e+00 0.000000e+00 1.499115e+00
      vertex   9.476606e+00 1.000000e+01 6.662874e-01
    endloop
  endfacet
  facet normal 9.934716e-01 0.000000e+00 1.140796e-01
    outer loop
      vertex   9.476606e+00 1.000000e+01 6.662874e-01
      vertex   9.380973e+00 0.000000e+00 1.499115e+00
      vertex   9.476606e+00 0.000000e+00 6.662874e-01
    endloop
  endfacet
  facet normal 9.996605e-01 0.000000e+00 2.605481e-02
    outer loop
      vertex   9.476606e+00 1.000000e+01 6.662874e-01
      vertex   9.476606e+00 0.000000e+00 6.662874e-01
      vertex   9.498448e+00 1.000000e+01 -1.717281e-01
    endloop
  endfacet
  facet normal 9.996605e-01 0.000000e+00 2.605481e-02
    outer loop
      vertex   9.498448e+00 1.000000e+01 -1.717281e-01
      vertex   9.476606e+00 0.000000e+00 6.662874e-01
      vertex   9.498448e+00 0.000000e+00 -1.717281e-01
    endloop
  endfacet
  facet normal 9.980654e-01 0.000000e+00 -6.217289e-02
    outer loop
      vertex   9.498448e+00 1.000000e+01 -1.717281e-01
      vertex   9.498448e+00 0.000000e+00 -1.717281e-01
      vertex   9.446328e+00 1.000000e+01 -1.008406e+00
    endloop
  endfacet
  facet normal 9.980654e-01 0.000000e+00 -6.217289e-02
    outer loop
      vertex   9.446328e+00 1.000000e+01 -1.008406e+00
      vertex   9.498448e+00 0.000000e+00 -1.717281e-01
      vertex   9.446328e+00 0.000000e+00 -1.008406e+00
    endloop
  endfacet
  facet normal 9.886987e-01 0.000000e+00 -1.499165e-01
    outer loop
      vertex   9.446328e+00 1.000000e+01 -1.008406e+00
      vertex   9.446328e+00 0.000000e+00 -1.008406e+00
      vertex   9.320653e+00 1.000000e+01 -1.837233e+00
    endloop
  endfacet
  facet normal 9.886987e-01 0.000000e+00 -1.499165e-01
    outer loop
      vertex   9.320653e+00 1.000000e+01 -1.837233e+00
      vertex   9.446328e+00 0.000000e+00 -1.008406e+00
      vertex   9.320653e+00 0.000000e+00 -1.837233e+00
    endloop
  endfacet
  facet normal 9.716333e-01 0.000000e+00 -2.364927e-01
    outer loop
      vertex   9.320653e+00 1.000000e+01 -1.837233e+00
      vertex   9.320653e+00 0.000000e+00 -1.837233e+00
      vertex   9.122401e+00 1.000000e+01 -2.651753e+00
    endloop
  endfacet
  facet normal 9.716333e-01 0.000000e+00 -2.364927e-01
    outer loop
      vertex   9.122401e+00 1.000000e+01 -2.651753e+00
      vertex   9.320653e+00 0.000000e+00 -1.837233e+00
      vertex   9.122401e+00 0.000000e+00 -2.651753e+00
    endloop
  endfacet
  facet normal 9.470021e-01 0.000000e+00 -3.212274e-01
    outer loop
      vertex   9.122401e+00 1.000000e+01 -2.651753e+00
      vertex   9.122401e+00 0.000000e+00 -2.651753e+00
      vertex   8.853116e+00 1.000000e+01 -3.445625e+00
    endloop
  endfacet
  facet normal 9.470021e-01 0.000000e+00 -3.212274e-01
    outer loop
      vertex   8.853116e+00 1.000000e+01 -3.445625e+00
      vertex   9.122401e+00 0.000000e+00 -2.651753e+00
      vertex   8.853116e+00 0.000000e+00 -3.445625e+00
    endloop
  endfacet
  facet normal 9.149969e-01 0.000000e+00 -4.034609e-01
    outer loop
      vertex   8.853116e+00 1.000000e+01 -3.445625e+00
      vertex   8.853116e+00 0.000000e+00 -3.445625e+00
      vertex   8.514895e+00 1.000000e+01 -4.212667e+00
    endloop
  endfacet
  facet normal 9.149969e-01 0.000000e+00 -4.034609e-01
    outer loop
      vertex   8.514895e+00 1.000000e+01 -4.212667e+00
      vertex   8.853116e+00 0.000000e+00 -3.445625e+00
      vertex   8.514895e+00 0.000000e+00 -4.212667e+00
    endloop
  endfacet
  facet normal 8.758669e-01 0.000000e+00 -4.825527e-01
    outer loop
      vertex   8.514895e+00 1.000000e+01 -4.212667e+00
      vertex   8.514895e+00 0.000000e+00 -4.212667e+00
      vertex   8.110371e+00 1.000000e+01 -4.946906e+00
    endloop
  endfacet
  facet normal 8.758669e-01 0.000000e+00 -4.825527e-01
    outer loop
      vertex   8.110371e+00 1.000000e+01 -4.946906e+00
      vertex   8.514895e+00 0.000000e+00 -4.212667e+00
      vertex   8.110371e+00 0.000000e+00 -4.946906e+00
    endloop
  endfacet
  facet normal 8.299169e-01 0.000000e+00 -5.578871e-01
    outer loop
      vertex   8.110371e+00 1.000000e+01 -4.946906e+00
      vertex   8.110371e+00 0.000000e+00 -4.946906e+00
      vertex   7.642694e+00 1.000000e+01 -5.642626e+00
    endloop
  endfacet
  facet normal 8.299169e-01 0.000000e+00 -5.578871e-01
    outer loop
      vertex   7.642694e+00 1.000000e+01 -5.642626e+00
      vertex   8.110371e+00 0.000000e+00 -4.946906e+00
      vertex   7.642694e+00 0.000000e+00 -5.642626e+00
    endloop
  endfacet
  facet normal 7.775045e-01 0.000000e+00 -6.288773e-01
    outer loop
      vertex   7.642694e+00 1.000000e+01 -5.642626e+00
      vertex   7.642694e+00 0.000000e+00 -5.642626e+00
      vertex   7.115506e+00 1.000000e+01 -6.294408e+00
    endloop
  endfacet
  facet normal 7.775045e-01 0.000000e+00 -6.288773e-01
    outer loop
      vertex   7.115506e+00 1.000000e+01 -6.294408e+00
      vertex   7.642694e+00 0.000000e+00 -5.642626e+00
      vertex   7.115506e+00 0.000000e+00 -6.294408e+00
    endloop
  endfacet
  facet normal 7.190380e-01 0.000000e+00 -6.949707e-01
    outer loop
      vertex   7.115506e+00 1.000000e+01 -6.294408e+00
      vertex   7.115506e+00 0.000000e+00 -6.294408e+00
      vertex   6.532912e+00 1.000000e+01 -6.897178e+00
    endloop
  endfacet
  facet normal 7.190380e-01 0.000000e+00 -6.949707e-01
    outer loop
      vertex   6.532912e+00 1.000000e+01 -6.897178e+00
      vertex   7.115506e+00 0.000000e+00 -6.294408e+00
      vertex   6.532912e+00 0.000000e+00 -6.897178e+00
    endloop
  endfacet
  facet normal 6.549726e-01 0.000000e+00 -7.556526e-01
    outer loop
      vertex   6.532912e+00 1.000000e+01 -6.897178e+00
      vertex   6.532912e+00 0.000000e+00 -6.897178e+00
      vertex   5.899448e+00 1.000000e+01 -7.446241e+00
    endloop
  endfacet
  facet normal 6.549726e-01 0.000000e+00 -7.556526e-01
    outer loop
      vertex   5.899448e+00 1.000000e+01 -7.446241e+00
      vertex   6.532912e+00 0.000000e+00 -6.897178e+00
      vertex   5.899448e+00 0.000000e+00 -7.446241e+00
    endloop
  endfacet
  facet normal 5.858071e-01 0.000000e+00 -8.104505e-01
    outer loop
      vertex   5.899448e+00 1.000000e+01 -7.446241e+00
      vertex   5.899448e+00 0.000000e+00 -7.446241e+00
      vertex   5.220048e+00 1.000000e+01 -7.937323e+00
    endloop
  endfacet
  facet normal 5.858071e-01 0.000000e+00 -8.104505e-01
    outer loop
      vertex   5.220048e+00 1.000000e+01 -7.937323e+00
      vertex   5.899448e+00 0.000000e+00 -7.446241e+00
      vertex   5.220048e+00 0.000000e+00 -7.937323e+00
    endloop
  endfacet
  facet normal 5.120801e-01 0.000000e+00 -8.589377e-01
    outer loop
      vertex   5.220048e+00 1.000000e+01 -7.937323e+00
      vertex   5.220048e+00 0.000000e+00 -7.937323e+00
      vertex   4.500000e+00 1.000000e+01 -8.366600e+00
    endloop
  endfacet
  facet normal 5.120801e-01 0.000000e+00 -8.589377e-01
    outer loop
      vertex   4.500000e+00 1.000000e+01 -8.366600e+00
      vertex   5.220048e+00 0.000000e+00 -7.937323e+00
      vertex   4.500000e+00 0.000000e+00 -8.366600e+00
    endloop
  endfacet
  facet normal -1.000000e+00 0.000000e+00 0.000000e+00
    outer loop
      vertex   -4.500000e+00 0.000000e+00 -1.550000e+01
      vertex   -4.500000e+00 0.000000e+00 -8.366600e+00
      vertex   -4.500000e+00 1.000000e+01 -1.550000e+01
    endloop
  endfacet
  facet normal -1.000000e+00 0.000000e+00 0.000000e+00
    outer loop
      vertex   -4.500000e+00 1.000000e+01 -1.550000e+01
      vertex   -4.500000e+00 0.000000e+00 -8.366600e+00
      vertex   -4.500000e+00 1.000000e+01 -8.366600e+00
    endloop
  endfacet
  facet normal 0.000000e+00 1.000000e+00 -0.000000e+00
    outer loop
      vertex   4.500000e+00 1.000000e+01 -1.550000e+01
      vertex   -4.500000e+00 1.000000e+01 -1.550000e+01
      vertex   4.500000e+00 1.000000e+01 -8.366600e+00
    endloop
  endfacet
  facet normal 0.000000e+00 1.000000e+00 0.000000e+00
    outer loop
      vertex   4.500000e+00 1.000000e+01 -8.366600e+00
      vertex   -4.500000e+00 1.000000e+01 -1.550000e+01
      vertex   -4.500000e+00 1.000000e+01 -8.366600e+00
    endloop
  endfacet
  facet normal 0.000000e+00 1.000000e+00 -0.000000e+00
    outer loop
      vertex   4.500000e+00 1.000000e+01 -8.366600e+00
      vertex   -4.500000e+00 1.000000e+01 -8.366600e+00
      vertex   8.661607e+00 1.000000e+01 3.902123e+00
    endloop
  endfacet
  facet normal 0.000000e+00 1.000000e+00 0.000000e+00
    outer loop
      vertex   8.661607e+00 1.000000e+01 3.902123e+00
      vertex   -4.500000e+00 1.000000e+01 -8.366600e+00
      vertex   -8.971881e+00 1.000000e+01 3.123356e+00
    endloop
  endfacet
  facet normal 0.000000e+00 1.000000e+00 0.000000e+00
    outer loop
      vertex   8.661607e+00 1.000000e+01 3.902123e+00
      vertex   -8.971881e+00 1.000000e+01 3.123356e+00
      vertex   -8.661607e+00 1.000000e+01 3.902123e+00
    endloop
  endfacet
  facet normal 0.000000e+00 1.000000e+00 0.000000e+00
    outer loop
      vertex   -4.500000e+00 1.000000e+01 -8.366600e+00
      vertex   -5.220048e+00 1.000000e+01 -7.937323e+00
      vertex   -8.971881e+00 1.000000e+01 3.123356e+00
    endloop
  endfacet
  facet normal 0.000000e+00 1.000000e+00 0.000000e+00
    outer loop
      vertex   -8.971881e+00 1.000000e+01 3.123356e+00
      vertex   -5.220048e+00 1.000000e+01 -7.937323e+00
      vertex   -5.899448e+00 1.000000e+01 -7.446241e+00
    endloop
  endfacet
  facet normal 0.000000e+00 1.000000e+00 0.000000e+00
    outer loop
      vertex   -8.971881e+00 1.000000e+01 3.123356e+00
      vertex   -5.899448e+00 1.000000e+01 -7.446241e+00
      vertex   -6.532912e+00 1.000000e+01 -6.897178e+00
    endloop
  endfacet
  facet normal 0.000000e+00 1.000000e+00 0.000000e+00
    outer loop
      vertex   -6.532912e+00 1.000000e+01 -6.897178e+00
      vertex   -7.115506e+00 1.000000e+01 -6.294408e+00
      vertex   -8.971881e+00 1.000000e+01 3.123356e+00
    endloop
  endfacet
  facet normal 0.000000e+00 1.000000e+00 0.000000e+00
    outer loop
      vertex   -8.971881e+00 1.000000e+01 3.123356e+00
      vertex   -7.115506e+00 1.000000e+01 -6.294408e+00
      vertex   -7.642694e+00 1.000000e+01 -5.642626e+00
    endloop
  endfacet
  facet normal 0.000000e+00 1.000000e+00 0.000000e+00
    outer loop
      vertex   -8.971881e+00 1.000000e+01 3.123356e+00
      vertex   -7.642694e+00 1.000000e+01 -5.642626e+00
      vertex   -8.110371e+00 1.000000e+01 -4.946906e+00
    endloop
  endfacet
  facet normal 0.000000e+00 1.000000e+00 0.000000e+00
    outer loop
      vertex   -8.110371e+00 1.000000e+01 -4.946906e+00
      vertex   -8.514895e+00 1.000000e+01 -4.212667e+00
      vertex   -8.971881e+00 1.000000e+01 3.123356e+00
    endloop
  endfacet
  facet normal 0.000000e+00 1.000000e+00 0.000000e+00
    outer loop
      vertex   -8.971881e+00 1.000000e+01 3.123356e+00
      vertex   -8.514895e+00 1.000000e+01 -4.212667e+00
      vertex   -8.853116e+00 1.000000e+01 -3.445625e+00
    endloop
  endfacet
  facet normal 0.000000e+00 1.000000e+00 0.000000e+00
    outer loop
      vertex   -8.971881e+00 1.000000e+01 3.123356e+00
      vertex   -8.853116e+00 1.000000e+01 -3.445625e+00
      vertex   -9.122401e+00 1.000000e+01 -2.651753e+00
    endloop
  endfacet
  facet normal 0.000000e+00 1.000000e+00 0.000000e+00
    outer loop
      vertex   -8.971881e+00 1.000000e+01 3.123356e+00
      vertex   -9.122401e+00 1.000000e+01 -2.651753e+00
      vertex   -9.212293e+00 1.000000e+01 2.320269e+00
    endloop
  endfacet
  facet normal 0.000000e+00 1.000000e+00 0.000000e+00
    outer loop
      vertex   -9.212293e+00 1.000000e+01 2.320269e+00
      vertex   -9.122401e+00 1.000000e+01 -2.651753e+00
      vertex   -9.320653e+00 1.000000e+01 -1.837233e+00
    endloop
  endfacet
  facet normal 0.000000e+00 1.000000e+00 0.000000e+00
    outer loop
      vertex   -9.212293e+00 1.000000e+01 2.320269e+00
      vertex   -9.320653e+00 1.000000e+01 -1.837233e+00
      vertex   -9.380973e+00 1.000000e+01 1.499115e+00
    endloop
  endfacet
  facet normal 0.000000e+00 1.000000e+00 0.000000e+00
    outer loop
      vertex   -9.380973e+00 1.000000e+01 1.499115e+00
      vertex   -9.320653e+00 1.000000e+01 -1.837233e+00
      vertex   -9.446328e+00 1.000000e+01 -1.008406e+00
    endloop
  endfacet
  facet normal 0.000000e+00 1.000000e+00 0.000000e+00
    outer loop
      vertex   -9.380973e+00 1.000000e+01 1.499115e+00
      vertex   -9.446328e+00 1.000000e+01 -1.008406e+00
      vertex   -9.476606e+00 1.000000e+01 6.662874e-01
    endloop
  endfacet
  facet normal 0.000000e+00 1.000000e+00 0.000000e+00
    outer loop
      vertex   -9.476606e+00 1.000000e+01 6.662874e-01
      vertex   -9.446328e+00 1.000000e+01 -1.008406e+00
      vertex   -9.498448e+00 1.000000e+01 -1.717281e-01
    endloop
  endfacet
  facet normal 0.000000e+00 1.000000e+00 0.000000e+00
    outer loop
      vertex   8.661607e+00 1.000000e+01 3.902123e+00
      vertex   -8.661607e+00 1.000000e+01 3.902123e+00
      vertex   8.283888e+00 1.000000e+01 4.650505e+00
    endloop
  endfacet
  facet normal 0.000000e+00 1.000000e+00 0.000000e+00
    outer loop
      vertex   8.283888e+00 1.000000e+01 4.650505e+00
      vertex   -8.661607e+00 1.000000e+01 3.902123e+00
      vertex   -8.283888e+00 1.000000e+01 4.650505e+00
    endloop
  endfacet
  facet normal 0.000000e+00 1.000000e+00 0.000000e+00
    outer loop
      vertex   8.283888e+00 1.000000e+01 4.650505e+00
      vertex   -8.283888e+00 1.000000e+01 4.650505e+00
      vertex   7.841666e+00 1.000000e+01 5.362675e+00
    endloop
  endfacet
  facet normal 0.000000e+00 1.000000e+00 0.000000e+00
    outer loop
      vertex   7.841666e+00 1.000000e+01 5.362675e+00
      vertex   -8.283888e+00 1.000000e+01 4.650505e+00
      vertex   -7.841666e+00 1.000000e+01 5.362675e+00
    endloop
  endfacet
  facet normal 0.000000e+00 1.000000e+00 0.000000e+00
    outer loop
      vertex   7.841666e+00 1.000000e+01 5.362675e+00
      vertex   -7.841666e+00 1.000000e+01 5.362675e+00
      vertex   7.338382e+00 1.000000e+01 6.033087e+00
    endloop
  endfacet
  facet normal 0.000000e+00 1.000000e+00 0.000000e+00
    outer loop
      vertex   7.338382e+00 1.000000e+01 6.033087e+00
      vertex   -7.841666e+00 1.000000e+01 5.362675e+00
      vertex   -7.338382e+00 1.000000e+01 6.033087e+00
    endloop
  endfacet
  facet normal 0.000000e+00 1.000000e+00 0.000000e+00
    outer loop
      vertex   7.338382e+00 1.000000e+01 6.033087e+00
      vertex   -7.338382e+00 1.000000e+01 6.033087e+00
      vertex   6.777958e+00 1.000000e+01 6.656522e+00
    endloop
  endfacet
  facet normal 0.000000e+00 1.000000e+00 0.000000e+00
    outer loop
      vertex   6.777958e+00 1.000000e+01 6.656522e+00
      vertex   -7.338382e+00 1.000000e+01 6.033087e+00
      vertex   -6.777958e+00 1.000000e+01 6.656522e+00
    endloop
  endfacet
  facet normal 0.000000e+00 1.000000e+00 0.000000e+00
    outer loop
      vertex   6.777958e+00 1.000000e+01 6.656522e+00
      vertex   -6.777958e+00 1.000000e+01 6.656522e+00
      vertex   6.164755e+00 1.000000e+01 7.228125e+00
    endloop
  endfacet
  facet normal 0.000000e+00 1.000000e+00 0.000000e+00
    outer loop
      vertex   6.164755e+00 1.000000e+01 7.228125e+00
      vertex   -6.777958e+00 1.000000e+01 6.656522e+00
      vertex   -6.164755e+00 1.000000e+01 7.228125e+00
    endloop
  endfacet
  facet normal 0.000000e+00 1.000000e+00 0.000000e+00
    outer loop
      vertex   6.164755e+00 1.000000e+01 7.228125e+00
      vertex   -6.164755e+00 1.000000e+01 7.228125e+00
      vertex   5.503550e+00 1.000000e+01 7.743445e+00
    endloop
  endfacet
  facet normal 0.000000e+00 1.000000e+00 0.000000e+00
    outer loop
      vertex   5.503550e+00 1.000000e+01 7.743445e+00
      vertex   -6.164755e+00 1.000000e+01 7.228125e+00
      vertex   -5.503550e+00 1.000000e+01 7.743445e+00
    endloop
  endfacet
  facet normal 0.000000e+00 1.000000e+00 0.000000e+00
    outer loop
      vertex   5.503550e+00 1.000000e+01 7.743445e+00
      vertex   -5.503550e+00 1.000000e+01 7.743445e+00
      vertex   4.799490e+00 1.000000e+01 8.198469e+00
    endloop
  endfacet
  facet normal 0.000000e+00 1.000000e+00 0.000000e+00
    outer loop
      vertex   4.799490e+00 1.000000e+01 8.198469e+00
      vertex   -5.503550e+00 1.000000e+01 7.743445e+00
      vertex   -4.799490e+00 1.000000e+01 8.198469e+00
    endloop
  endfacet
  facet normal 0.000000e+00 1.000000e+00 0.000000e+00
    outer loop
      vertex   4.799490e+00 1.000000e+01 8.198469e+00
      vertex   -4.799490e+00 1.000000e+01 8.198469e+00
      vertex   4.058058e+00 1.000000e+01 8.589655e+00
    endloop
  endfacet
  facet normal 0.000000e+00 1.000000e+00 0.000000e+00
    outer loop
      vertex   4.058058e+00 1.000000e+01 8.589655e+00
      vertex   -4.799490e+00 1.000000e+01 8.198469e+00
      vertex   -4.058058e+00 1.000000e+01 8.589655e+00
    endloop
  endfacet
  facet normal 0.000000e+00 1.000000e+00 0.000000e+00
    outer loop
      vertex   4.058058e+00 1.000000e+01 8.589655e+00
      vertex   -4.058058e+00 1.000000e+01 8.589655e+00
      vertex   3.285027e+00 1.000000e+01 8.913955e+00
    endloop
  endfacet
  facet normal 0.000000e+00 1.000000e+00 0.000000e+00
    outer loop
      vertex   3.285027e+00 1.000000e+01 8.913955e+00
      vertex   -4.058058e+00 1.000000e+01 8.589655e+00
      vertex   -3.285027e+00 1.000000e+01 8.913955e+00
    endloop
  endfacet
  facet normal 0.000000e+00 1.000000e+00 0.000000e+00
    outer loop
      vertex   3.285027e+00 1.000000e+01 8.913955e+00
      vertex   -3.285027e+00 1.000000e+01 8.913955e+00
      vertex   2.486417e+00 1.000000e+01 9.168846e+00
    endloop
  endfacet
  facet normal 0.000000e+00 1.000000e+00 0.000000e+00
    outer loop
      vertex   2.486417e+00 1.000000e+01 9.168846e+00
      vertex   -3.285027e+00 1.000000e+01 8.913955e+00
      vertex   -2.486417e+00 1.000000e+01 9.168846e+00
    endloop
  endfacet
  facet normal 0.000000e+00 1.000000e+00 0.000000e+00
    outer loop
      vertex   2.486417e+00 1.000000e+01 9.168846e+00
      vertex   -2.486417e+00 1.000000e+01 9.168846e+00
      vertex   1.668446e+00 1.000000e+01 9.352341e+00
    endloop
  endfacet
  facet normal 0.000000e+00 1.000000e+00 0.000000e+00
    outer loop
      vertex   1.668446e+00 1.000000e+01 9.352341e+00
      vertex   -2.486417e+00 1.000000e+01 9.168846e+00
      vertex   -1.668446e+00 1.000000e+01 9.352341e+00
    endloop
  endfacet
  facet normal 0.000000e+00 1.000000e+00 0.000000e+00
    outer loop
      vertex   1.668446e+00 1.000000e+01 9.352341e+00
      vertex   -1.668446e+00 1.000000e+01 9.352341e+00
      vertex   8.374838e-01 1.000000e+01 9.463013e+00
    endloop
  endfacet
  facet normal 0.000000e+00 1.000000e+00 0.000000e+00
    outer loop
      vertex   8.374838e-01 1.000000e+01 9.463013e+00
      vertex   -1.668446e+00 1.000000e+01 9.352341e+00
      vertex   -8.374838e-01 1.000000e+01 9.463013e+00
    endloop
  endfacet
  facet normal 0.000000e+00 1.000000e+00 0.000000e+00
    outer loop
      vertex   8.374838e-01 1.000000e+01 9.463013e+00
      vertex   -8.374838e-01 1.000000e+01 9.463013e+00
      vertex   -1.745122e-15 1.000000e+01 9.500000e+00
    endloop
  endfacet
  facet normal 0.000000e+00 1.000000e+00 0.000000e+00
    outer loop
      vertex   8.971881e+00 1.000000e+01 3.123356e+00
      vertex   8.853116e+00 1.000000e+01 -3.445625e+00
      vertex   8.661607e+00 1.000000e+01 3.902123e+00
    endloop
  endfacet
  facet normal 0.000000e+00 1.000000e+00 0.000000e+00
    outer loop
      vertex   8.661607e+00 1.000000e+01 3.902123e+00
      vertex   8.853116e+00 1.000000e+01 -3.445625e+00
      vertex   8.514895e+00 1.000000e+01 -4.212667e+00
    endloop
  endfacet
  facet normal 0.000000e+00 1.000000e+00 0.000000e+00
    outer loop
      vertex   8.661607e+00 1.000000e+01 3.902123e+00
      vertex   8.514895e+00 1.000000e+01 -4.212667e+00
      vertex   8.110371e+00 1.000000e+01 -4.946906e+00
    endloop
  endfacet
  facet normal 0.000000e+00 1.000000e+00 0.000000e+00
    outer loop
      vertex   8.853116e+00 1.000000e+01 -3.445625e+00
      vertex   8.971881e+00 1.000000e+01 3.123356e+00
      vertex   9.122401e+00 1.000000e+01 -2.651753e+00
    endloop
  endfacet
  facet normal 0.000000e+00 1.000000e+00 -0.000000e+00
    outer loop
      vertex   9.122401e+00 1.000000e+01 -2.651753e+00
      vertex   8.971881e+00 1.000000e+01 3.123356e+00
      vertex   9.212293e+00 1.000000e+01 2.320269e+00
    endloop
  endfacet
  facet normal 0.000000e+00 1.000000e+00 0.000000e+00
    outer loop
      vertex   9.122401e+00 1.000000e+01 -2.651753e+00
      vertex   9.212293e+00 1.000000e+01 2.320269e+00
      vertex   9.320653e+00 1.000000e+01 -1.837233e+00
    endloop
  endfacet
  facet normal 0.000000e+00 1.000000e+00 -0.000000e+00
    outer loop
      vertex   9.320653e+00 1.000000e+01 -1.837233e+00
      vertex   9.212293e+00 1.000000e+01 2.320269e+00
      vertex   9.380973e+00 1.000000e+01 1.499115e+00
    endloop
  endfacet
  facet normal 0.000000e+00 1.000000e+00 0.000000e+00
    outer loop
      vertex   9.320653e+00 1.000000e+01 -1.837233e+00
      vertex   9.380973e+00 1.000000e+01 1.499115e+00
      vertex   9.446328e+00 1.000000e+01 -1.008406e+00
    endloop
  endfacet
  facet normal 0.000000e+00 1.000000e+00 -0.000000e+00
    outer loop
      vertex   9.446328e+00 1.000000e+01 -1.008406e+00
      vertex   9.380973e+00 1.000000e+01 1.499115e+00
      vertex   9.476606e+00 1.000000e+01 6.662874e-01
    endloop
  endfacet
  facet normal 0.000000e+00 1.000000e+00 0.000000e+00
    outer loop
      vertex   9.446328e+00 1.000000e+01 -1.008406e+00
      vertex   9.476606e+00 1.000000e+01 6.662874e-01
      vertex   9.498448e+00 1.000000e+01 -1.717281e-01
    endloop
  endfacet
  facet normal 0.000000e+00 1.000000e+00 -0.000000e+00
    outer loop
      vertex   8.110371e+00 1.000000e+01 -4.946906e+00
      vertex   7.642694e+00 1.000000e+01 -5.642626e+00
      vertex   8.661607e+00 1.000000e+01 3.902123e+00
    endloop
  endfacet
  facet normal 0.000000e+00 1.000000e+00 0.000000e+00
    outer loop
      vertex   8.661607e+00 1.000000e+01 3.902123e+00
      vertex   7.642694e+00 1.000000e+01 -5.642626e+00
      vertex   7.115506e+00 1.000000e+01 -6.294408e+00
    endloop
  endfacet
  facet normal 0.000000e+00 1.000000e+00 0.000000e+00
    outer loop
      vertex   8.661607e+00 1.000000e+01 3.902123e+00
      vertex   7.115506e+00 1.000000e+01 -6.294408e+00
      vertex   6.532912e+00 1.000000e+01 -6.897178e+00
    endloop
  endfacet
  facet normal 0.000000e+00 1.000000e+00 -0.000000e+00
    outer loop
      vertex   6.532912e+00 1.000000e+01 -6.897178e+00
      vertex   5.899448e+00 1.000000e+01 -7.446241e+00
      vertex   8.661607e+00 1.000000e+01 3.902123e+00
    endloop
  endfacet
  facet normal 0.000000e+00 1.000000e+00 0.000000e+00
    outer loop
      vertex   8.661607e+00 1.000000e+01 3.902123e+00
      vertex   5.899448e+00 1.000000e+01 -7.446241e+00
      vertex   5.220048e+00 1.000000e+01 -7.937323e+00
    endloop
  endfacet
  facet normal 0.000000e+00 1.000000e+00 0.000000e+00
    outer loop
      vertex   8.661607e+00 1.000000e+01 3.902123e+00
      vertex   5.220048e+00 1.000000e+01 -7.937323e+00
      vertex   4.500000e+00 1.000000e+01 -8.366600e+00
    endloop
  endfacet
  facet normal 0.000000e+00 -1.000000e+00 0.000000e+00
    outer loop
      vertex   -4.500000e+00 0.000000e+00 -1.550000e+01
      vertex   4.500000e+00 0.000000e+00 -1.550000e+01
      vertex   -4.500000e+00 0.000000e+00 -8.366600e+00
    endloop
  endfacet
  facet normal 0.000000e+00 -1.000000e+00 0.000000e+00
    outer loop
      vertex   -4.500000e+00 0.000000e+00 -8.366600e+00
      vertex   4.500000e+00 0.000000e+00 -1.550000e+01
      vertex   4.500000e+00 0.000000e+00 -8.366600e+00
    endloop
  endfacet
  facet normal 0.000000e+00 -1.000000e+00 0.000000e+00
    outer loop
      vertex   -4.500000e+00 0.000000e+00 -8.366600e+00
      vertex   4.500000e+00 0.000000e+00 -8.366600e+00
      vertex   -8.661607e+00 0.000000e+00 3.902123e+00
    endloop
  endfacet
  facet normal 0.000000e+00 -1.000000e+00 0.000000e+00
    outer loop
      vertex   -8.661607e+00 0.000000e+00 3.902123e+00
      vertex   4.500000e+00 0.000000e+00 -8.366600e+00
      vertex   8.971881e+00 0.000000e+00 3.123356e+00
    endloop
  endfacet
  facet normal 0.000000e+00 -1.000000e+00 0.000000e+00
    outer loop
      vertex   -8.661607e+00 0.000000e+00 3.902123e+00
      vertex   8.971881e+00 0.000000e+00 3.123356e+00
      vertex   8.661607e+00 0.000000e+00 3.902123e+00
    endloop
  endfacet
  facet normal 0.000000e+00 -1.000000e+00 0.000000e+00
    outer loop
      vertex   4.500000e+00 0.000000e+00 -8.366600e+00
      vertex   5.220048e+00 0.000000e+00 -7.937323e+00
      vertex   8.971881e+00 0.000000e+00 3.123356e+00
    endloop
  endfacet
  facet normal 0.000000e+00 -1.000000e+00 0.000000e+00
    outer loop
      vertex   8.971881e+00 0.000000e+00 3.123356e+00
      vertex   5.220048e+00 0.000000e+00 -7.937323e+00
      vertex   5.899448e+00 0.000000e+00 -7.446241e+00
    endloop
  endfacet
  facet normal 0.000000e+00 -1.000000e+00 0.000000e+00
    outer loop
      vertex   8.971881e+00 0.000000e+00 3.123356e+00
      vertex   5.899448e+00 0.000000e+00 -7.446241e+00
      vertex   6.532912e+00 0.000000e+00 -6.897178e+00
    endloop
  endfacet
  facet normal 0.000000e+00 -1.000000e+00 0.000000e+00
    outer loop
      vertex   6.532912e+00 0.000000e+00 -6.897178e+00
      vertex   7.115506e+00 0.000000e+00 -6.294408e+00
      vertex   8.971881e+00 0.000000e+00 3.123356e+00
    endloop
  endfacet
  facet normal 0.000000e+00 -1.000000e+00 0.000000e+00
    outer loop
      vertex   8.971881e+00 0.000000e+00 3.123356e+00
      vertex   7.115506e+00 0.000000e+00 -6.294408e+00
      vertex   7.642694e+00 0.000000e+00 -5.642626e+00
    endloop
  endfacet
  facet normal 0.000000e+00 -1.000000e+00 0.000000e+00
    outer loop
      vertex   8.971881e+00 0.000000e+00 3.123356e+00
      vertex   7.642694e+00 0.000000e+00 -5.642626e+00
      vertex   8.110371e+00 0.000000e+00 -4.946906e+00
    endloop
  endfacet
  facet normal 0.000000e+00 -1.000000e+00 0.000000e+00
    outer loop
      vertex   8.110371e+00 0.000000e+00 -4.946906e+00
      vertex   8.514895e+00 0.000000e+00 -4.212667e+00
      vertex   8.971881e+00 0.000000e+00 3.123356e+00
    endloop
  endfacet
  facet normal 0.000000e+00 -1.000000e+00 0.000000e+00
    outer loop
      vertex   8.971881e+00 0.000000e+00 3.123356e+00
      vertex   8.514895e+00 0.000000e+00 -4.212667e+00
      vertex   8.853116e+00 0.000000e+00 -3.445625e+00
    endloop
  endfacet
  facet normal 0.000000e+00 -1.000000e+00 -0.000000e+00
    outer loop
      vertex   8.971881e+00 0.000000e+00 3.123356e+00
      vertex   8.853116e+00 0.000000e+00 -3.445625e+00
      vertex   9.122401e+00 0.000000e+00 -2.651753e+00
    endloop
  endfacet
  facet normal 0.000000e+00 -1.000000e+00 0.000000e+00
    outer loop
      vertex   8.971881e+00 0.000000e+00 3.123356e+00
      vertex   9.122401e+00 0.000000e+00 -2.651753e+00
      vertex   9.212293e+00 0.000000e+00 2.320269e+00
    endloop
  endfacet
  facet normal 0.000000e+00 -1.000000e+00 -0.000000e+00
    outer loop
      vertex   9.212293e+00 0.000000e+00 2.320269e+00
      vertex   9.122401e+00 0.000000e+00 -2.651753e+00
      vertex   9.320653e+00 0.000000e+00 -1.837233e+00
    endloop
  endfacet
  facet normal 0.000000e+00 -1.000000e+00 0.000000e+00
    outer loop
      vertex   9.212293e+00 0.000000e+00 2.320269e+00
      vertex   9.320653e+00 0.000000e+00 -1.837233e+00
      vertex   9.380973e+00 0.000000e+00 1.499115e+00
    endloop
  endfacet
  facet normal 0.000000e+00 -1.000000e+00 -0.000000e+00
    outer loop
      vertex   9.380973e+00 0.000000e+00 1.499115e+00
      vertex   9.320653e+00 0.000000e+00 -1.837233e+00
      vertex   9.446328e+00 0.000000e+00 -1.008406e+00
    endloop
  endfacet
  facet normal 0.000000e+00 -1.000000e+00 0.000000e+00
    outer loop
      vertex   9.380973e+00 0.000000e+00 1.499115e+00
      vertex   9.446328e+00 0.000000e+00 -1.008406e+00
      vertex   9.476606e+00 0.000000e+00 6.662874e-01
    endloop
  endfacet
  facet normal 0.000000e+00 -1.000000e+00 -0.000000e+00
    outer loop
      vertex   9.476606e+00 0.000000e+00 6.662874e-01
      vertex   9.446328e+00 0.000000e+00 -1.008406e+00
      vertex   9.498448e+00 0.000000e+00 -1.717281e-01
    endloop
  endfacet
  facet normal 0.000000e+00 -1.000000e+00 0.000000e+00
    outer loop
      vertex   -8.661607e+00 0.000000e+00 3.902123e+00
      vertex   8.661607e+00 0.000000e+00 3.902123e+00
      vertex   -8.283888e+00 0.000000e+00 4.650505e+00
    endloop
  endfacet
  facet normal 0.000000e+00 -1.000000e+00 0.000000e+00
    outer loop
      vertex   -8.283888e+00 0.000000e+00 4.650505e+00
      vertex   8.661607e+00 0.000000e+00 3.902123e+00
      vertex   8.283888e+00 0.000000e+00 4.650505e+00
    endloop
  endfacet
  facet normal 0.000000e+00 -1.000000e+00 0.000000e+00
    outer loop
      vertex   -8.283888e+00 0.000000e+00 4.650505e+00
      vertex   8.283888e+00 0.000000e+00 4.650505e+00
      vertex   -7.841666e+00 0.000000e+00 5.362675e+00
    endloop
  endfacet
  facet normal 0.000000e+00 -1.000000e+00 0.000000e+00
    outer loop
      vertex   -7.841666e+00 0.000000e+00 5.362675e+00
      vertex   8.283888e+00 0.000000e+00 4.650505e+00
      vertex   7.841666e+00 0.000000e+00 5.362675e+00
    endloop
  endfacet
  facet normal 0.000000e+00 -1.000000e+00 0.000000e+00
    outer loop
      vertex   -7.841666e+00 0.000000e+00 5.362675e+00
      vertex   7.841666e+00 0.000000e+00 5.362675e+00
      vertex   -7.338382e+00 0.000000e+00 6.033087e+00
    endloop
  endfacet
  facet normal 0.000000e+00 -1.000000e+00 0.000000e+00
    outer loop
      vertex   -7.338382e+00 0.000000e+00 6.033087e+00
      vertex   7.841666e+00 0.000000e+00 5.362675e+00
      vertex   7.338382e+00 0.000000e+00 6.033087e+00
    endloop
  endfacet
  facet normal 0.000000e+00 -1.000000e+00 0.000000e+00
    outer loop
      vertex   -7.338382e+00 0.000000e+00 6.033087e+00
      vertex   7.338382e+00 0.000000e+00 6.033087e+00
      vertex   -6.777958e+00 0.000000e+00 6.656522e+00
    endloop
  endfacet
  facet normal 0.000000e+00 -1.000000e+00 0.000000e+00
    outer loop
      vertex   -6.777958e+00 0.000000e+00 6.656522e+00
      vertex   7.338382e+00 0.000000e+00 6.033087e+00
      vertex   6.777958e+00 0.000000e+00 6.656522e+00
    endloop
  endfacet
  facet normal 0.000000e+00 -1.000000e+00 0.000000e+00
    outer loop
      vertex   -6.777958e+00 0.000000e+00 6.656522e+00
      vertex   6.777958e+00 0.000000e+00 6.656522e+00
      vertex   -6.164755e+00 0.000000e+00 7.228125e+00
    endloop
  endfacet
  facet normal 0.000000e+00 -1.000000e+00 0.000000e+00
    outer loop
      vertex   -6.164755e+00 0.000000e+00 7.228125e+00
      vertex   6.777958e+00 0.000000e+00 6.656522e+00
      vertex   6.164755e+00 0.000000e+00 7.228125e+00
    endloop
  endfacet
  facet normal 0.000000e+00 -1.000000e+00 0.000000e+00
    outer loop
      vertex   -6.164755e+00 0.000000e+00 7.228125e+00
      vertex   6.164755e+00 0.000000e+00 7.228125e+00
      vertex   -5.503550e+00 0.000000e+00 7.743445e+00
    endloop
  endfacet
  facet normal 0.000000e+00 -1.000000e+00 0.000000e+00
    outer loop
      vertex   -5.503550e+00 0.000000e+00 7.743445e+00
      vertex   6.164755e+00 0.000000e+00 7.228125e+00
      vertex   5.503550e+00 0.000000e+00 7.743445e+00
    endloop
  endfacet
  facet normal 0.000000e+00 -1.000000e+00 0.000000e+00
    outer loop
      vertex   -5.503550e+00 0.000000e+00 7.743445e+00
      vertex   5.503550e+00 0.000000e+00 7.743445e+00
      vertex   -4.799490e+00 0.000000e+00 8.198469e+00
    endloop
  endfacet
  facet normal 0.000000e+00 -1.000000e+00 0.000000e+00
    outer loop
      vertex   -4.799490e+00 0.000000e+00 8.198469e+00
      vertex   5.503550e+00 0.000000e+00 7.743445e+00
      vertex   4.799490e+00 0.000000e+00 8.198469e+00
    endloop
  endfacet
  facet normal 0.000000e+00 -1.000000e+00 0.000000e+00
    outer loop
      vertex   -4.799490e+00 0.000000e+00 8.198469e+00
      vertex   4.799490e+00 0.000000e+00 8.198469e+00
      vertex   -4.058058e+00 0.000000e+00 8.589655e+00
    endloop
  endfacet
  facet normal 0.000000e+00 -1.000000e+00 0.000000e+00
    outer loop
      vertex   -4.058058e+00 0.000000e+00 8.589655e+00
      vertex   4.799490e+00 0.000000e+00 8.198469e+00
      vertex   4.058058e+00 0.000000e+00 8.589655e+00
    endloop
  endfacet
  facet normal 0.000000e+00 -1.000000e+00 0.000000e+00
    outer loop
      vertex   -4.058058e+00 0.000000e+00 8.589655e+00
      vertex   4.058058e+00 0.000000e+00 8.589655e+00
      vertex   -3.285027e+00 0.000000e+00 8.913955e+00
    endloop
  endfacet
  facet normal 0.000000e+00 -1.000000e+00 0.000000e+00
    outer loop
      vertex   -3.285027e+00 0.000000e+00 8.913955e+00
      vertex   4.058058e+00 0.000000e+00 8.589655e+00
      vertex   3.285027e+00 0.000000e+00 8.913955e+00
    endloop
  endfacet
  facet normal 0.000000e+00 -1.000000e+00 0.000000e+00
    outer loop
      vertex   -3.285027e+00 0.000000e+00 8.913955e+00
      vertex   3.285027e+00 0.000000e+00 8.913955e+00
      vertex   -2.486417e+00 0.000000e+00 9.168846e+00
    endloop
  endfacet
  facet normal 0.000000e+00 -1.000000e+00 0.000000e+00
    outer loop
      vertex   -2.486417e+00 0.000000e+00 9.168846e+00
      vertex   3.285027e+00 0.000000e+00 8.913955e+00
      vertex   2.486417e+00 0.000000e+00 9.168846e+00
    endloop
  endfacet
  facet normal 0.000000e+00 -1.000000e+00 0.000000e+00
    outer loop
      vertex   -2.486417e+00 0.000000e+00 9.168846e+00
      vertex   2.486417e+00 0.000000e+00 9.168846e+00
      vertex   -1.668446e+00 0.000000e+00 9.352341e+00
    endloop
  endfacet
  facet normal 0.000000e+00 -1.000000e+00 0.000000e+00
    outer loop
      vertex   -1.668446e+00 0.000000e+00 9.352341e+00
      vertex   2.486417e+00 0.000000e+00 9.168846e+00
      vertex   1.668446e+00 0.000000e+00 9.352341e+00
    endloop
  endfacet
  facet normal 0.000000e+00 -1.000000e+00 0.000000e+00
    outer loop
      vertex   -1.668446e+00 0.000000e+00 9.352341e+00
      vertex   1.668446e+00 0.000000e+00 9.352341e+00
      vertex   -8.374838e-01 0.000000e+00 9.463013e+00
    endloop
  endfacet
  facet normal 0.000000e+00 -1.000000e+00 0.000000e+00
    outer loop
      vertex   -8.374838e-01 0.000000e+00 9.463013e+00
      vertex   1.668446e+00 0.000000e+00 9.352341e+00
      vertex   8.374838e-01 0.000000e+00 9.463013e+00
    endloop
  endfacet
  facet normal 0.000000e+00 -1.000000e+00 0.000000e+00
    outer loop
      vertex   -8.374838e-01 0.000000e+00 9.463013e+00
      vertex   8.374838e-01 0.000000e+00 9.463013e+00
      vertex   -1.745122e-15 0.000000e+00 9.500000e+00
    endloop
  endfacet
  facet normal 0.000000e+00 -1.000000e+00 0.000000e+00
    outer loop
      vertex   -8.971881e+00 0.000000e+00 3.123356e+00
      vertex   -8.853116e+00 0.000000e+00 -3.445625e+00
      vertex   -8.661607e+00 0.000000e+00 3.902123e+00
    endloop
  endfacet
  facet normal 0.000000e+00 -1.000000e+00 -0.000000e+00
    outer loop
      vertex   -8.661607e+00 0.000000e+00 3.902123e+00
      vertex   -8.853116e+00 0.000000e+00 -3.445625e+00
      vertex   -8.514895e+00 0.000000e+00 -4.212667e+00
    endloop
  endfacet
  facet normal 0.000000e+00 -1.000000e+00 0.000000e+00
    outer loop
      vertex   -8.661607e+00 0.000000e+00 3.902123e+00
      vertex   -8.514895e+00 0.000000e+00 -4.212667e+00
      vertex   -8.110371e+00 0.000000e+00 -4.946906e+00
    endloop
  endfacet
  facet normal 0.000000e+00 -1.000000e+00 0.000000e+00
    outer loop
      vertex   -8.853116e+00 0.000000e+00 -3.445625e+00
      vertex   -8.971881e+00 0.000000e+00 3.123356e+00
      vertex   -9.122401e+00 0.000000e+00 -2.651753e+00
    endloop
  endfacet
  facet normal 0.000000e+00 -1.000000e+00 0.000000e+00
    outer loop
      vertex   -9.122401e+00 0.000000e+00 -2.651753e+00
      vertex   -8.971881e+00 0.000000e+00 3.123356e+00
      vertex   -9.212293e+00 0.000000e+00 2.320269e+00
    endloop
  endfacet
  facet normal 0.000000e+00 -1.000000e+00 0.000000e+00
    outer loop
      vertex   -9.122401e+00 0.000000e+00 -2.651753e+00
      vertex   -9.212293e+00 0.000000e+00 2.320269e+00
      vertex   -9.320653e+00 0.000000e+00 -1.837233e+00
    endloop
  endfacet
  facet normal 0.000000e+00 -1.000000e+00 0.000000e+00
    outer loop
      vertex   -9.320653e+00 0.000000e+00 -1.837233e+00
      vertex   -9.212293e+00 0.000000e+00 2.320269e+00
      vertex   -9.380973e+00 0.000000e+00 1.499115e+00
    endloop
  endfacet
  facet normal 0.000000e+00 -1.000000e+00 0.000000e+00
    outer loop
      vertex   -9.320653e+00 0.000000e+00 -1.837233e+00
      vertex   -9.380973e+00 0.000000e+00 1.499115e+00
      vertex   -9.446328e+00 0.000000e+00 -1.008406e+00
    endloop
  endfacet
  facet normal 0.000000e+00 -1.000000e+00 0.000000e+00
    outer loop
      vertex   -9.446328e+00 0.000000e+00 -1.008406e+00
      vertex   -9.380973e+00 0.000000e+00 1.499115e+00
      vertex   -9.476606e+00 0.000000e+00 6.662874e-01
    endloop
  endfacet
  facet normal 0.000000e+00 -1.000000e+00 0.000000e+00
    outer loop
      vertex   -9.446328e+00 0.000000e+00 -1.008406e+00
      vertex   -9.476606e+00 0.000000e+00 6.662874e-01
      vertex   -9.498448e+00 0.000000e+00 -1.717281e-01
    endloop
  endfacet
  facet normal 0.000000e+00 -1.000000e+00 0.000000e+00
    outer loop
      vertex   -8.110371e+00 0.000000e+00 -4.946906e+00
      vertex   -7.642694e+00 0.000000e+00 -5.642626e+00
      vertex   -8.661607e+00 0.000000e+00 3.902123e+00
    endloop
  endfacet
  facet normal 0.000000e+00 -1.000000e+00 0.000000e+00
    outer loop
      vertex   -8.661607e+00 0.000000e+00 3.902123e+00
      vertex   -7.642694e+00 0.000000e+00 -5.642626e+00
      vertex   -7.115506e+00 0.000000e+00 -6.294408e+00
    endloop
  endfacet
  facet normal 0.000000e+00 -1.000000e+00 0.000000e+00
    outer loop
      vertex   -8.661607e+00 0.000000e+00 3.902123e+00
      vertex   -7.115506e+00 0.000000e+00 -6.294408e+00
      vertex   -6.532912e+00 0.000000e+00 -6.897178e+00
    endloop
  endfacet
  facet normal 0.000000e+00 -1.000000e+00 0.000000e+00
    outer loop
      vertex   -6.532912e+00 0.000000e+00 -6.897178e+00
      vertex   -5.899448e+00 0.000000e+00 -7.446241e+00
      vertex   -8.661607e+00 0.000000e+00 3.902123e+00
    endloop
  endfacet
  facet normal 0.000000e+00 -1.000000e+00 0.000000e+00
    outer loop
      vertex   -8.661607e+00 0.000000e+00 3.902123e+00
      vertex   -5.899448e+00 0.000000e+00 -7.446241e+00
      vertex   -5.220048e+00 0.000000e+00 -7.937323e+00
    endloop
  endfacet
  facet normal 0.000000e+00 -1.000000e+00 0.000000e+00
    outer loop
      vertex   -8.661607e+00 0.000000e+00 3.902123e+00
      vertex   -5.220048e+00 0.000000e+00 -7.937323e+00
      vertex   -4.500000e+00 0.000000e+00 -8.366600e+00
    endloop
  endfacet
endsolid
